999
dxflib 3.26.4.0
  0
SECTION
  2
HEADER
  9
$ACADVER
  1
AC1015
  9
$HANDSEED
  5
FFFF
  9
$ANGBASE
 50
0.0
  9
$ANGDIR
 70
0
  9
$ATTMODE
 70
1
  9
$AUNITS
 70
0
  9
$AUPREC
 70
0
  9
$CECOLOR
 62
256
  9
$CELTSCALE
 40
1.0
  9
$CHAMFERA
 40
0.0
  9
$CHAMFERB
 40
0.0
  9
$CHAMFERC
 40
0.0
  9
$CHAMFERD
 40
0.0
  9
$CMLJUST
 70
0
  9
$CMLSCALE
 40
20.0
  9
$DIMADEC
 70
0
  9
$DIMALT
 70
0
  9
$DIMALTD
 70
3
  9
$DIMALTF
 40
0.03937007874016
  9
$DIMALTRND
 40
0.0
  9
$DIMALTTD
 70
3
  9
$DIMALTTZ
 70
0
  9
$DIMALTU
 70
2
  9
$DIMALTZ
 70
0
  9
$DIMAPOST
  1

  9
$DIMASZ
 40
2.5
  9
$DIMATFIT
 70
3
  9
$DIMAUNIT
 70
0
  9
$DIMAZIN
 70
0
  9
$DIMBLK
  1
0
  9
$DIMBLK1
  1
0
  9
$DIMBLK2
  1
0
  9
$DIMCEN
 40
2.5
  9
$DIMCLRD
 70
0
  9
$DIMCLRE
 70
0
  9
$DIMDEC
 70
2
  9
$DIMDLE
 40
0.0
  9
$DIMDLI
 40
3.75
  9
$DIMDSEP
 70
46
  9
$DIMEXE
 40
1.25
  9
$DIMEXO
 40
0.625
  9
$DIMFRAC
 70
0
  9
$DIMGAP
 40
0.625
  9
$DIMJUST
 70
0
  9
$DIMLDRBLK
  1

  9
$DIMLFAC
 40
1.0
  9
$DIMLIM
 70
0
  9
$DIMLUNIT
 70
2
  9
$DIMLWD
 70
-2
  9
$DIMLWE
 70
-2
  9
$DIMPOST
  1

  9
$DIMRND
 40
0.0
  9
$DIMSAH
 70
0
  9
$DIMSCALE
 40
1.0
  9
$DIMSD1
 70
0
  9
$DIMSD2
 70
0
  9
$DIMSE1
 70
0
  9
$DIMSE2
 70
0
  9
$DIMSOXD
 70
0
  9
$DIMTAD
 70
1
  9
$DIMTDEC
 70
2
  9
$DIMTFAC
 40
1.0
  9
$DIMTIH
 70
0
  9
$DIMTIX
 70
0
  9
$DIMTM
 40
0.0
  9
$DIMTOFL
 70
1
  9
$DIMTOH
 70
0
  9
$DIMTOL
 70
0
  9
$DIMTOLJ
 70
0
  9
$DIMTP
 40
0.0
  9
$DIMTSZ
 40
0.0
  9
$DIMTVP
 40
0.0
  9
$DIMTXSTY
  7
Standard
  9
$DIMTXT
 40
2.5
  9
$DIMTZIN
 70
8
  9
$DIMUPT
 70
0
  9
$DIMZIN
 70
8
  9
$DISPSILH
 70
0
  9
$DWGCODEPAGE
  3
ANSI_1252
  9
$ELEVATION
 40
0.0
  9
$EXTMAX
 10
-100000000000000000000.0
 20
-100000000000000000000.0
 30
-100000000000000000000.0
  9
$EXTMIN
 10
100000000000000000000.0
 20
100000000000000000000.0
 30
100000000000000000000.0
  9
$FILLETRAD
 40
0.0
  9
$FILLMODE
 70
1
  9
$INSBASE
 10
0.0
 20
0.0
 30
0.0
  9
$INSUNITS
 70
4
  9
$LIMCHECK
 70
0
  9
$LIMMAX
 10
420.0
 20
297.0
  9
$LIMMIN
 10
0.0
 20
0.0
  9
$LTSCALE
 40
1.0
  9
$LUNITS
 70
2
  9
$LUPREC
 70
4
  9
$MAXACTVP
 70
64
  9
$MEASUREMENT
 70
1
  9
$MIRRTEXT
 70
0
  9
$ORTHOMODE
 70
0
  9
$PDMODE
 70
0
  9
$PDSIZE
 40
0.0
  9
$PELEVATION
 40
0.0
  9
$PEXTMAX
 10
0.0
 20
0.0
 30
0.0
  9
$PEXTMIN
 10
0.0
 20
0.0
 30
0.0
  9
$PINSBASE
 10
0.0
 20
0.0
 30
0.0
  9
$PLIMCHECK
 70
0
  9
$PLIMMAX
 10
12.0
 20
9.0
  9
$PLIMMIN
 10
0.0
 20
0.0
  9
$PLINEGEN
 70
0
  9
$PLINEWID
 40
0.0
  9
$PROXYGRAPHICS
 70
1
  9
$PSLTSCALE
 70
1
  9
$PUCSNAME
  2

  9
$PUCSORG
 10
0.0
 20
0.0
 30
0.0
  9
$PUCSXDIR
 10
1.0
 20
0.0
 30
0.0
  9
$PUCSYDIR
 10
0.0
 20
1.0
 30
0.0
  9
$QTEXTMODE
 70
0
  9
$REGENMODE
 70
1
  9
$SHADEDGE
 70
3
  9
$SHADEDIF
 70
70
  9
$SKETCHINC
 40
1.0
  9
$SKPOLY
 70
0
  9
$SPLFRAME
 70
0
  9
$SPLINESEGS
 70
8
  9
$SPLINETYPE
 70
6
  9
$SURFTAB1
 70
6
  9
$SURFTAB2
 70
6
  9
$SURFTYPE
 70
6
  9
$SURFU
 70
6
  9
$SURFV
 70
6
  9
$TEXTSIZE
 40
2.5
  9
$TEXTSTYLE
  7
Standard
  9
$THICKNESS
 40
0.0
  9
$TILEMODE
 70
1
  9
$TRACEWID
 40
1.0
  9
$TREEDEPTH
 70
3020
  9
$UCSNAME
  2

  9
$UCSORG
 10
0.0
 20
0.0
 30
0.0
  9
$UCSXDIR
 10
1.0
 20
0.0
 30
0.0
  9
$UCSYDIR
 10
0.0
 20
1.0
 30
0.0
  9
$UNITMODE
 70
0
  9
$USERI1
 70
0
  9
$USERI2
 70
0
  9
$USERI3
 70
0
  9
$USERI4
 70
0
  9
$USERI5
 70
0
  9
$USERR1
 40
0.0
  9
$USERR2
 40
0.0
  9
$USERR3
 40
0.0
  9
$USERR4
 40
0.0
  9
$USERR5
 40
0.0
  9
$USRTIMER
 70
1
  9
$VISRETAIN
 70
1
  0
ENDSEC
  0
SECTION
  2
TABLES
  0
TABLE
  2
VPORT
  5
8
100
AcDbSymbolTable
 70
1
  0
VPORT
  5
30
100
AcDbSymbolTableRecord
100
AcDbViewportTableRecord
  2
*Active
 70
0
 10
0.0
 20
0.0
 11
1.0
 21
1.0
 12
286.3055555555554861
 22
148.5
 13
0.0
 23
0.0
 14
10.0
 24
10.0
 15
10.0
 25
10.0
 16
0.0
 26
0.0
 36
1.0
 17
0.0
 27
0.0
 37
0.0
 40
297.0
 41
1.92798353909465
 42
50.0
 43
0.0
 44
0.0
 50
0.0
 51
0.0
 71
0
 72
100
 73
1
 74
3
 75
1
 76
1
 77
0
 78
0
281
0
 65
1
110
0.0
120
0.0
130
0.0
111
1.0
121
0.0
131
0.0
112
0.0
122
1.0
132
0.0
 79
0
146
0.0
  0
ENDTAB
  0
TABLE
  2
LTYPE
  5
5
100
AcDbSymbolTable
 70
41
  0
LTYPE
  5
16
100
AcDbSymbolTableRecord
100
AcDbLinetypeTableRecord
  2
Continuous
 70
0
  3
Solid line
 72
65
 73
0
 40
0.0
  0
LTYPE
  5
31
100
AcDbSymbolTableRecord
100
AcDbLinetypeTableRecord
  2
HIDDEN2
 70
0
  3
Hidden (.5x) _ _ _ _ _ _ _ _ _ _ _ _ _ _ _ _ _ 
 72
65
 73
2
 40
4.7624999999999993
 49
3.1749999999999998
 74
0
 49
-1.5874999999999999
 74
0
  0
LTYPE
  5
32
100
AcDbSymbolTableRecord
100
AcDbLinetypeTableRecord
  2
BORDER
 70
0
  3
Border __ __ . __ __ . __ __ . __ __ . __ __ .
 72
65
 73
6
 40
44.4499999999999957
 49
12.6999999999999993
 74
0
 49
-6.3499999999999996
 74
0
 49
12.6999999999999993
 74
0
 49
-6.2999999999999998
 74
0
 49
0.1
 74
0
 49
-6.2999999999999998
 74
0
  0
LTYPE
  5
33
100
AcDbSymbolTableRecord
100
AcDbLinetypeTableRecord
  2
ACAD_ISO15W100
 70
0
  3
ISO double-dash triple-dot __ __ . . . __ __ . .
 72
65
 73
10
 40
39.0000000000000071
 49
12.0
 74
0
 49
-3.0
 74
0
 49
12.0
 74
0
 49
-2.9500000000000002
 74
0
 49
0.1
 74
0
 49
-2.9000000000000004
 74
0
 49
0.1
 74
0
 49
-2.9000000000000004
 74
0
 49
0.1
 74
0
 49
-2.9500000000000002
 74
0
  0
LTYPE
  5
34
100
AcDbSymbolTableRecord
100
AcDbLinetypeTableRecord
  2
ACAD_ISO04W100
 70
0
  3
ISO long-dash dot ____ . ____ . ____ . ____ . _
 72
65
 73
4
 40
30.0
 49
24.0
 74
0
 49
-2.9500000000000002
 74
0
 49
0.1
 74
0
 49
-2.9500000000000002
 74
0
  0
LTYPE
  5
35
100
AcDbSymbolTableRecord
100
AcDbLinetypeTableRecord
  2
ACAD_ISO08W100
 70
0
  3
ISO long-dash short-dash ____ __ ____ __ ____ _
 72
65
 73
4
 40
36.0
 49
24.0
 74
0
 49
-3.0
 74
0
 49
6.0
 74
0
 49
-3.0
 74
0
  0
LTYPE
  5
36
100
AcDbSymbolTableRecord
100
AcDbLinetypeTableRecord
  2
ACAD_ISO05W100
 70
0
  3
ISO long-dash double-dot ____ .. ____ .. ____ . 
 72
65
 73
6
 40
33.0000000000000071
 49
24.0
 74
0
 49
-2.9500000000000002
 74
0
 49
0.1
 74
0
 49
-2.9000000000000004
 74
0
 49
0.1
 74
0
 49
-2.9500000000000002
 74
0
  0
LTYPE
  5
37
100
AcDbSymbolTableRecord
100
AcDbLinetypeTableRecord
  2
DASHED2
 70
0
  3
Dashed (.5x) _ _ _ _ _ _ _ _ _ _ _ _ _ _ _ _ _ 
 72
65
 73
2
 40
9.5249999999999986
 49
6.3499999999999996
 74
0
 49
-3.1749999999999998
 74
0
  0
LTYPE
  5
38
100
AcDbSymbolTableRecord
100
AcDbLinetypeTableRecord
  2
ACAD_ISO10W100
 70
0
  3
ISO dash dot __ . __ . __ . __ . __ . __ . __ . 
 72
65
 73
4
 40
18.0
 49
12.0
 74
0
 49
-2.9500000000000002
 74
0
 49
0.1
 74
0
 49
-2.9500000000000002
 74
0
  0
LTYPE
  5
39
100
AcDbSymbolTableRecord
100
AcDbLinetypeTableRecord
  2
HIDDEN
 70
0
  3
Hidden __ __ __ __ __ __ __ __ __ __ __ __ __ __
 72
65
 73
2
 40
9.5249999999999986
 49
6.3499999999999996
 74
0
 49
-3.1749999999999998
 74
0
  0
LTYPE
  5
15
100
AcDbSymbolTableRecord
100
AcDbLinetypeTableRecord
  2
ByLayer
 70
0
  3

 72
65
 73
0
 40
0.0
  0
LTYPE
  5
3A
100
AcDbSymbolTableRecord
100
AcDbLinetypeTableRecord
  2
DIVIDE2
 70
0
  3
Divide (.5x) __..__..__..__..__..__..__..__.._
 72
65
 73
6
 40
15.8749999999999982
 49
6.3499999999999996
 74
0
 49
-3.125
 74
0
 49
0.1
 74
0
 49
-3.0750000000000002
 74
0
 49
0.1
 74
0
 49
-3.125
 74
0
  0
LTYPE
  5
3B
100
AcDbSymbolTableRecord
100
AcDbLinetypeTableRecord
  2
ACAD_ISO13W100
 70
0
  3
ISO double-dash double-dot __ __ . . __ __ . . _
 72
65
 73
8
 40
36.0000000000000071
 49
12.0
 74
0
 49
-3.0
 74
0
 49
12.0
 74
0
 49
-2.9500000000000002
 74
0
 49
0.1
 74
0
 49
-2.9000000000000004
 74
0
 49
0.1
 74
0
 49
-2.9500000000000002
 74
0
  0
LTYPE
  5
3C
100
AcDbSymbolTableRecord
100
AcDbLinetypeTableRecord
  2
BORDER2
 70
0
  3
Border (.5x) __.__.__.__.__.__.__.__.__.__.__.
 72
65
 73
6
 40
22.2250000000000014
 49
6.3499999999999996
 74
0
 49
-3.1749999999999998
 74
0
 49
6.3499999999999996
 74
0
 49
-3.125
 74
0
 49
0.1
 74
0
 49
-3.125
 74
0
  0
LTYPE
  5
3D
100
AcDbSymbolTableRecord
100
AcDbLinetypeTableRecord
  2
ACAD_ISO14W100
 70
0
  3
ISO dash triple-dot __ . . . __ . . . __ . . . _
 72
65
 73
8
 40
24.0000000000000036
 49
12.0
 74
0
 49
-2.9500000000000002
 74
0
 49
0.1
 74
0
 49
-2.9000000000000004
 74
0
 49
0.1
 74
0
 49
-2.9000000000000004
 74
0
 49
0.1
 74
0
 49
-2.9500000000000002
 74
0
  0
LTYPE
  5
3E
100
AcDbSymbolTableRecord
100
AcDbLinetypeTableRecord
  2
ACAD_ISO02W100
 70
0
  3
ISO dash __ __ __ __ __ __ __ __ __ __ __ __ __
 72
65
 73
2
 40
15.0
 49
12.0
 74
0
 49
-3.0
 74
0
  0
LTYPE
  5
3F
100
AcDbSymbolTableRecord
100
AcDbLinetypeTableRecord
  2
DASHDOTX2
 70
0
  3
Dash dot (2x) ____  .  ____  .  ____  .  ___
 72
65
 73
4
 40
50.7999999999999972
 49
25.3999999999999986
 74
0
 49
-12.6499999999999986
 74
0
 49
0.1
 74
0
 49
-12.6499999999999986
 74
0
  0
LTYPE
  5
40
100
AcDbSymbolTableRecord
100
AcDbLinetypeTableRecord
  2
PHANTOM
 70
0
  3
Phantom ______  __  __  ______  __  __  ______ 
 72
65
 73
6
 40
63.5000000000000071
 49
31.75
 74
0
 49
-6.3499999999999996
 74
0
 49
6.3499999999999996
 74
0
 49
-6.3499999999999996
 74
0
 49
6.3499999999999996
 74
0
 49
-6.3499999999999996
 74
0
  0
LTYPE
  5
41
100
AcDbSymbolTableRecord
100
AcDbLinetypeTableRecord
  2
DOTX2
 70
0
  3
Dot (2x) .  .  .  .  .  .  .  .  .  .  .  .  .  .
 72
65
 73
2
 40
12.6999999999999993
 49
0.1
 74
0
 49
-12.5999999999999996
 74
0
  0
LTYPE
  5
42
100
AcDbSymbolTableRecord
100
AcDbLinetypeTableRecord
  2
DASHDOT
 70
0
  3
Dash dot __ . __ . __ . __ . __ . __ . __ . __
 72
65
 73
4
 40
25.4000000000000021
 49
12.6999999999999993
 74
0
 49
-6.2999999999999998
 74
0
 49
0.1
 74
0
 49
-6.2999999999999998
 74
0
  0
LTYPE
  5
43
100
AcDbSymbolTableRecord
100
AcDbLinetypeTableRecord
  2
DASHEDX2
 70
0
  3
Dashed (2x) ____  ____  ____  ____  ____  ___
 72
65
 73
2
 40
38.0999999999999943
 49
25.3999999999999986
 74
0
 49
-12.6999999999999993
 74
0
  0
LTYPE
  5
44
100
AcDbSymbolTableRecord
100
AcDbLinetypeTableRecord
  2
ACAD_ISO11W100
 70
0
  3
ISO double-dash dot __ __ . __ __ . __ __ . __ _
 72
65
 73
6
 40
33.0
 49
12.0
 74
0
 49
-3.0
 74
0
 49
12.0
 74
0
 49
-2.9500000000000002
 74
0
 49
0.1
 74
0
 49
-2.9500000000000002
 74
0
  0
LTYPE
  5
45
100
AcDbSymbolTableRecord
100
AcDbLinetypeTableRecord
  2
PHANTOM2
 70
0
  3
Phantom (.5x) ___ _ _ ___ _ _ ___ _ _ ___ _ _
 72
65
 73
6
 40
31.7500000000000036
 49
15.875
 74
0
 49
-3.1749999999999998
 74
0
 49
3.1749999999999998
 74
0
 49
-3.1749999999999998
 74
0
 49
3.1749999999999998
 74
0
 49
-3.1749999999999998
 74
0
  0
LTYPE
  5
46
100
AcDbSymbolTableRecord
100
AcDbLinetypeTableRecord
  2
DOT
 70
0
  3
Dot . . . . . . . . . . . . . . . . . . . . . . . .
 72
65
 73
2
 40
6.3499999999999996
 49
0.1
 74
0
 49
-6.25
 74
0
  0
LTYPE
  5
47
100
AcDbSymbolTableRecord
100
AcDbLinetypeTableRecord
  2
PHANTOMX2
 70
0
  3
Phantom (2x) ____________    ____    ____   _
 72
65
 73
6
 40
127.0000000000000142
 49
63.5
 74
0
 49
-12.6999999999999993
 74
0
 49
12.6999999999999993
 74
0
 49
-12.6999999999999993
 74
0
 49
12.6999999999999993
 74
0
 49
-12.6999999999999993
 74
0
  0
LTYPE
  5
48
100
AcDbSymbolTableRecord
100
AcDbLinetypeTableRecord
  2
ACAD_ISO09W100
 70
0
  3
ISO long-dash double-short-dash ____ __ __ ____
 72
65
 73
6
 40
45.0
 49
24.0
 74
0
 49
-3.0
 74
0
 49
6.0
 74
0
 49
-3.0
 74
0
 49
6.0
 74
0
 49
-3.0
 74
0
  0
LTYPE
  5
49
100
AcDbSymbolTableRecord
100
AcDbLinetypeTableRecord
  2
CENTER2
 70
0
  3
Center (.5x) ___ _ ___ _ ___ _ ___ _ ___ _ ___
 72
65
 73
4
 40
28.5750000000000028
 49
19.0500000000000007
 74
0
 49
-3.1749999999999998
 74
0
 49
3.1749999999999998
 74
0
 49
-3.1749999999999998
 74
0
  0
LTYPE
  5
4A
100
AcDbSymbolTableRecord
100
AcDbLinetypeTableRecord
  2
DIVIDEX2
 70
0
  3
Divide (2x) ________  .  .  ________  .  .  _
 72
65
 73
6
 40
63.5
 49
25.3999999999999986
 74
0
 49
-12.6499999999999986
 74
0
 49
0.1
 74
0
 49
-12.5999999999999979
 74
0
 49
0.1
 74
0
 49
-12.6499999999999986
 74
0
  0
LTYPE
  5
4B
100
AcDbSymbolTableRecord
100
AcDbLinetypeTableRecord
  2
ACAD_ISO06W100
 70
0
  3
ISO long-dash triple-dot ____ ... ____ ... ____
 72
65
 73
8
 40
36.0000000000000071
 49
24.0
 74
0
 49
-2.9500000000000002
 74
0
 49
0.1
 74
0
 49
-2.9000000000000004
 74
0
 49
0.1
 74
0
 49
-2.9000000000000004
 74
0
 49
0.1
 74
0
 49
-2.9500000000000002
 74
0
  0
LTYPE
  5
4C
100
AcDbSymbolTableRecord
100
AcDbLinetypeTableRecord
  2
BORDERX2
 70
0
  3
Border (2x) ____  ____  .  ____  ____  .  ___
 72
65
 73
6
 40
88.8999999999999773
 49
25.3999999999999986
 74
0
 49
-12.6999999999999993
 74
0
 49
25.3999999999999986
 74
0
 49
-12.6499999999999986
 74
0
 49
0.1
 74
0
 49
-12.6499999999999986
 74
0
  0
LTYPE
  5
4D
100
AcDbSymbolTableRecord
100
AcDbLinetypeTableRecord
  2
ACAD_ISO12W100
 70
0
  3
ISO dash double-dot __ . . __ . . __ . . __ . . 
 72
65
 73
6
 40
21.0
 49
12.0
 74
0
 49
-2.9500000000000002
 74
0
 49
0.1
 74
0
 49
-2.9000000000000004
 74
0
 49
0.1
 74
0
 49
-2.9500000000000002
 74
0
  0
LTYPE
  5
14
100
AcDbSymbolTableRecord
100
AcDbLinetypeTableRecord
  2
ByBlock
 70
0
  3

 72
65
 73
0
 40
0.0
  0
LTYPE
  5
4E
100
AcDbSymbolTableRecord
100
AcDbLinetypeTableRecord
  2
ACAD_ISO03W100
 70
0
  3
ISO dash space __    __    __    __    __    __
 72
65
 73
2
 40
30.0
 49
12.0
 74
0
 49
-18.0
 74
0
  0
LTYPE
  5
4F
100
AcDbSymbolTableRecord
100
AcDbLinetypeTableRecord
  2
DASHED
 70
0
  3
Dashed __ __ __ __ __ __ __ __ __ __ __ __ __ _
 72
65
 73
2
 40
19.0499999999999972
 49
12.6999999999999993
 74
0
 49
-6.3499999999999996
 74
0
  0
LTYPE
  5
50
100
AcDbSymbolTableRecord
100
AcDbLinetypeTableRecord
  2
DASHDOT2
 70
0
  3
Dash dot (.5x) _._._._._._._._._._._._._._._.
 72
65
 73
4
 40
12.6999999999999993
 49
6.3499999999999996
 74
0
 49
-3.125
 74
0
 49
0.1
 74
0
 49
-3.125
 74
0
  0
LTYPE
  5
51
100
AcDbSymbolTableRecord
100
AcDbLinetypeTableRecord
  2
DIVIDE
 70
0
  3
Divide ____ . . ____ . . ____ . . ____ . . ____
 72
65
 73
6
 40
31.7500000000000036
 49
12.6999999999999993
 74
0
 49
-6.2999999999999998
 74
0
 49
0.1
 74
0
 49
-6.25
 74
0
 49
0.1
 74
0
 49
-6.2999999999999998
 74
0
  0
LTYPE
  5
52
100
AcDbSymbolTableRecord
100
AcDbLinetypeTableRecord
  2
HIDDENX2
 70
0
  3
Hidden (2x) ____ ____ ____ ____ ____ ____ ____ 
 72
65
 73
2
 40
19.0499999999999972
 49
12.6999999999999993
 74
0
 49
-6.3499999999999996
 74
0
  0
LTYPE
  5
53
100
AcDbSymbolTableRecord
100
AcDbLinetypeTableRecord
  2
ACAD_ISO07W100
 70
0
  3
ISO dot . . . . . . . . . . . . . . . . . . . . 
 72
65
 73
2
 40
3.0
 49
0.1
 74
0
 49
-2.8999999999999999
 74
0
  0
LTYPE
  5
54
100
AcDbSymbolTableRecord
100
AcDbLinetypeTableRecord
  2
CENTER
 70
0
  3
Center ____ _ ____ _ ____ _ ____ _ ____ _ ____
 72
65
 73
4
 40
50.8000000000000043
 49
31.75
 74
0
 49
-6.3499999999999996
 74
0
 49
6.3499999999999996
 74
0
 49
-6.3499999999999996
 74
0
  0
LTYPE
  5
55
100
AcDbSymbolTableRecord
100
AcDbLinetypeTableRecord
  2
DOT2
 70
0
  3
Dot (.5x) ........................................
 72
65
 73
2
 40
3.1749999999999998
 49
0.1
 74
0
 49
-3.0749999999999997
 74
0
  0
LTYPE
  5
56
100
AcDbSymbolTableRecord
100
AcDbLinetypeTableRecord
  2
CENTERX2
 70
0
  3
Center (2x) ________  __  ________  __  _____
 72
65
 73
4
 40
101.6000000000000085
 49
63.5
 74
0
 49
-12.6999999999999993
 74
0
 49
12.6999999999999993
 74
0
 49
-12.6999999999999993
 74
0
  0
ENDTAB
  0
TABLE
  2
LAYER
  5
2
100
AcDbSymbolTable
 70
25
  0
LAYER
  5
57
100
AcDbSymbolTableRecord
100
AcDbLayerTableRecord
  2
Top Assembly Layer
 70
0
 62
123
420
3394713
  6
Continuous
370
-3
390
F
  0
LAYER
  5
58
100
AcDbSymbolTableRecord
100
AcDbLayerTableRecord
  2
Mechanical Layer
 70
0
 62
6
420
15737584
  6
Continuous
370
-3
390
F
  0
LAYER
  5
59
100
AcDbSymbolTableRecord
100
AcDbLayerTableRecord
  2
Bottom Silkscreen Layer
 70
0
 62
83
420
6736947
  6
Continuous
370
-3
390
F
  0
LAYER
  5
5A
100
AcDbSymbolTableRecord
100
AcDbLayerTableRecord
  2
Hole Layer
 70
0
 62
49
420
2236962
  6
Continuous
370
-3
390
F
  0
LAYER
  5
5B
100
AcDbSymbolTableRecord
100
AcDbLayerTableRecord
  2
Bottom Solder Mask Layer
 70
0
 62
200
420
11141375
  6
Continuous
370
-3
390
F
  0
LAYER
  5
5C
100
AcDbSymbolTableRecord
100
AcDbLayerTableRecord
  2
Ratline Layer
 70
0
 62
171
420
6579455
  6
Continuous
370
-3
390
F
  0
LAYER
  5
5D
100
AcDbSymbolTableRecord
100
AcDbLayerTableRecord
  2
3D Shell Bottom Layer
 70
0
 62
152
420
26316
  6
Continuous
370
-3
390
F
  0
LAYER
  5
5E
100
AcDbSymbolTableRecord
100
AcDbLayerTableRecord
  2
Board Outline Layer
 70
0
 62
6
420
16711935
  6
Continuous
370
-3
390
F
  0
LAYER
  5
5F
100
AcDbSymbolTableRecord
100
AcDbLayerTableRecord
  2
3D Shell Top Layer
 70
0
 62
7
420
16764159
  6
Continuous
370
-3
390
F
  0
LAYER
  5
60
100
AcDbSymbolTableRecord
100
AcDbLayerTableRecord
  2
Pin Soldering Layer
 70
0
 62
252
420
13408665
  6
Continuous
370
-3
390
F
  0
LAYER
  5
61
100
AcDbSymbolTableRecord
100
AcDbLayerTableRecord
  2
Multi-Layer
 70
0
 62
9
420
12632256
  6
Continuous
370
-3
390
F
  0
LAYER
  5
62
100
AcDbSymbolTableRecord
100
AcDbLayerTableRecord
  2
Drill Drawing Layer
 70
0
 62
134
420
32896
  6
Continuous
370
-3
390
F
  0
LAYER
  5
63
100
AcDbSymbolTableRecord
100
AcDbLayerTableRecord
  2
Component Marking Layer
 70
0
 62
111
420
6750156
  6
Continuous
370
-3
390
F
  0
LAYER
  5
10
100
AcDbSymbolTableRecord
100
AcDbLayerTableRecord
  2
0
 70
0
 62
7
420
16777215
  6
Continuous
370
-3
390
F
  0
LAYER
  5
64
100
AcDbSymbolTableRecord
100
AcDbLayerTableRecord
  2
Top Silkscreen Layer
 70
0
 62
40
420
16763904
  6
Continuous
370
-3
390
F
  0
LAYER
  5
65
100
AcDbSymbolTableRecord
100
AcDbLayerTableRecord
  2
3D Shell Outline Layer
 70
0
 62
101
420
6750105
  6
Continuous
370
-3
390
F
  0
LAYER
  5
66
100
AcDbSymbolTableRecord
100
AcDbLayerTableRecord
  2
Bottom Paste Mask Layer
 70
0
 62
14
420
8388608
  6
Continuous
370
-3
390
F
  0
LAYER
  5
67
100
AcDbSymbolTableRecord
100
AcDbLayerTableRecord
  2
Bottom Layer
 70
0
 62
5
420
255
  6
Continuous
370
-3
390
F
  0
LAYER
  5
68
100
AcDbSymbolTableRecord
100
AcDbLayerTableRecord
  2
Pin Floating Layer
 70
0
 62
211
420
16751103
  6
Continuous
370
-3
390
F
  0
LAYER
  5
69
100
AcDbSymbolTableRecord
100
AcDbLayerTableRecord
  2
Top Solder Mask Layer
 70
0
 62
214
420
8388736
  6
Continuous
370
-3
390
F
  0
LAYER
  5
6A
100
AcDbSymbolTableRecord
100
AcDbLayerTableRecord
  2
Top Layer
 70
0
 62
1
420
16711680
  6
Continuous
370
-3
390
F
  0
LAYER
  5
6B
100
AcDbSymbolTableRecord
100
AcDbLayerTableRecord
  2
Component Shape Layer
 70
0
 62
120
420
52428
  6
Continuous
370
-3
390
F
  0
LAYER
  5
6C
100
AcDbSymbolTableRecord
100
AcDbLayerTableRecord
  2
Top Paste Mask Layer
 70
0
 62
8
420
8421504
  6
Continuous
370
-3
390
F
  0
LAYER
  5
6D
100
AcDbSymbolTableRecord
100
AcDbLayerTableRecord
  2
Document Layer
 70
0
 62
7
420
16777215
  6
Continuous
370
-3
390
F
  0
LAYER
  5
6E
100
AcDbSymbolTableRecord
100
AcDbLayerTableRecord
  2
Bottom Assembly Layer
 70
0
 62
171
420
5592575
  6
Continuous
370
-3
390
F
  0
ENDTAB
  0
TABLE
  2
STYLE
  5
3
100
AcDbSymbolTable
 70
34
  0
STYLE
  5
6F
100
AcDbSymbolTableRecord
100
AcDbTextStyleTableRecord
  2
Standard
 70
0
 40
0.0
 41
1.0
 50
0.0
 71
0
 42
2.5
  3

  4

1001
ACAD
1000
txt
1071
0
  0
STYLE
  5
70
100
AcDbSymbolTableRecord
100
AcDbTextStyleTableRecord
  2
textstyle0
 70
0
 40
0.0
 41
1.0
 50
0.0
 71
0
 42
1.0668021336042672
  3

  4

1001
ACAD
1000
default
1071
0
  0
STYLE
  5
71
100
AcDbSymbolTableRecord
100
AcDbTextStyleTableRecord
  2
textstyle1
 70
0
 40
0.0
 41
1.0
 50
0.0
 71
0
 42
1.0668021336042672
  3

  4

1001
ACAD
1000
default
1071
0
  0
STYLE
  5
72
100
AcDbSymbolTableRecord
100
AcDbTextStyleTableRecord
  2
textstyle2
 70
0
 40
0.0
 41
1.0
 50
0.0
 71
0
 42
1.0668021336042672
  3

  4

1001
ACAD
1000
default
1071
0
  0
STYLE
  5
73
100
AcDbSymbolTableRecord
100
AcDbTextStyleTableRecord
  2
textstyle3
 70
0
 40
0.0
 41
1.0
 50
0.0
 71
0
 42
1.0668021336042672
  3

  4

1001
ACAD
1000
default
1071
0
  0
STYLE
  5
74
100
AcDbSymbolTableRecord
100
AcDbTextStyleTableRecord
  2
textstyle4
 70
0
 40
0.0
 41
1.0
 50
0.0
 71
0
 42
1.0668021336042672
  3

  4

1001
ACAD
1000
default
1071
0
  0
STYLE
  5
75
100
AcDbSymbolTableRecord
100
AcDbTextStyleTableRecord
  2
textstyle5
 70
0
 40
0.0
 41
1.0
 50
0.0
 71
0
 42
1.0668021336042672
  3

  4

1001
ACAD
1000
default
1071
0
  0
STYLE
  5
76
100
AcDbSymbolTableRecord
100
AcDbTextStyleTableRecord
  2
textstyle6
 70
0
 40
0.0
 41
1.0
 50
0.0
 71
0
 42
1.0668021336042672
  3

  4

1001
ACAD
1000
default
1071
0
  0
STYLE
  5
77
100
AcDbSymbolTableRecord
100
AcDbTextStyleTableRecord
  2
textstyle7
 70
0
 40
0.0
 41
1.0
 50
0.0
 71
0
 42
1.0668021336042672
  3

  4

1001
ACAD
1000
default
1071
0
  0
STYLE
  5
78
100
AcDbSymbolTableRecord
100
AcDbTextStyleTableRecord
  2
textstyle8
 70
0
 40
0.0
 41
1.0
 50
0.0
 71
0
 42
1.0668021336042672
  3

  4

1001
ACAD
1000
default
1071
0
  0
STYLE
  5
79
100
AcDbSymbolTableRecord
100
AcDbTextStyleTableRecord
  2
textstyle9
 70
0
 40
0.0
 41
1.0
 50
0.0
 71
0
 42
1.0668021336042672
  3

  4

1001
ACAD
1000
default
1071
0
  0
STYLE
  5
7A
100
AcDbSymbolTableRecord
100
AcDbTextStyleTableRecord
  2
textstyle10
 70
0
 40
0.0
 41
1.0
 50
0.0
 71
0
 42
1.0668021336042672
  3

  4

1001
ACAD
1000
default
1071
0
  0
STYLE
  5
7B
100
AcDbSymbolTableRecord
100
AcDbTextStyleTableRecord
  2
textstyle11
 70
0
 40
0.0
 41
1.0
 50
0.0
 71
0
 42
1.0668021336042672
  3

  4

1001
ACAD
1000
default
1071
0
  0
STYLE
  5
7C
100
AcDbSymbolTableRecord
100
AcDbTextStyleTableRecord
  2
textstyle12
 70
0
 40
0.0
 41
1.0
 50
0.0
 71
0
 42
1.0668021336042672
  3

  4

1001
ACAD
1000
default
1071
0
  0
STYLE
  5
7D
100
AcDbSymbolTableRecord
100
AcDbTextStyleTableRecord
  2
textstyle13
 70
0
 40
0.0
 41
1.0
 50
0.0
 71
0
 42
1.0668021336042672
  3

  4

1001
ACAD
1000
default
1071
0
  0
STYLE
  5
7E
100
AcDbSymbolTableRecord
100
AcDbTextStyleTableRecord
  2
textstyle14
 70
0
 40
0.0
 41
1.0
 50
0.0
 71
0
 42
1.0668021336042672
  3

  4

1001
ACAD
1000
default
1071
0
  0
STYLE
  5
7F
100
AcDbSymbolTableRecord
100
AcDbTextStyleTableRecord
  2
textstyle15
 70
0
 40
0.0
 41
1.0
 50
0.0
 71
0
 42
0.8001016002032005
  3

  4

1001
ACAD
1000
default
1071
0
  0
STYLE
  5
80
100
AcDbSymbolTableRecord
100
AcDbTextStyleTableRecord
  2
textstyle16
 70
0
 40
0.0
 41
1.0
 50
0.0
 71
0
 42
0.8001016002032005
  3

  4

1001
ACAD
1000
default
1071
0
  0
STYLE
  5
81
100
AcDbSymbolTableRecord
100
AcDbTextStyleTableRecord
  2
textstyle17
 70
0
 40
0.0
 41
1.0
 50
0.0
 71
0
 42
0.8001016002032005
  3

  4

1001
ACAD
1000
default
1071
0
  0
STYLE
  5
82
100
AcDbSymbolTableRecord
100
AcDbTextStyleTableRecord
  2
textstyle18
 70
0
 40
0.0
 41
1.0
 50
0.0
 71
0
 42
0.8001016002032005
  3

  4

1001
ACAD
1000
default
1071
0
  0
STYLE
  5
83
100
AcDbSymbolTableRecord
100
AcDbTextStyleTableRecord
  2
textstyle19
 70
0
 40
0.0
 41
1.0
 50
0.0
 71
0
 42
1.0668021336042672
  3

  4

1001
ACAD
1000
default
1071
0
  0
STYLE
  5
84
100
AcDbSymbolTableRecord
100
AcDbTextStyleTableRecord
  2
textstyle20
 70
0
 40
0.0
 41
1.0
 50
0.0
 71
0
 42
0.8001016002032005
  3

  4

1001
ACAD
1000
default
1071
0
  0
STYLE
  5
85
100
AcDbSymbolTableRecord
100
AcDbTextStyleTableRecord
  2
textstyle21
 70
0
 40
0.0
 41
1.0
 50
0.0
 71
0
 42
0.8001016002032005
  3

  4

1001
ACAD
1000
default
1071
0
  0
STYLE
  5
86
100
AcDbSymbolTableRecord
100
AcDbTextStyleTableRecord
  2
textstyle22
 70
0
 40
0.0
 41
1.0
 50
0.0
 71
0
 42
1.0668021336042672
  3

  4

1001
ACAD
1000
default
1071
0
  0
STYLE
  5
87
100
AcDbSymbolTableRecord
100
AcDbTextStyleTableRecord
  2
textstyle23
 70
0
 40
0.0
 41
1.0
 50
0.0
 71
0
 42
1.0668021336042672
  3

  4

1001
ACAD
1000
default
1071
0
  0
STYLE
  5
88
100
AcDbSymbolTableRecord
100
AcDbTextStyleTableRecord
  2
textstyle24
 70
0
 40
0.0
 41
1.0
 50
0.0
 71
0
 42
1.7780035560071124
  3

  4

1001
ACAD
1000
default
1071
0
  0
STYLE
  5
89
100
AcDbSymbolTableRecord
100
AcDbTextStyleTableRecord
  2
textstyle25
 70
0
 40
0.0
 41
1.0
 50
0.0
 71
0
 42
1.7780035560071124
  3

  4

1001
ACAD
1000
default
1071
0
  0
STYLE
  5
8A
100
AcDbSymbolTableRecord
100
AcDbTextStyleTableRecord
  2
textstyle26
 70
0
 40
0.0
 41
1.0
 50
0.0
 71
0
 42
1.0668021336042672
  3

  4

1001
ACAD
1000
default
1071
0
  0
STYLE
  5
8B
100
AcDbSymbolTableRecord
100
AcDbTextStyleTableRecord
  2
textstyle27
 70
0
 40
0.0
 41
1.0
 50
0.0
 71
0
 42
1.0668021336042672
  3

  4

1001
ACAD
1000
default
1071
0
  0
STYLE
  5
8C
100
AcDbSymbolTableRecord
100
AcDbTextStyleTableRecord
  2
textstyle28
 70
0
 40
0.0
 41
1.0
 50
0.0
 71
0
 42
1.0668021336042672
  3

  4

1001
ACAD
1000
default
1071
0
  0
STYLE
  5
8D
100
AcDbSymbolTableRecord
100
AcDbTextStyleTableRecord
  2
textstyle29
 70
0
 40
0.0
 41
1.0
 50
0.0
 71
0
 42
1.0668021336042672
  3

  4

1001
ACAD
1000
default
1071
0
  0
STYLE
  5
8E
100
AcDbSymbolTableRecord
100
AcDbTextStyleTableRecord
  2
textstyle30
 70
0
 40
0.0
 41
1.0
 50
0.0
 71
0
 42
5.0
  3

  4

1001
ACAD
1000
Arial
1071
0
  0
STYLE
  5
8F
100
AcDbSymbolTableRecord
100
AcDbTextStyleTableRecord
  2
textstyle31
 70
0
 40
0.0
 41
1.0
 50
0.0
 71
0
 42
5.0
  3

  4

1001
ACAD
1000
Arial
1071
0
  0
STYLE
  5
90
100
AcDbSymbolTableRecord
100
AcDbTextStyleTableRecord
  2
textstyle32
 70
0
 40
0.0
 41
1.0
 50
0.0
 71
0
 42
2.5
  3

  4

1001
ACAD
1000
Arial
1071
0
  0
ENDTAB
  0
TABLE
  2
VIEW
  5
6
100
AcDbSymbolTable
 70
0
  0
ENDTAB
  0
TABLE
  2
UCS
  5
7
100
AcDbSymbolTable
 70
0
  0
ENDTAB
  0
TABLE
  2
APPID
  5
9
100
AcDbSymbolTable
 70
1
  0
APPID
  5
12
100
AcDbSymbolTableRecord
100
AcDbRegAppTableRecord
  2
ACAD
 70
0
  0
APPID
  5
91
100
AcDbSymbolTableRecord
100
AcDbRegAppTableRecord
  2
QCAD
 70
0
  0
ENDTAB
  0
TABLE
  2
DIMSTYLE
  5
A
100
AcDbSymbolTable
 70
1
100
AcDbDimStyleTable
 71
0
  0
DIMSTYLE
105
27
100
AcDbSymbolTableRecord
100
AcDbDimStyleTableRecord
  2
Standard
 41
2.5
 42
0.625
 43
3.75
 44
1.25
 70
0
 73
0
 74
0
 77
1
 78
8
140
2.5
141
2.5
143
0.03937007874016
147
0.625
171
3
172
1
271
2
272
2
274
3
278
44
283
0
284
8
340
6F
  0
ENDTAB
  0
TABLE
  2
BLOCK_RECORD
  5
1
100
AcDbSymbolTable
 70
1
  0
BLOCK_RECORD
  5
1F
100
AcDbSymbolTableRecord
100
AcDbBlockTableRecord
  2
*Model_Space
340
22
  0
BLOCK_RECORD
  5
1B
100
AcDbSymbolTableRecord
100
AcDbBlockTableRecord
  2
*Paper_Space
340
1E
  0
BLOCK_RECORD
  5
23
100
AcDbSymbolTableRecord
100
AcDbBlockTableRecord
  2
*Paper_Space0
340
26
  0
ENDTAB
  0
ENDSEC
  0
SECTION
  2
BLOCKS
  0
BLOCK
  5
20
100
AcDbEntity
  8
0
100
AcDbBlockBegin
  2
*Model_Space
 70
0
 10
0.0
 20
0.0
 30
0.0
  3
*Model_Space
  1

  0
ENDBLK
  5
21
100
AcDbEntity
  8
0
100
AcDbBlockEnd
  0
BLOCK
  5
1C
100
AcDbEntity
 67
1
  8
0
100
AcDbBlockBegin
  2
*Paper_Space
 70
0
 10
0.0
 20
0.0
 30
0.0
  3
*Paper_Space
  1

  0
ENDBLK
  5
1D
100
AcDbEntity
 67
1
  8
0
100
AcDbBlockEnd
  0
BLOCK
  5
24
100
AcDbEntity
  8
0
100
AcDbBlockBegin
  2
*Paper_Space0
 70
0
 10
0.0
 20
0.0
 30
0.0
  3
*Paper_Space0
  1

  0
ENDBLK
  5
25
100
AcDbEntity
  8
0
100
AcDbBlockEnd
  0
ENDSEC
  0
SECTION
  2
ENTITIES
  0
HATCH
  5
92
100
AcDbEntity
  8
Bottom Layer
 62
256
370
-1
 48
1.0
  6
ByLayer
100
AcDbHatch
 10
0.0
 20
0.0
 30
0.0
210
0.0
220
0.0
230
1.0
  2
SOLID
 70
1
 71
0
 91
2
 92
1
 93
0
 97
0
 92
1
 93
2
 72
2
 10
53.5363068326136826
 20
3.8000076200152364
 40
0.381000762001527
 50
180.0
 51
0.0
 73
1
 72
2
 10
53.5363068326136826
 20
3.8000076200152364
 40
0.381000762001527
 50
0.0
 51
180.0
 73
1
 97
0
 75
0
 76
1
 98
0
1001
ACAD
1010
0.0
1020
0.0
1030
0
  0
HATCH
  5
93
100
AcDbEntity
  8
Bottom Layer
 62
256
370
-1
 48
1.0
  6
ByLayer
100
AcDbHatch
 10
0.0
 20
0.0
 30
0.0
210
0.0
220
0.0
230
1.0
  2
SOLID
 70
1
 71
0
 91
2
 92
1
 93
0
 97
0
 92
1
 93
2
 72
2
 10
53.5363068326136826
 20
3.8000076200152364
 40
0.381000762001527
 50
180.0
 51
0.0
 73
1
 72
2
 10
53.5363068326136826
 20
3.8000076200152364
 40
0.381000762001527
 50
0.0
 51
180.0
 73
1
 97
0
 75
0
 76
1
 98
0
1001
ACAD
1010
0.0
1020
0.0
1030
0
  0
HATCH
  5
94
100
AcDbEntity
  8
Bottom Layer
 62
256
370
-1
 48
1.0
  6
ByLayer
100
AcDbHatch
 10
0.0
 20
0.0
 30
0.0
210
0.0
220
0.0
230
1.0
  2
SOLID
 70
1
 71
0
 91
2
 92
1
 93
0
 97
0
 92
1
 93
2
 72
2
 10
54.2720142240284602
 20
2.0719100838201641
 40
0.381000762001527
 50
180.0
 51
0.0
 73
1
 72
2
 10
54.2720142240284602
 20
2.0719100838201641
 40
0.381000762001527
 50
0.0
 51
180.0
 73
1
 97
0
 75
0
 76
1
 98
0
1001
ACAD
1010
0.0
1020
0.0
1030
0
  0
HATCH
  5
95
100
AcDbEntity
  8
Bottom Layer
 62
256
370
-1
 48
1.0
  6
ByLayer
100
AcDbHatch
 10
0.0
 20
0.0
 30
0.0
210
0.0
220
0.0
230
1.0
  2
SOLID
 70
1
 71
0
 91
2
 92
1
 93
0
 97
0
 92
1
 93
2
 72
2
 10
54.2720142240284602
 20
2.0719100838201641
 40
0.381000762001527
 50
180.0
 51
0.0
 73
1
 72
2
 10
54.2720142240284602
 20
2.0719100838201641
 40
0.381000762001527
 50
0.0
 51
180.0
 73
1
 97
0
 75
0
 76
1
 98
0
1001
ACAD
1010
0.0
1020
0.0
1030
0
  0
HATCH
  5
96
100
AcDbEntity
  8
Bottom Layer
 62
256
370
-1
 48
1.0
  6
ByLayer
100
AcDbHatch
 10
0.0
 20
0.0
 30
0.0
210
0.0
220
0.0
230
1.0
  2
SOLID
 70
1
 71
0
 91
2
 92
1
 93
0
 97
0
 92
1
 93
2
 72
2
 10
56.0001117602235254
 20
1.3561163322326593
 40
0.381000762001527
 50
180.0
 51
0.0
 73
1
 72
2
 10
56.0001117602235254
 20
1.3561163322326593
 40
0.381000762001527
 50
0.0
 51
180.0
 73
1
 97
0
 75
0
 76
1
 98
0
1001
ACAD
1010
0.0
1020
0.0
1030
0
  0
HATCH
  5
97
100
AcDbEntity
  8
Bottom Layer
 62
256
370
-1
 48
1.0
  6
ByLayer
100
AcDbHatch
 10
0.0
 20
0.0
 30
0.0
210
0.0
220
0.0
230
1.0
  2
SOLID
 70
1
 71
0
 91
2
 92
1
 93
0
 97
0
 92
1
 93
2
 72
2
 10
56.0001117602235254
 20
1.3561163322326593
 40
0.381000762001527
 50
180.0
 51
0.0
 73
1
 72
2
 10
56.0001117602235254
 20
1.3561163322326593
 40
0.381000762001527
 50
0.0
 51
180.0
 73
1
 97
0
 75
0
 76
1
 98
0
1001
ACAD
1010
0.0
1020
0.0
1030
0
  0
HATCH
  5
98
100
AcDbEntity
  8
Bottom Layer
 62
256
370
-1
 48
1.0
  6
ByLayer
100
AcDbHatch
 10
0.0
 20
0.0
 30
0.0
210
0.0
220
0.0
230
1.0
  2
SOLID
 70
1
 71
0
 91
2
 92
1
 93
0
 97
0
 92
1
 93
2
 72
2
 10
57.7282042164084359
 20
2.0719151638303259
 40
0.381000762001527
 50
180.0
 51
0.0
 73
1
 72
2
 10
57.7282042164084359
 20
2.0719151638303259
 40
0.381000762001527
 50
0.0
 51
180.0
 73
1
 97
0
 75
0
 76
1
 98
0
1001
ACAD
1010
0.0
1020
0.0
1030
0
  0
HATCH
  5
99
100
AcDbEntity
  8
Bottom Layer
 62
256
370
-1
 48
1.0
  6
ByLayer
100
AcDbHatch
 10
0.0
 20
0.0
 30
0.0
210
0.0
220
0.0
230
1.0
  2
SOLID
 70
1
 71
0
 91
2
 92
1
 93
0
 97
0
 92
1
 93
2
 72
2
 10
57.7282042164084359
 20
2.0719151638303259
 40
0.381000762001527
 50
180.0
 51
0.0
 73
1
 72
2
 10
57.7282042164084359
 20
2.0719151638303259
 40
0.381000762001527
 50
0.0
 51
180.0
 73
1
 97
0
 75
0
 76
1
 98
0
1001
ACAD
1010
0.0
1020
0.0
1030
0
  0
HATCH
  5
9A
100
AcDbEntity
  8
Bottom Layer
 62
256
370
-1
 48
1.0
  6
ByLayer
100
AcDbHatch
 10
0.0
 20
0.0
 30
0.0
210
0.0
220
0.0
230
1.0
  2
SOLID
 70
1
 71
0
 91
2
 92
1
 93
0
 97
0
 92
1
 93
2
 72
2
 10
58.4440055880111728
 20
3.8000076200152364
 40
0.381000762001527
 50
180.0
 51
0.0
 73
1
 72
2
 10
58.4440055880111728
 20
3.8000076200152364
 40
0.381000762001527
 50
0.0
 51
180.0
 73
1
 97
0
 75
0
 76
1
 98
0
1001
ACAD
1010
0.0
1020
0.0
1030
0
  0
HATCH
  5
9B
100
AcDbEntity
  8
Bottom Layer
 62
256
370
-1
 48
1.0
  6
ByLayer
100
AcDbHatch
 10
0.0
 20
0.0
 30
0.0
210
0.0
220
0.0
230
1.0
  2
SOLID
 70
1
 71
0
 91
2
 92
1
 93
0
 97
0
 92
1
 93
2
 72
2
 10
58.4440055880111728
 20
3.8000076200152364
 40
0.381000762001527
 50
180.0
 51
0.0
 73
1
 72
2
 10
58.4440055880111728
 20
3.8000076200152364
 40
0.381000762001527
 50
0.0
 51
180.0
 73
1
 97
0
 75
0
 76
1
 98
0
1001
ACAD
1010
0.0
1020
0.0
1030
0
  0
HATCH
  5
9C
100
AcDbEntity
  8
Bottom Layer
 62
256
370
-1
 48
1.0
  6
ByLayer
100
AcDbHatch
 10
0.0
 20
0.0
 30
0.0
210
0.0
220
0.0
230
1.0
  2
SOLID
 70
1
 71
0
 91
2
 92
1
 93
0
 97
0
 92
1
 93
2
 72
2
 10
57.7282092964186049
 20
5.5281051562103087
 40
0.381000762001527
 50
180.0
 51
0.0
 73
1
 72
2
 10
57.7282092964186049
 20
5.5281051562103087
 40
0.381000762001527
 50
0.0
 51
180.0
 73
1
 97
0
 75
0
 76
1
 98
0
1001
ACAD
1010
0.0
1020
0.0
1030
0
  0
HATCH
  5
9D
100
AcDbEntity
  8
Bottom Layer
 62
256
370
-1
 48
1.0
  6
ByLayer
100
AcDbHatch
 10
0.0
 20
0.0
 30
0.0
210
0.0
220
0.0
230
1.0
  2
SOLID
 70
1
 71
0
 91
2
 92
1
 93
0
 97
0
 92
1
 93
2
 72
2
 10
57.7282092964186049
 20
5.5281051562103087
 40
0.381000762001527
 50
180.0
 51
0.0
 73
1
 72
2
 10
57.7282092964186049
 20
5.5281051562103087
 40
0.381000762001527
 50
0.0
 51
180.0
 73
1
 97
0
 75
0
 76
1
 98
0
1001
ACAD
1010
0.0
1020
0.0
1030
0
  0
HATCH
  5
9E
100
AcDbEntity
  8
Bottom Layer
 62
256
370
-1
 48
1.0
  6
ByLayer
100
AcDbHatch
 10
0.0
 20
0.0
 30
0.0
210
0.0
220
0.0
230
1.0
  2
SOLID
 70
1
 71
0
 91
2
 92
1
 93
0
 97
0
 92
1
 93
2
 72
2
 10
56.0001117602235254
 20
6.2439014478028909
 40
0.381000762001527
 50
180.0
 51
0.0
 73
1
 72
2
 10
56.0001117602235254
 20
6.2439014478028909
 40
0.381000762001527
 50
0.0
 51
180.0
 73
1
 97
0
 75
0
 76
1
 98
0
1001
ACAD
1010
0.0
1020
0.0
1030
0
  0
HATCH
  5
9F
100
AcDbEntity
  8
Bottom Layer
 62
256
370
-1
 48
1.0
  6
ByLayer
100
AcDbHatch
 10
0.0
 20
0.0
 30
0.0
210
0.0
220
0.0
230
1.0
  2
SOLID
 70
1
 71
0
 91
2
 92
1
 93
0
 97
0
 92
1
 93
2
 72
2
 10
56.0001117602235254
 20
6.2439014478028909
 40
0.381000762001527
 50
180.0
 51
0.0
 73
1
 72
2
 10
56.0001117602235254
 20
6.2439014478028909
 40
0.381000762001527
 50
0.0
 51
180.0
 73
1
 97
0
 75
0
 76
1
 98
0
1001
ACAD
1010
0.0
1020
0.0
1030
0
  0
HATCH
  5
A0
100
AcDbEntity
  8
Bottom Layer
 62
256
370
-1
 48
1.0
  6
ByLayer
100
AcDbHatch
 10
0.0
 20
0.0
 30
0.0
210
0.0
220
0.0
230
1.0
  2
SOLID
 70
1
 71
0
 91
2
 92
1
 93
0
 97
0
 92
1
 93
2
 72
2
 10
54.272019304038615
 20
5.5281000762001469
 40
0.381000762001527
 50
180.0
 51
0.0
 73
1
 72
2
 10
54.272019304038615
 20
5.5281000762001469
 40
0.381000762001527
 50
0.0
 51
180.0
 73
1
 97
0
 75
0
 76
1
 98
0
1001
ACAD
1010
0.0
1020
0.0
1030
0
  0
HATCH
  5
A1
100
AcDbEntity
  8
Bottom Layer
 62
256
370
-1
 48
1.0
  6
ByLayer
100
AcDbHatch
 10
0.0
 20
0.0
 30
0.0
210
0.0
220
0.0
230
1.0
  2
SOLID
 70
1
 71
0
 91
2
 92
1
 93
0
 97
0
 92
1
 93
2
 72
2
 10
54.272019304038615
 20
5.5281000762001469
 40
0.381000762001527
 50
180.0
 51
0.0
 73
1
 72
2
 10
54.272019304038615
 20
5.5281000762001469
 40
0.381000762001527
 50
0.0
 51
180.0
 73
1
 97
0
 75
0
 76
1
 98
0
1001
ACAD
1010
0.0
1020
0.0
1030
0
  0
HATCH
  5
A2
100
AcDbEntity
  8
Bottom Layer
 62
256
370
-1
 48
1.0
  6
ByLayer
100
AcDbHatch
 10
0.0
 20
0.0
 30
0.0
210
0.0
220
0.0
230
1.0
  2
SOLID
 70
1
 71
0
 91
2
 92
1
 93
0
 97
0
 92
1
 93
2
 72
2
 10
56.0001117602235254
 20
3.8000076200152364
 40
3.2500012700025422
 50
180.0
 51
0.0
 73
1
 72
2
 10
56.0001117602235254
 20
3.8000076200152364
 40
3.2500012700025422
 50
0.0
 51
180.0
 73
1
 97
0
 75
0
 76
1
 98
0
1001
ACAD
1010
0.0
1020
0.0
1030
0
  0
HATCH
  5
A3
100
AcDbEntity
  8
Bottom Layer
 62
256
370
-1
 48
1.0
  6
ByLayer
100
AcDbHatch
 10
0.0
 20
0.0
 30
0.0
210
0.0
220
0.0
230
1.0
  2
SOLID
 70
1
 71
0
 91
2
 92
1
 93
0
 97
0
 92
1
 93
2
 72
2
 10
56.0001117602235254
 20
3.8000076200152364
 40
3.2500012700025422
 50
180.0
 51
0.0
 73
1
 72
2
 10
56.0001117602235254
 20
3.8000076200152364
 40
3.2500012700025422
 50
0.0
 51
180.0
 73
1
 97
0
 75
0
 76
1
 98
0
1001
ACAD
1010
0.0
1020
0.0
1030
0
  0
HATCH
  5
A4
100
AcDbEntity
  8
Bottom Layer
 62
256
370
-1
 48
1.0
  6
ByLayer
100
AcDbHatch
 10
0.0
 20
0.0
 30
0.0
210
0.0
220
0.0
230
1.0
  2
SOLID
 70
1
 71
0
 91
2
 92
1
 93
0
 97
0
 92
1
 93
2
 72
2
 10
53.5363068326136826
 20
26.2000533401066882
 40
0.381000762001527
 50
180.0
 51
0.0
 73
1
 72
2
 10
53.5363068326136826
 20
26.2000533401066882
 40
0.381000762001527
 50
0.0
 51
180.0
 73
1
 97
0
 75
0
 76
1
 98
0
1001
ACAD
1010
0.0
1020
0.0
1030
0
  0
HATCH
  5
A5
100
AcDbEntity
  8
Bottom Layer
 62
256
370
-1
 48
1.0
  6
ByLayer
100
AcDbHatch
 10
0.0
 20
0.0
 30
0.0
210
0.0
220
0.0
230
1.0
  2
SOLID
 70
1
 71
0
 91
2
 92
1
 93
0
 97
0
 92
1
 93
2
 72
2
 10
53.5363068326136826
 20
26.2000533401066882
 40
0.381000762001527
 50
180.0
 51
0.0
 73
1
 72
2
 10
53.5363068326136826
 20
26.2000533401066882
 40
0.381000762001527
 50
0.0
 51
180.0
 73
1
 97
0
 75
0
 76
1
 98
0
1001
ACAD
1010
0.0
1020
0.0
1030
0
  0
HATCH
  5
A6
100
AcDbEntity
  8
Bottom Layer
 62
256
370
-1
 48
1.0
  6
ByLayer
100
AcDbHatch
 10
0.0
 20
0.0
 30
0.0
210
0.0
220
0.0
230
1.0
  2
SOLID
 70
1
 71
0
 91
2
 92
1
 93
0
 97
0
 92
1
 93
2
 72
2
 10
54.2720142240284602
 20
24.4719558039116123
 40
0.381000762001527
 50
180.0
 51
0.0
 73
1
 72
2
 10
54.2720142240284602
 20
24.4719558039116123
 40
0.381000762001527
 50
0.0
 51
180.0
 73
1
 97
0
 75
0
 76
1
 98
0
1001
ACAD
1010
0.0
1020
0.0
1030
0
  0
HATCH
  5
A7
100
AcDbEntity
  8
Bottom Layer
 62
256
370
-1
 48
1.0
  6
ByLayer
100
AcDbHatch
 10
0.0
 20
0.0
 30
0.0
210
0.0
220
0.0
230
1.0
  2
SOLID
 70
1
 71
0
 91
2
 92
1
 93
0
 97
0
 92
1
 93
2
 72
2
 10
54.2720142240284602
 20
24.4719558039116123
 40
0.381000762001527
 50
180.0
 51
0.0
 73
1
 72
2
 10
54.2720142240284602
 20
24.4719558039116123
 40
0.381000762001527
 50
0.0
 51
180.0
 73
1
 97
0
 75
0
 76
1
 98
0
1001
ACAD
1010
0.0
1020
0.0
1030
0
  0
HATCH
  5
A8
100
AcDbEntity
  8
Bottom Layer
 62
256
370
-1
 48
1.0
  6
ByLayer
100
AcDbHatch
 10
0.0
 20
0.0
 30
0.0
210
0.0
220
0.0
230
1.0
  2
SOLID
 70
1
 71
0
 91
2
 92
1
 93
0
 97
0
 92
1
 93
2
 72
2
 10
56.0001117602235254
 20
23.756162052324111
 40
0.381000762001527
 50
180.0
 51
0.0
 73
1
 72
2
 10
56.0001117602235254
 20
23.756162052324111
 40
0.381000762001527
 50
0.0
 51
180.0
 73
1
 97
0
 75
0
 76
1
 98
0
1001
ACAD
1010
0.0
1020
0.0
1030
0
  0
HATCH
  5
A9
100
AcDbEntity
  8
Bottom Layer
 62
256
370
-1
 48
1.0
  6
ByLayer
100
AcDbHatch
 10
0.0
 20
0.0
 30
0.0
210
0.0
220
0.0
230
1.0
  2
SOLID
 70
1
 71
0
 91
2
 92
1
 93
0
 97
0
 92
1
 93
2
 72
2
 10
56.0001117602235254
 20
23.756162052324111
 40
0.381000762001527
 50
180.0
 51
0.0
 73
1
 72
2
 10
56.0001117602235254
 20
23.756162052324111
 40
0.381000762001527
 50
0.0
 51
180.0
 73
1
 97
0
 75
0
 76
1
 98
0
1001
ACAD
1010
0.0
1020
0.0
1030
0
  0
HATCH
  5
AA
100
AcDbEntity
  8
Bottom Layer
 62
256
370
-1
 48
1.0
  6
ByLayer
100
AcDbHatch
 10
0.0
 20
0.0
 30
0.0
210
0.0
220
0.0
230
1.0
  2
SOLID
 70
1
 71
0
 91
2
 92
1
 93
0
 97
0
 92
1
 93
2
 72
2
 10
57.7282042164084359
 20
24.4719608839217742
 40
0.381000762001527
 50
180.0
 51
0.0
 73
1
 72
2
 10
57.7282042164084359
 20
24.4719608839217742
 40
0.381000762001527
 50
0.0
 51
180.0
 73
1
 97
0
 75
0
 76
1
 98
0
1001
ACAD
1010
0.0
1020
0.0
1030
0
  0
HATCH
  5
AB
100
AcDbEntity
  8
Bottom Layer
 62
256
370
-1
 48
1.0
  6
ByLayer
100
AcDbHatch
 10
0.0
 20
0.0
 30
0.0
210
0.0
220
0.0
230
1.0
  2
SOLID
 70
1
 71
0
 91
2
 92
1
 93
0
 97
0
 92
1
 93
2
 72
2
 10
57.7282042164084359
 20
24.4719608839217742
 40
0.381000762001527
 50
180.0
 51
0.0
 73
1
 72
2
 10
57.7282042164084359
 20
24.4719608839217742
 40
0.381000762001527
 50
0.0
 51
180.0
 73
1
 97
0
 75
0
 76
1
 98
0
1001
ACAD
1010
0.0
1020
0.0
1030
0
  0
HATCH
  5
AC
100
AcDbEntity
  8
Bottom Layer
 62
256
370
-1
 48
1.0
  6
ByLayer
100
AcDbHatch
 10
0.0
 20
0.0
 30
0.0
210
0.0
220
0.0
230
1.0
  2
SOLID
 70
1
 71
0
 91
2
 92
1
 93
0
 97
0
 92
1
 93
2
 72
2
 10
58.4440055880111728
 20
26.2000533401066882
 40
0.381000762001527
 50
180.0
 51
0.0
 73
1
 72
2
 10
58.4440055880111728
 20
26.2000533401066882
 40
0.381000762001527
 50
0.0
 51
180.0
 73
1
 97
0
 75
0
 76
1
 98
0
1001
ACAD
1010
0.0
1020
0.0
1030
0
  0
HATCH
  5
AD
100
AcDbEntity
  8
Bottom Layer
 62
256
370
-1
 48
1.0
  6
ByLayer
100
AcDbHatch
 10
0.0
 20
0.0
 30
0.0
210
0.0
220
0.0
230
1.0
  2
SOLID
 70
1
 71
0
 91
2
 92
1
 93
0
 97
0
 92
1
 93
2
 72
2
 10
58.4440055880111728
 20
26.2000533401066882
 40
0.381000762001527
 50
180.0
 51
0.0
 73
1
 72
2
 10
58.4440055880111728
 20
26.2000533401066882
 40
0.381000762001527
 50
0.0
 51
180.0
 73
1
 97
0
 75
0
 76
1
 98
0
1001
ACAD
1010
0.0
1020
0.0
1030
0
  0
HATCH
  5
AE
100
AcDbEntity
  8
Bottom Layer
 62
256
370
-1
 48
1.0
  6
ByLayer
100
AcDbHatch
 10
0.0
 20
0.0
 30
0.0
210
0.0
220
0.0
230
1.0
  2
SOLID
 70
1
 71
0
 91
2
 92
1
 93
0
 97
0
 92
1
 93
2
 72
2
 10
57.7282092964186049
 20
27.9281508763017605
 40
0.381000762001527
 50
180.0
 51
0.0
 73
1
 72
2
 10
57.7282092964186049
 20
27.9281508763017605
 40
0.381000762001527
 50
0.0
 51
180.0
 73
1
 97
0
 75
0
 76
1
 98
0
1001
ACAD
1010
0.0
1020
0.0
1030
0
  0
HATCH
  5
AF
100
AcDbEntity
  8
Bottom Layer
 62
256
370
-1
 48
1.0
  6
ByLayer
100
AcDbHatch
 10
0.0
 20
0.0
 30
0.0
210
0.0
220
0.0
230
1.0
  2
SOLID
 70
1
 71
0
 91
2
 92
1
 93
0
 97
0
 92
1
 93
2
 72
2
 10
57.7282092964186049
 20
27.9281508763017605
 40
0.381000762001527
 50
180.0
 51
0.0
 73
1
 72
2
 10
57.7282092964186049
 20
27.9281508763017605
 40
0.381000762001527
 50
0.0
 51
180.0
 73
1
 97
0
 75
0
 76
1
 98
0
1001
ACAD
1010
0.0
1020
0.0
1030
0
  0
HATCH
  5
B0
100
AcDbEntity
  8
Bottom Layer
 62
256
370
-1
 48
1.0
  6
ByLayer
100
AcDbHatch
 10
0.0
 20
0.0
 30
0.0
210
0.0
220
0.0
230
1.0
  2
SOLID
 70
1
 71
0
 91
2
 92
1
 93
0
 97
0
 92
1
 93
2
 72
2
 10
56.0001117602235254
 20
28.6439471678943427
 40
0.381000762001527
 50
180.0
 51
0.0
 73
1
 72
2
 10
56.0001117602235254
 20
28.6439471678943427
 40
0.381000762001527
 50
0.0
 51
180.0
 73
1
 97
0
 75
0
 76
1
 98
0
1001
ACAD
1010
0.0
1020
0.0
1030
0
  0
HATCH
  5
B1
100
AcDbEntity
  8
Bottom Layer
 62
256
370
-1
 48
1.0
  6
ByLayer
100
AcDbHatch
 10
0.0
 20
0.0
 30
0.0
210
0.0
220
0.0
230
1.0
  2
SOLID
 70
1
 71
0
 91
2
 92
1
 93
0
 97
0
 92
1
 93
2
 72
2
 10
56.0001117602235254
 20
28.6439471678943427
 40
0.381000762001527
 50
180.0
 51
0.0
 73
1
 72
2
 10
56.0001117602235254
 20
28.6439471678943427
 40
0.381000762001527
 50
0.0
 51
180.0
 73
1
 97
0
 75
0
 76
1
 98
0
1001
ACAD
1010
0.0
1020
0.0
1030
0
  0
HATCH
  5
B2
100
AcDbEntity
  8
Bottom Layer
 62
256
370
-1
 48
1.0
  6
ByLayer
100
AcDbHatch
 10
0.0
 20
0.0
 30
0.0
210
0.0
220
0.0
230
1.0
  2
SOLID
 70
1
 71
0
 91
2
 92
1
 93
0
 97
0
 92
1
 93
2
 72
2
 10
54.272019304038615
 20
27.9281457962915987
 40
0.381000762001527
 50
180.0
 51
0.0
 73
1
 72
2
 10
54.272019304038615
 20
27.9281457962915987
 40
0.381000762001527
 50
0.0
 51
180.0
 73
1
 97
0
 75
0
 76
1
 98
0
1001
ACAD
1010
0.0
1020
0.0
1030
0
  0
HATCH
  5
B3
100
AcDbEntity
  8
Bottom Layer
 62
256
370
-1
 48
1.0
  6
ByLayer
100
AcDbHatch
 10
0.0
 20
0.0
 30
0.0
210
0.0
220
0.0
230
1.0
  2
SOLID
 70
1
 71
0
 91
2
 92
1
 93
0
 97
0
 92
1
 93
2
 72
2
 10
54.272019304038615
 20
27.9281457962915987
 40
0.381000762001527
 50
180.0
 51
0.0
 73
1
 72
2
 10
54.272019304038615
 20
27.9281457962915987
 40
0.381000762001527
 50
0.0
 51
180.0
 73
1
 97
0
 75
0
 76
1
 98
0
1001
ACAD
1010
0.0
1020
0.0
1030
0
  0
HATCH
  5
B4
100
AcDbEntity
  8
Bottom Layer
 62
256
370
-1
 48
1.0
  6
ByLayer
100
AcDbHatch
 10
0.0
 20
0.0
 30
0.0
210
0.0
220
0.0
230
1.0
  2
SOLID
 70
1
 71
0
 91
2
 92
1
 93
0
 97
0
 92
1
 93
2
 72
2
 10
56.0001117602235254
 20
26.2000533401066882
 40
3.2500012700025422
 50
180.0
 51
0.0
 73
1
 72
2
 10
56.0001117602235254
 20
26.2000533401066882
 40
3.2500012700025422
 50
0.0
 51
180.0
 73
1
 97
0
 75
0
 76
1
 98
0
1001
ACAD
1010
0.0
1020
0.0
1030
0
  0
HATCH
  5
B5
100
AcDbEntity
  8
Bottom Layer
 62
256
370
-1
 48
1.0
  6
ByLayer
100
AcDbHatch
 10
0.0
 20
0.0
 30
0.0
210
0.0
220
0.0
230
1.0
  2
SOLID
 70
1
 71
0
 91
2
 92
1
 93
0
 97
0
 92
1
 93
2
 72
2
 10
56.0001117602235254
 20
26.2000533401066882
 40
3.2500012700025422
 50
180.0
 51
0.0
 73
1
 72
2
 10
56.0001117602235254
 20
26.2000533401066882
 40
3.2500012700025422
 50
0.0
 51
180.0
 73
1
 97
0
 75
0
 76
1
 98
0
1001
ACAD
1010
0.0
1020
0.0
1030
0
  0
HATCH
  5
B6
100
AcDbEntity
  8
Bottom Layer
 62
256
370
-1
 48
1.0
  6
ByLayer
100
AcDbHatch
 10
0.0
 20
0.0
 30
0.0
210
0.0
220
0.0
230
1.0
  2
SOLID
 70
1
 71
0
 91
2
 92
1
 93
0
 97
0
 92
1
 93
2
 72
2
 10
19.6850393700787443
 20
24.3840487680975393
 40
1.0
 50
180.0
 51
0.0
 73
1
 72
2
 10
19.6850393700787443
 20
24.3840487680975393
 40
1.0
 50
0.0
 51
180.0
 73
1
 97
0
 75
0
 76
1
 98
0
1001
ACAD
1010
0.0
1020
0.0
1030
0
  0
HATCH
  5
B7
100
AcDbEntity
  8
Bottom Layer
 62
256
370
-1
 48
1.0
  6
ByLayer
100
AcDbHatch
 10
0.0
 20
0.0
 30
0.0
210
0.0
220
0.0
230
1.0
  2
SOLID
 70
1
 71
0
 91
2
 92
1
 93
0
 97
0
 92
1
 93
2
 72
2
 10
19.6850393700787443
 20
24.3840487680975393
 40
1.0
 50
180.0
 51
0.0
 73
1
 72
2
 10
19.6850393700787443
 20
24.3840487680975393
 40
1.0
 50
0.0
 51
180.0
 73
1
 97
0
 75
0
 76
1
 98
0
1001
ACAD
1010
0.0
1020
0.0
1030
0
  0
HATCH
  5
B8
100
AcDbEntity
  8
Bottom Layer
 62
256
370
-1
 48
1.0
  6
ByLayer
100
AcDbHatch
 10
0.0
 20
0.0
 30
0.0
210
0.0
220
0.0
230
1.0
  2
SOLID
 70
1
 71
0
 91
2
 92
1
 93
0
 97
0
 92
1
 93
2
 72
2
 10
14.6050292100584223
 20
24.3840487680975393
 40
1.0
 50
180.0
 51
0.0
 73
1
 72
2
 10
14.6050292100584223
 20
24.3840487680975393
 40
1.0
 50
0.0
 51
180.0
 73
1
 97
0
 75
0
 76
1
 98
0
1001
ACAD
1010
0.0
1020
0.0
1030
0
  0
HATCH
  5
B9
100
AcDbEntity
  8
Bottom Layer
 62
256
370
-1
 48
1.0
  6
ByLayer
100
AcDbHatch
 10
0.0
 20
0.0
 30
0.0
210
0.0
220
0.0
230
1.0
  2
SOLID
 70
1
 71
0
 91
2
 92
1
 93
0
 97
0
 92
1
 93
2
 72
2
 10
14.6050292100584223
 20
24.3840487680975393
 40
1.0
 50
180.0
 51
0.0
 73
1
 72
2
 10
14.6050292100584223
 20
24.3840487680975393
 40
1.0
 50
0.0
 51
180.0
 73
1
 97
0
 75
0
 76
1
 98
0
1001
ACAD
1010
0.0
1020
0.0
1030
0
  0
LWPOLYLINE
  5
BA
100
AcDbEntity
  8
Bottom Layer
 62
256
370
-1
 48
1.0
  6
ByLayer
100
AcDbPolyline
 90
4
 70
1
 10
7.5700127000253978
 20
28.5000558801117698
 10
5.9700127000253929
 20
28.5000558801117698
 10
5.9700127000253929
 20
26.9000558801117684
 10
7.5700127000253978
 20
26.9000558801117684
  0
HATCH
  5
BB
100
AcDbEntity
  8
Bottom Layer
 62
256
370
-1
 48
1.0
  6
ByLayer
100
AcDbHatch
 10
0.0
 20
0.0
 30
0.0
210
0.0
220
0.0
230
1.0
  2
SOLID
 70
1
 71
0
 91
2
 92
1
 93
0
 97
0
 92
1
 93
4
 72
1
 10
7.5700127000253978
 20
28.5000558801117698
 11
5.9700127000253929
 21
28.5000558801117698
 72
1
 10
5.9700127000253929
 20
28.5000558801117698
 11
5.9700127000253929
 21
26.9000558801117684
 72
1
 10
5.9700127000253929
 20
26.9000558801117684
 11
7.5700127000253978
 21
26.9000558801117684
 72
1
 10
7.5700127000253978
 20
26.9000558801117684
 11
7.5700127000253978
 21
28.5000558801117698
 97
0
 75
0
 76
1
 98
0
1001
ACAD
1010
0.0
1020
0.0
1030
0
  0
HATCH
  5
BC
100
AcDbEntity
  8
Bottom Layer
 62
256
370
-1
 48
1.0
  6
ByLayer
100
AcDbHatch
 10
0.0
 20
0.0
 30
0.0
210
0.0
220
0.0
230
1.0
  2
SOLID
 70
1
 71
0
 91
2
 92
1
 93
0
 97
0
 92
1
 93
2
 72
2
 10
4.2300076200152343
 20
27.7000558801117691
 40
0.7999999999999998
 50
180.0
 51
0.0
 73
1
 72
2
 10
4.2300076200152343
 20
27.7000558801117691
 40
0.7999999999999998
 50
0.0
 51
180.0
 73
1
 97
0
 75
0
 76
1
 98
0
1001
ACAD
1010
0.0
1020
0.0
1030
0
  0
HATCH
  5
BD
100
AcDbEntity
  8
Bottom Layer
 62
256
370
-1
 48
1.0
  6
ByLayer
100
AcDbHatch
 10
0.0
 20
0.0
 30
0.0
210
0.0
220
0.0
230
1.0
  2
SOLID
 70
1
 71
0
 91
2
 92
1
 93
0
 97
0
 92
1
 93
2
 72
2
 10
4.2300076200152343
 20
27.7000558801117691
 40
0.7999999999999998
 50
180.0
 51
0.0
 73
1
 72
2
 10
4.2300076200152343
 20
27.7000558801117691
 40
0.7999999999999998
 50
0.0
 51
180.0
 73
1
 97
0
 75
0
 76
1
 98
0
1001
ACAD
1010
0.0
1020
0.0
1030
0
  0
HATCH
  5
BE
100
AcDbEntity
  8
Bottom Layer
 62
256
370
-1
 48
1.0
  6
ByLayer
100
AcDbHatch
 10
0.0
 20
0.0
 30
0.0
210
0.0
220
0.0
230
1.0
  2
SOLID
 70
1
 71
0
 91
2
 92
1
 93
0
 97
0
 92
1
 93
2
 72
2
 10
6.7700127000254007
 20
25.1600508001016081
 40
0.7999999999999998
 50
180.0
 51
0.0
 73
1
 72
2
 10
6.7700127000254007
 20
25.1600508001016081
 40
0.7999999999999998
 50
0.0
 51
180.0
 73
1
 97
0
 75
0
 76
1
 98
0
1001
ACAD
1010
0.0
1020
0.0
1030
0
  0
HATCH
  5
BF
100
AcDbEntity
  8
Bottom Layer
 62
256
370
-1
 48
1.0
  6
ByLayer
100
AcDbHatch
 10
0.0
 20
0.0
 30
0.0
210
0.0
220
0.0
230
1.0
  2
SOLID
 70
1
 71
0
 91
2
 92
1
 93
0
 97
0
 92
1
 93
2
 72
2
 10
6.7700127000254007
 20
25.1600508001016081
 40
0.7999999999999998
 50
180.0
 51
0.0
 73
1
 72
2
 10
6.7700127000254007
 20
25.1600508001016081
 40
0.7999999999999998
 50
0.0
 51
180.0
 73
1
 97
0
 75
0
 76
1
 98
0
1001
ACAD
1010
0.0
1020
0.0
1030
0
  0
HATCH
  5
C0
100
AcDbEntity
  8
Bottom Layer
 62
256
370
-1
 48
1.0
  6
ByLayer
100
AcDbHatch
 10
0.0
 20
0.0
 30
0.0
210
0.0
220
0.0
230
1.0
  2
SOLID
 70
1
 71
0
 91
2
 92
1
 93
0
 97
0
 92
1
 93
2
 72
2
 10
4.2300076200152343
 20
25.1600508001016081
 40
0.7999999999999998
 50
180.0
 51
0.0
 73
1
 72
2
 10
4.2300076200152343
 20
25.1600508001016081
 40
0.7999999999999998
 50
0.0
 51
180.0
 73
1
 97
0
 75
0
 76
1
 98
0
1001
ACAD
1010
0.0
1020
0.0
1030
0
  0
HATCH
  5
C1
100
AcDbEntity
  8
Bottom Layer
 62
256
370
-1
 48
1.0
  6
ByLayer
100
AcDbHatch
 10
0.0
 20
0.0
 30
0.0
210
0.0
220
0.0
230
1.0
  2
SOLID
 70
1
 71
0
 91
2
 92
1
 93
0
 97
0
 92
1
 93
2
 72
2
 10
4.2300076200152343
 20
25.1600508001016081
 40
0.7999999999999998
 50
180.0
 51
0.0
 73
1
 72
2
 10
4.2300076200152343
 20
25.1600508001016081
 40
0.7999999999999998
 50
0.0
 51
180.0
 73
1
 97
0
 75
0
 76
1
 98
0
1001
ACAD
1010
0.0
1020
0.0
1030
0
  0
HATCH
  5
C2
100
AcDbEntity
  8
Bottom Layer
 62
256
370
-1
 48
1.0
  6
ByLayer
100
AcDbHatch
 10
0.0
 20
0.0
 30
0.0
210
0.0
220
0.0
230
1.0
  2
SOLID
 70
1
 71
0
 91
2
 92
1
 93
0
 97
0
 92
1
 93
2
 72
2
 10
6.7700127000254007
 20
22.6200457200914471
 40
0.7999999999999998
 50
180.0
 51
0.0
 73
1
 72
2
 10
6.7700127000254007
 20
22.6200457200914471
 40
0.7999999999999998
 50
0.0
 51
180.0
 73
1
 97
0
 75
0
 76
1
 98
0
1001
ACAD
1010
0.0
1020
0.0
1030
0
  0
HATCH
  5
C3
100
AcDbEntity
  8
Bottom Layer
 62
256
370
-1
 48
1.0
  6
ByLayer
100
AcDbHatch
 10
0.0
 20
0.0
 30
0.0
210
0.0
220
0.0
230
1.0
  2
SOLID
 70
1
 71
0
 91
2
 92
1
 93
0
 97
0
 92
1
 93
2
 72
2
 10
6.7700127000254007
 20
22.6200457200914471
 40
0.7999999999999998
 50
180.0
 51
0.0
 73
1
 72
2
 10
6.7700127000254007
 20
22.6200457200914471
 40
0.7999999999999998
 50
0.0
 51
180.0
 73
1
 97
0
 75
0
 76
1
 98
0
1001
ACAD
1010
0.0
1020
0.0
1030
0
  0
HATCH
  5
C4
100
AcDbEntity
  8
Bottom Layer
 62
256
370
-1
 48
1.0
  6
ByLayer
100
AcDbHatch
 10
0.0
 20
0.0
 30
0.0
210
0.0
220
0.0
230
1.0
  2
SOLID
 70
1
 71
0
 91
2
 92
1
 93
0
 97
0
 92
1
 93
2
 72
2
 10
4.2300076200152379
 20
22.6200457200914471
 40
0.7999999999999998
 50
180.0
 51
0.0
 73
1
 72
2
 10
4.2300076200152379
 20
22.6200457200914471
 40
0.7999999999999998
 50
0.0
 51
180.0
 73
1
 97
0
 75
0
 76
1
 98
0
1001
ACAD
1010
0.0
1020
0.0
1030
0
  0
HATCH
  5
C5
100
AcDbEntity
  8
Bottom Layer
 62
256
370
-1
 48
1.0
  6
ByLayer
100
AcDbHatch
 10
0.0
 20
0.0
 30
0.0
210
0.0
220
0.0
230
1.0
  2
SOLID
 70
1
 71
0
 91
2
 92
1
 93
0
 97
0
 92
1
 93
2
 72
2
 10
4.2300076200152379
 20
22.6200457200914471
 40
0.7999999999999998
 50
180.0
 51
0.0
 73
1
 72
2
 10
4.2300076200152379
 20
22.6200457200914471
 40
0.7999999999999998
 50
0.0
 51
180.0
 73
1
 97
0
 75
0
 76
1
 98
0
1001
ACAD
1010
0.0
1020
0.0
1030
0
  0
HATCH
  5
C6
100
AcDbEntity
  8
Bottom Layer
 62
256
370
-1
 48
1.0
  6
ByLayer
100
AcDbHatch
 10
0.0
 20
0.0
 30
0.0
210
0.0
220
0.0
230
1.0
  2
SOLID
 70
1
 71
0
 91
2
 92
1
 93
0
 97
0
 92
1
 93
2
 72
2
 10
6.7700127000254007
 20
20.0800406400812861
 40
0.7999999999999998
 50
180.0
 51
0.0
 73
1
 72
2
 10
6.7700127000254007
 20
20.0800406400812861
 40
0.7999999999999998
 50
0.0
 51
180.0
 73
1
 97
0
 75
0
 76
1
 98
0
1001
ACAD
1010
0.0
1020
0.0
1030
0
  0
HATCH
  5
C7
100
AcDbEntity
  8
Bottom Layer
 62
256
370
-1
 48
1.0
  6
ByLayer
100
AcDbHatch
 10
0.0
 20
0.0
 30
0.0
210
0.0
220
0.0
230
1.0
  2
SOLID
 70
1
 71
0
 91
2
 92
1
 93
0
 97
0
 92
1
 93
2
 72
2
 10
6.7700127000254007
 20
20.0800406400812861
 40
0.7999999999999998
 50
180.0
 51
0.0
 73
1
 72
2
 10
6.7700127000254007
 20
20.0800406400812861
 40
0.7999999999999998
 50
0.0
 51
180.0
 73
1
 97
0
 75
0
 76
1
 98
0
1001
ACAD
1010
0.0
1020
0.0
1030
0
  0
HATCH
  5
C8
100
AcDbEntity
  8
Bottom Layer
 62
256
370
-1
 48
1.0
  6
ByLayer
100
AcDbHatch
 10
0.0
 20
0.0
 30
0.0
210
0.0
220
0.0
230
1.0
  2
SOLID
 70
1
 71
0
 91
2
 92
1
 93
0
 97
0
 92
1
 93
2
 72
2
 10
4.2300076200152379
 20
20.0800406400812861
 40
0.7999999999999998
 50
180.0
 51
0.0
 73
1
 72
2
 10
4.2300076200152379
 20
20.0800406400812861
 40
0.7999999999999998
 50
0.0
 51
180.0
 73
1
 97
0
 75
0
 76
1
 98
0
1001
ACAD
1010
0.0
1020
0.0
1030
0
  0
HATCH
  5
C9
100
AcDbEntity
  8
Bottom Layer
 62
256
370
-1
 48
1.0
  6
ByLayer
100
AcDbHatch
 10
0.0
 20
0.0
 30
0.0
210
0.0
220
0.0
230
1.0
  2
SOLID
 70
1
 71
0
 91
2
 92
1
 93
0
 97
0
 92
1
 93
2
 72
2
 10
4.2300076200152379
 20
20.0800406400812861
 40
0.7999999999999998
 50
180.0
 51
0.0
 73
1
 72
2
 10
4.2300076200152379
 20
20.0800406400812861
 40
0.7999999999999998
 50
0.0
 51
180.0
 73
1
 97
0
 75
0
 76
1
 98
0
1001
ACAD
1010
0.0
1020
0.0
1030
0
  0
HATCH
  5
CA
100
AcDbEntity
  8
Bottom Layer
 62
256
370
-1
 48
1.0
  6
ByLayer
100
AcDbHatch
 10
0.0
 20
0.0
 30
0.0
210
0.0
220
0.0
230
1.0
  2
SOLID
 70
1
 71
0
 91
2
 92
1
 93
0
 97
0
 92
1
 93
2
 72
2
 10
6.7700127000254007
 20
17.5400355600711251
 40
0.7999999999999998
 50
180.0
 51
0.0
 73
1
 72
2
 10
6.7700127000254007
 20
17.5400355600711251
 40
0.7999999999999998
 50
0.0
 51
180.0
 73
1
 97
0
 75
0
 76
1
 98
0
1001
ACAD
1010
0.0
1020
0.0
1030
0
  0
HATCH
  5
CB
100
AcDbEntity
  8
Bottom Layer
 62
256
370
-1
 48
1.0
  6
ByLayer
100
AcDbHatch
 10
0.0
 20
0.0
 30
0.0
210
0.0
220
0.0
230
1.0
  2
SOLID
 70
1
 71
0
 91
2
 92
1
 93
0
 97
0
 92
1
 93
2
 72
2
 10
6.7700127000254007
 20
17.5400355600711251
 40
0.7999999999999998
 50
180.0
 51
0.0
 73
1
 72
2
 10
6.7700127000254007
 20
17.5400355600711251
 40
0.7999999999999998
 50
0.0
 51
180.0
 73
1
 97
0
 75
0
 76
1
 98
0
1001
ACAD
1010
0.0
1020
0.0
1030
0
  0
HATCH
  5
CC
100
AcDbEntity
  8
Bottom Layer
 62
256
370
-1
 48
1.0
  6
ByLayer
100
AcDbHatch
 10
0.0
 20
0.0
 30
0.0
210
0.0
220
0.0
230
1.0
  2
SOLID
 70
1
 71
0
 91
2
 92
1
 93
0
 97
0
 92
1
 93
2
 72
2
 10
4.2300076200152379
 20
17.5400355600711251
 40
0.7999999999999998
 50
180.0
 51
0.0
 73
1
 72
2
 10
4.2300076200152379
 20
17.5400355600711251
 40
0.7999999999999998
 50
0.0
 51
180.0
 73
1
 97
0
 75
0
 76
1
 98
0
1001
ACAD
1010
0.0
1020
0.0
1030
0
  0
HATCH
  5
CD
100
AcDbEntity
  8
Bottom Layer
 62
256
370
-1
 48
1.0
  6
ByLayer
100
AcDbHatch
 10
0.0
 20
0.0
 30
0.0
210
0.0
220
0.0
230
1.0
  2
SOLID
 70
1
 71
0
 91
2
 92
1
 93
0
 97
0
 92
1
 93
2
 72
2
 10
4.2300076200152379
 20
17.5400355600711251
 40
0.7999999999999998
 50
180.0
 51
0.0
 73
1
 72
2
 10
4.2300076200152379
 20
17.5400355600711251
 40
0.7999999999999998
 50
0.0
 51
180.0
 73
1
 97
0
 75
0
 76
1
 98
0
1001
ACAD
1010
0.0
1020
0.0
1030
0
  0
HATCH
  5
CE
100
AcDbEntity
  8
Bottom Layer
 62
256
370
-1
 48
1.0
  6
ByLayer
100
AcDbHatch
 10
0.0
 20
0.0
 30
0.0
210
0.0
220
0.0
230
1.0
  2
SOLID
 70
1
 71
0
 91
2
 92
1
 93
0
 97
0
 92
1
 93
2
 72
2
 10
6.7700127000254007
 20
15.0000304800609641
 40
0.7999999999999998
 50
180.0
 51
0.0
 73
1
 72
2
 10
6.7700127000254007
 20
15.0000304800609641
 40
0.7999999999999998
 50
0.0
 51
180.0
 73
1
 97
0
 75
0
 76
1
 98
0
1001
ACAD
1010
0.0
1020
0.0
1030
0
  0
HATCH
  5
CF
100
AcDbEntity
  8
Bottom Layer
 62
256
370
-1
 48
1.0
  6
ByLayer
100
AcDbHatch
 10
0.0
 20
0.0
 30
0.0
210
0.0
220
0.0
230
1.0
  2
SOLID
 70
1
 71
0
 91
2
 92
1
 93
0
 97
0
 92
1
 93
2
 72
2
 10
6.7700127000254007
 20
15.0000304800609641
 40
0.7999999999999998
 50
180.0
 51
0.0
 73
1
 72
2
 10
6.7700127000254007
 20
15.0000304800609641
 40
0.7999999999999998
 50
0.0
 51
180.0
 73
1
 97
0
 75
0
 76
1
 98
0
1001
ACAD
1010
0.0
1020
0.0
1030
0
  0
HATCH
  5
D0
100
AcDbEntity
  8
Bottom Layer
 62
256
370
-1
 48
1.0
  6
ByLayer
100
AcDbHatch
 10
0.0
 20
0.0
 30
0.0
210
0.0
220
0.0
230
1.0
  2
SOLID
 70
1
 71
0
 91
2
 92
1
 93
0
 97
0
 92
1
 93
2
 72
2
 10
4.2300076200152379
 20
15.0000304800609641
 40
0.7999999999999998
 50
180.0
 51
0.0
 73
1
 72
2
 10
4.2300076200152379
 20
15.0000304800609641
 40
0.7999999999999998
 50
0.0
 51
180.0
 73
1
 97
0
 75
0
 76
1
 98
0
1001
ACAD
1010
0.0
1020
0.0
1030
0
  0
HATCH
  5
D1
100
AcDbEntity
  8
Bottom Layer
 62
256
370
-1
 48
1.0
  6
ByLayer
100
AcDbHatch
 10
0.0
 20
0.0
 30
0.0
210
0.0
220
0.0
230
1.0
  2
SOLID
 70
1
 71
0
 91
2
 92
1
 93
0
 97
0
 92
1
 93
2
 72
2
 10
4.2300076200152379
 20
15.0000304800609641
 40
0.7999999999999998
 50
180.0
 51
0.0
 73
1
 72
2
 10
4.2300076200152379
 20
15.0000304800609641
 40
0.7999999999999998
 50
0.0
 51
180.0
 73
1
 97
0
 75
0
 76
1
 98
0
1001
ACAD
1010
0.0
1020
0.0
1030
0
  0
HATCH
  5
D2
100
AcDbEntity
  8
Bottom Layer
 62
256
370
-1
 48
1.0
  6
ByLayer
100
AcDbHatch
 10
0.0
 20
0.0
 30
0.0
210
0.0
220
0.0
230
1.0
  2
SOLID
 70
1
 71
0
 91
2
 92
1
 93
0
 97
0
 92
1
 93
2
 72
2
 10
6.7700127000254007
 20
12.4600254000508102
 40
0.7999999999999998
 50
180.0
 51
0.0
 73
1
 72
2
 10
6.7700127000254007
 20
12.4600254000508102
 40
0.7999999999999998
 50
0.0
 51
180.0
 73
1
 97
0
 75
0
 76
1
 98
0
1001
ACAD
1010
0.0
1020
0.0
1030
0
  0
HATCH
  5
D3
100
AcDbEntity
  8
Bottom Layer
 62
256
370
-1
 48
1.0
  6
ByLayer
100
AcDbHatch
 10
0.0
 20
0.0
 30
0.0
210
0.0
220
0.0
230
1.0
  2
SOLID
 70
1
 71
0
 91
2
 92
1
 93
0
 97
0
 92
1
 93
2
 72
2
 10
6.7700127000254007
 20
12.4600254000508102
 40
0.7999999999999998
 50
180.0
 51
0.0
 73
1
 72
2
 10
6.7700127000254007
 20
12.4600254000508102
 40
0.7999999999999998
 50
0.0
 51
180.0
 73
1
 97
0
 75
0
 76
1
 98
0
1001
ACAD
1010
0.0
1020
0.0
1030
0
  0
HATCH
  5
D4
100
AcDbEntity
  8
Bottom Layer
 62
256
370
-1
 48
1.0
  6
ByLayer
100
AcDbHatch
 10
0.0
 20
0.0
 30
0.0
210
0.0
220
0.0
230
1.0
  2
SOLID
 70
1
 71
0
 91
2
 92
1
 93
0
 97
0
 92
1
 93
2
 72
2
 10
4.2300076200152379
 20
12.4600254000508102
 40
0.7999999999999998
 50
180.0
 51
0.0
 73
1
 72
2
 10
4.2300076200152379
 20
12.4600254000508102
 40
0.7999999999999998
 50
0.0
 51
180.0
 73
1
 97
0
 75
0
 76
1
 98
0
1001
ACAD
1010
0.0
1020
0.0
1030
0
  0
HATCH
  5
D5
100
AcDbEntity
  8
Bottom Layer
 62
256
370
-1
 48
1.0
  6
ByLayer
100
AcDbHatch
 10
0.0
 20
0.0
 30
0.0
210
0.0
220
0.0
230
1.0
  2
SOLID
 70
1
 71
0
 91
2
 92
1
 93
0
 97
0
 92
1
 93
2
 72
2
 10
4.2300076200152379
 20
12.4600254000508102
 40
0.7999999999999998
 50
180.0
 51
0.0
 73
1
 72
2
 10
4.2300076200152379
 20
12.4600254000508102
 40
0.7999999999999998
 50
0.0
 51
180.0
 73
1
 97
0
 75
0
 76
1
 98
0
1001
ACAD
1010
0.0
1020
0.0
1030
0
  0
HATCH
  5
D6
100
AcDbEntity
  8
Bottom Layer
 62
256
370
-1
 48
1.0
  6
ByLayer
100
AcDbHatch
 10
0.0
 20
0.0
 30
0.0
210
0.0
220
0.0
230
1.0
  2
SOLID
 70
1
 71
0
 91
2
 92
1
 93
0
 97
0
 92
1
 93
2
 72
2
 10
6.7700127000254007
 20
9.9200203200406492
 40
0.7999999999999998
 50
180.0
 51
0.0
 73
1
 72
2
 10
6.7700127000254007
 20
9.9200203200406492
 40
0.7999999999999998
 50
0.0
 51
180.0
 73
1
 97
0
 75
0
 76
1
 98
0
1001
ACAD
1010
0.0
1020
0.0
1030
0
  0
HATCH
  5
D7
100
AcDbEntity
  8
Bottom Layer
 62
256
370
-1
 48
1.0
  6
ByLayer
100
AcDbHatch
 10
0.0
 20
0.0
 30
0.0
210
0.0
220
0.0
230
1.0
  2
SOLID
 70
1
 71
0
 91
2
 92
1
 93
0
 97
0
 92
1
 93
2
 72
2
 10
6.7700127000254007
 20
9.9200203200406492
 40
0.7999999999999998
 50
180.0
 51
0.0
 73
1
 72
2
 10
6.7700127000254007
 20
9.9200203200406492
 40
0.7999999999999998
 50
0.0
 51
180.0
 73
1
 97
0
 75
0
 76
1
 98
0
1001
ACAD
1010
0.0
1020
0.0
1030
0
  0
HATCH
  5
D8
100
AcDbEntity
  8
Bottom Layer
 62
256
370
-1
 48
1.0
  6
ByLayer
100
AcDbHatch
 10
0.0
 20
0.0
 30
0.0
210
0.0
220
0.0
230
1.0
  2
SOLID
 70
1
 71
0
 91
2
 92
1
 93
0
 97
0
 92
1
 93
2
 72
2
 10
4.2300076200152379
 20
9.9200203200406492
 40
0.7999999999999998
 50
180.0
 51
0.0
 73
1
 72
2
 10
4.2300076200152379
 20
9.9200203200406492
 40
0.7999999999999998
 50
0.0
 51
180.0
 73
1
 97
0
 75
0
 76
1
 98
0
1001
ACAD
1010
0.0
1020
0.0
1030
0
  0
HATCH
  5
D9
100
AcDbEntity
  8
Bottom Layer
 62
256
370
-1
 48
1.0
  6
ByLayer
100
AcDbHatch
 10
0.0
 20
0.0
 30
0.0
210
0.0
220
0.0
230
1.0
  2
SOLID
 70
1
 71
0
 91
2
 92
1
 93
0
 97
0
 92
1
 93
2
 72
2
 10
4.2300076200152379
 20
9.9200203200406492
 40
0.7999999999999998
 50
180.0
 51
0.0
 73
1
 72
2
 10
4.2300076200152379
 20
9.9200203200406492
 40
0.7999999999999998
 50
0.0
 51
180.0
 73
1
 97
0
 75
0
 76
1
 98
0
1001
ACAD
1010
0.0
1020
0.0
1030
0
  0
HATCH
  5
DA
100
AcDbEntity
  8
Bottom Layer
 62
256
370
-1
 48
1.0
  6
ByLayer
100
AcDbHatch
 10
0.0
 20
0.0
 30
0.0
210
0.0
220
0.0
230
1.0
  2
SOLID
 70
1
 71
0
 91
2
 92
1
 93
0
 97
0
 92
1
 93
2
 72
2
 10
6.7700127000254007
 20
7.3800152400304881
 40
0.7999999999999998
 50
180.0
 51
0.0
 73
1
 72
2
 10
6.7700127000254007
 20
7.3800152400304881
 40
0.7999999999999998
 50
0.0
 51
180.0
 73
1
 97
0
 75
0
 76
1
 98
0
1001
ACAD
1010
0.0
1020
0.0
1030
0
  0
HATCH
  5
DB
100
AcDbEntity
  8
Bottom Layer
 62
256
370
-1
 48
1.0
  6
ByLayer
100
AcDbHatch
 10
0.0
 20
0.0
 30
0.0
210
0.0
220
0.0
230
1.0
  2
SOLID
 70
1
 71
0
 91
2
 92
1
 93
0
 97
0
 92
1
 93
2
 72
2
 10
6.7700127000254007
 20
7.3800152400304881
 40
0.7999999999999998
 50
180.0
 51
0.0
 73
1
 72
2
 10
6.7700127000254007
 20
7.3800152400304881
 40
0.7999999999999998
 50
0.0
 51
180.0
 73
1
 97
0
 75
0
 76
1
 98
0
1001
ACAD
1010
0.0
1020
0.0
1030
0
  0
HATCH
  5
DC
100
AcDbEntity
  8
Bottom Layer
 62
256
370
-1
 48
1.0
  6
ByLayer
100
AcDbHatch
 10
0.0
 20
0.0
 30
0.0
210
0.0
220
0.0
230
1.0
  2
SOLID
 70
1
 71
0
 91
2
 92
1
 93
0
 97
0
 92
1
 93
2
 72
2
 10
4.2300076200152379
 20
7.3800152400304881
 40
0.7999999999999998
 50
180.0
 51
0.0
 73
1
 72
2
 10
4.2300076200152379
 20
7.3800152400304881
 40
0.7999999999999998
 50
0.0
 51
180.0
 73
1
 97
0
 75
0
 76
1
 98
0
1001
ACAD
1010
0.0
1020
0.0
1030
0
  0
HATCH
  5
DD
100
AcDbEntity
  8
Bottom Layer
 62
256
370
-1
 48
1.0
  6
ByLayer
100
AcDbHatch
 10
0.0
 20
0.0
 30
0.0
210
0.0
220
0.0
230
1.0
  2
SOLID
 70
1
 71
0
 91
2
 92
1
 93
0
 97
0
 92
1
 93
2
 72
2
 10
4.2300076200152379
 20
7.3800152400304881
 40
0.7999999999999998
 50
180.0
 51
0.0
 73
1
 72
2
 10
4.2300076200152379
 20
7.3800152400304881
 40
0.7999999999999998
 50
0.0
 51
180.0
 73
1
 97
0
 75
0
 76
1
 98
0
1001
ACAD
1010
0.0
1020
0.0
1030
0
  0
HATCH
  5
DE
100
AcDbEntity
  8
Bottom Layer
 62
256
370
-1
 48
1.0
  6
ByLayer
100
AcDbHatch
 10
0.0
 20
0.0
 30
0.0
210
0.0
220
0.0
230
1.0
  2
SOLID
 70
1
 71
0
 91
2
 92
1
 93
0
 97
0
 92
1
 93
2
 72
2
 10
6.7700127000254007
 20
4.8400101600203271
 40
0.7999999999999998
 50
180.0
 51
0.0
 73
1
 72
2
 10
6.7700127000254007
 20
4.8400101600203271
 40
0.7999999999999998
 50
0.0
 51
180.0
 73
1
 97
0
 75
0
 76
1
 98
0
1001
ACAD
1010
0.0
1020
0.0
1030
0
  0
HATCH
  5
DF
100
AcDbEntity
  8
Bottom Layer
 62
256
370
-1
 48
1.0
  6
ByLayer
100
AcDbHatch
 10
0.0
 20
0.0
 30
0.0
210
0.0
220
0.0
230
1.0
  2
SOLID
 70
1
 71
0
 91
2
 92
1
 93
0
 97
0
 92
1
 93
2
 72
2
 10
6.7700127000254007
 20
4.8400101600203271
 40
0.7999999999999998
 50
180.0
 51
0.0
 73
1
 72
2
 10
6.7700127000254007
 20
4.8400101600203271
 40
0.7999999999999998
 50
0.0
 51
180.0
 73
1
 97
0
 75
0
 76
1
 98
0
1001
ACAD
1010
0.0
1020
0.0
1030
0
  0
HATCH
  5
E0
100
AcDbEntity
  8
Bottom Layer
 62
256
370
-1
 48
1.0
  6
ByLayer
100
AcDbHatch
 10
0.0
 20
0.0
 30
0.0
210
0.0
220
0.0
230
1.0
  2
SOLID
 70
1
 71
0
 91
2
 92
1
 93
0
 97
0
 92
1
 93
2
 72
2
 10
4.2300076200152379
 20
4.8400101600203271
 40
0.7999999999999998
 50
180.0
 51
0.0
 73
1
 72
2
 10
4.2300076200152379
 20
4.8400101600203271
 40
0.7999999999999998
 50
0.0
 51
180.0
 73
1
 97
0
 75
0
 76
1
 98
0
1001
ACAD
1010
0.0
1020
0.0
1030
0
  0
HATCH
  5
E1
100
AcDbEntity
  8
Bottom Layer
 62
256
370
-1
 48
1.0
  6
ByLayer
100
AcDbHatch
 10
0.0
 20
0.0
 30
0.0
210
0.0
220
0.0
230
1.0
  2
SOLID
 70
1
 71
0
 91
2
 92
1
 93
0
 97
0
 92
1
 93
2
 72
2
 10
4.2300076200152379
 20
4.8400101600203271
 40
0.7999999999999998
 50
180.0
 51
0.0
 73
1
 72
2
 10
4.2300076200152379
 20
4.8400101600203271
 40
0.7999999999999998
 50
0.0
 51
180.0
 73
1
 97
0
 75
0
 76
1
 98
0
1001
ACAD
1010
0.0
1020
0.0
1030
0
  0
HATCH
  5
E2
100
AcDbEntity
  8
Bottom Layer
 62
256
370
-1
 48
1.0
  6
ByLayer
100
AcDbHatch
 10
0.0
 20
0.0
 30
0.0
210
0.0
220
0.0
230
1.0
  2
SOLID
 70
1
 71
0
 91
2
 92
1
 93
0
 97
0
 92
1
 93
2
 72
2
 10
6.7700127000254007
 20
2.3000050800101661
 40
0.7999999999999998
 50
180.0
 51
0.0
 73
1
 72
2
 10
6.7700127000254007
 20
2.3000050800101661
 40
0.7999999999999998
 50
0.0
 51
180.0
 73
1
 97
0
 75
0
 76
1
 98
0
1001
ACAD
1010
0.0
1020
0.0
1030
0
  0
HATCH
  5
E3
100
AcDbEntity
  8
Bottom Layer
 62
256
370
-1
 48
1.0
  6
ByLayer
100
AcDbHatch
 10
0.0
 20
0.0
 30
0.0
210
0.0
220
0.0
230
1.0
  2
SOLID
 70
1
 71
0
 91
2
 92
1
 93
0
 97
0
 92
1
 93
2
 72
2
 10
6.7700127000254007
 20
2.3000050800101661
 40
0.7999999999999998
 50
180.0
 51
0.0
 73
1
 72
2
 10
6.7700127000254007
 20
2.3000050800101661
 40
0.7999999999999998
 50
0.0
 51
180.0
 73
1
 97
0
 75
0
 76
1
 98
0
1001
ACAD
1010
0.0
1020
0.0
1030
0
  0
HATCH
  5
E4
100
AcDbEntity
  8
Bottom Layer
 62
256
370
-1
 48
1.0
  6
ByLayer
100
AcDbHatch
 10
0.0
 20
0.0
 30
0.0
210
0.0
220
0.0
230
1.0
  2
SOLID
 70
1
 71
0
 91
2
 92
1
 93
0
 97
0
 92
1
 93
2
 72
2
 10
4.2300076200152379
 20
2.3000050800101661
 40
0.7999999999999998
 50
180.0
 51
0.0
 73
1
 72
2
 10
4.2300076200152379
 20
2.3000050800101661
 40
0.7999999999999998
 50
0.0
 51
180.0
 73
1
 97
0
 75
0
 76
1
 98
0
1001
ACAD
1010
0.0
1020
0.0
1030
0
  0
HATCH
  5
E5
100
AcDbEntity
  8
Bottom Layer
 62
256
370
-1
 48
1.0
  6
ByLayer
100
AcDbHatch
 10
0.0
 20
0.0
 30
0.0
210
0.0
220
0.0
230
1.0
  2
SOLID
 70
1
 71
0
 91
2
 92
1
 93
0
 97
0
 92
1
 93
2
 72
2
 10
4.2300076200152379
 20
2.3000050800101661
 40
0.7999999999999998
 50
180.0
 51
0.0
 73
1
 72
2
 10
4.2300076200152379
 20
2.3000050800101661
 40
0.7999999999999998
 50
0.0
 51
180.0
 73
1
 97
0
 75
0
 76
1
 98
0
1001
ACAD
1010
0.0
1020
0.0
1030
0
  0
LWPOLYLINE
  5
E6
100
AcDbEntity
  8
Bottom Layer
 62
256
370
-1
 48
1.0
  6
ByLayer
100
AcDbPolyline
 90
4
 70
1
 10
31.6100660401320823
 20
29.3500558801117641
 10
31.6100660401320823
 20
27.6500558801117613
 10
33.3100660401320852
 20
27.6500558801117613
 10
33.3100660401320852
 20
29.3500558801117641
  0
HATCH
  5
E7
100
AcDbEntity
  8
Bottom Layer
 62
256
370
-1
 48
1.0
  6
ByLayer
100
AcDbHatch
 10
0.0
 20
0.0
 30
0.0
210
0.0
220
0.0
230
1.0
  2
SOLID
 70
1
 71
0
 91
2
 92
1
 93
0
 97
0
 92
1
 93
4
 72
1
 10
31.6100660401320823
 20
29.3500558801117641
 11
31.6100660401320823
 21
27.6500558801117613
 72
1
 10
31.6100660401320823
 20
27.6500558801117613
 11
33.3100660401320852
 21
27.6500558801117613
 72
1
 10
33.3100660401320852
 20
27.6500558801117613
 11
33.3100660401320852
 21
29.3500558801117641
 72
1
 10
33.3100660401320852
 20
29.3500558801117641
 11
31.6100660401320823
 21
29.3500558801117641
 97
0
 75
0
 76
1
 98
0
1001
ACAD
1010
0.0
1020
0.0
1030
0
  0
HATCH
  5
E8
100
AcDbEntity
  8
Bottom Layer
 62
256
370
-1
 48
1.0
  6
ByLayer
100
AcDbHatch
 10
0.0
 20
0.0
 30
0.0
210
0.0
220
0.0
230
1.0
  2
SOLID
 70
1
 71
0
 91
2
 92
1
 93
0
 97
0
 92
1
 93
2
 72
2
 10
35.0000711201422448
 20
28.5000558801117627
 40
0.8500000000000014
 50
180.0
 51
0.0
 73
1
 72
2
 10
35.0000711201422448
 20
28.5000558801117627
 40
0.8500000000000014
 50
0.0
 51
180.0
 73
1
 97
0
 75
0
 76
1
 98
0
1001
ACAD
1010
0.0
1020
0.0
1030
0
  0
HATCH
  5
E9
100
AcDbEntity
  8
Bottom Layer
 62
256
370
-1
 48
1.0
  6
ByLayer
100
AcDbHatch
 10
0.0
 20
0.0
 30
0.0
210
0.0
220
0.0
230
1.0
  2
SOLID
 70
1
 71
0
 91
2
 92
1
 93
0
 97
0
 92
1
 93
2
 72
2
 10
35.0000711201422448
 20
28.5000558801117627
 40
0.8500000000000014
 50
180.0
 51
0.0
 73
1
 72
2
 10
35.0000711201422448
 20
28.5000558801117627
 40
0.8500000000000014
 50
0.0
 51
180.0
 73
1
 97
0
 75
0
 76
1
 98
0
1001
ACAD
1010
0.0
1020
0.0
1030
0
  0
HATCH
  5
EA
100
AcDbEntity
  8
Bottom Layer
 62
256
370
-1
 48
1.0
  6
ByLayer
100
AcDbHatch
 10
0.0
 20
0.0
 30
0.0
210
0.0
220
0.0
230
1.0
  2
SOLID
 70
1
 71
0
 91
2
 92
1
 93
0
 97
0
 92
1
 93
2
 72
2
 10
37.5400762001524058
 20
28.5000558801117627
 40
0.8500000000000014
 50
180.0
 51
0.0
 73
1
 72
2
 10
37.5400762001524058
 20
28.5000558801117627
 40
0.8500000000000014
 50
0.0
 51
180.0
 73
1
 97
0
 75
0
 76
1
 98
0
1001
ACAD
1010
0.0
1020
0.0
1030
0
  0
HATCH
  5
EB
100
AcDbEntity
  8
Bottom Layer
 62
256
370
-1
 48
1.0
  6
ByLayer
100
AcDbHatch
 10
0.0
 20
0.0
 30
0.0
210
0.0
220
0.0
230
1.0
  2
SOLID
 70
1
 71
0
 91
2
 92
1
 93
0
 97
0
 92
1
 93
2
 72
2
 10
37.5400762001524058
 20
28.5000558801117627
 40
0.8500000000000014
 50
180.0
 51
0.0
 73
1
 72
2
 10
37.5400762001524058
 20
28.5000558801117627
 40
0.8500000000000014
 50
0.0
 51
180.0
 73
1
 97
0
 75
0
 76
1
 98
0
1001
ACAD
1010
0.0
1020
0.0
1030
0
  0
HATCH
  5
EC
100
AcDbEntity
  8
Bottom Layer
 62
256
370
-1
 48
1.0
  6
ByLayer
100
AcDbHatch
 10
0.0
 20
0.0
 30
0.0
210
0.0
220
0.0
230
1.0
  2
SOLID
 70
1
 71
0
 91
2
 92
1
 93
0
 97
0
 92
1
 93
2
 72
2
 10
65.0001295402590813
 20
6.0000127000254011
 40
1.25
 50
180.0
 51
0.0
 73
1
 72
2
 10
65.0001295402590813
 20
6.0000127000254011
 40
1.25
 50
0.0
 51
180.0
 73
1
 97
0
 75
0
 76
1
 98
0
1001
ACAD
1010
0.0
1020
0.0
1030
0
  0
HATCH
  5
ED
100
AcDbEntity
  8
Bottom Layer
 62
256
370
-1
 48
1.0
  6
ByLayer
100
AcDbHatch
 10
0.0
 20
0.0
 30
0.0
210
0.0
220
0.0
230
1.0
  2
SOLID
 70
1
 71
0
 91
2
 92
1
 93
0
 97
0
 92
1
 93
2
 72
2
 10
65.0001295402590813
 20
6.0000127000254011
 40
1.25
 50
180.0
 51
0.0
 73
1
 72
2
 10
65.0001295402590813
 20
6.0000127000254011
 40
1.25
 50
0.0
 51
180.0
 73
1
 97
0
 75
0
 76
1
 98
0
1001
ACAD
1010
0.0
1020
0.0
1030
0
  0
HATCH
  5
EE
100
AcDbEntity
  8
Bottom Layer
 62
256
370
-1
 48
1.0
  6
ByLayer
100
AcDbHatch
 10
0.0
 20
0.0
 30
0.0
210
0.0
220
0.0
230
1.0
  2
SOLID
 70
1
 71
0
 91
2
 92
1
 93
0
 97
0
 92
1
 93
2
 72
2
 10
67.5500406400812778
 20
3.4501016002032046
 40
1.25
 50
180.0
 51
0.0
 73
1
 72
2
 10
67.5500406400812778
 20
3.4501016002032046
 40
1.25
 50
0.0
 51
180.0
 73
1
 97
0
 75
0
 76
1
 98
0
1001
ACAD
1010
0.0
1020
0.0
1030
0
  0
HATCH
  5
EF
100
AcDbEntity
  8
Bottom Layer
 62
256
370
-1
 48
1.0
  6
ByLayer
100
AcDbHatch
 10
0.0
 20
0.0
 30
0.0
210
0.0
220
0.0
230
1.0
  2
SOLID
 70
1
 71
0
 91
2
 92
1
 93
0
 97
0
 92
1
 93
2
 72
2
 10
67.5500406400812778
 20
3.4501016002032046
 40
1.25
 50
180.0
 51
0.0
 73
1
 72
2
 10
67.5500406400812778
 20
3.4501016002032046
 40
1.25
 50
0.0
 51
180.0
 73
1
 97
0
 75
0
 76
1
 98
0
1001
ACAD
1010
0.0
1020
0.0
1030
0
  0
HATCH
  5
F0
100
AcDbEntity
  8
Bottom Layer
 62
256
370
-1
 48
1.0
  6
ByLayer
100
AcDbHatch
 10
0.0
 20
0.0
 30
0.0
210
0.0
220
0.0
230
1.0
  2
SOLID
 70
1
 71
0
 91
2
 92
1
 93
0
 97
0
 92
1
 93
2
 72
2
 10
67.5500406400812778
 20
8.5499237998475976
 40
1.25
 50
180.0
 51
0.0
 73
1
 72
2
 10
67.5500406400812778
 20
8.5499237998475976
 40
1.25
 50
0.0
 51
180.0
 73
1
 97
0
 75
0
 76
1
 98
0
1001
ACAD
1010
0.0
1020
0.0
1030
0
  0
HATCH
  5
F1
100
AcDbEntity
  8
Bottom Layer
 62
256
370
-1
 48
1.0
  6
ByLayer
100
AcDbHatch
 10
0.0
 20
0.0
 30
0.0
210
0.0
220
0.0
230
1.0
  2
SOLID
 70
1
 71
0
 91
2
 92
1
 93
0
 97
0
 92
1
 93
2
 72
2
 10
67.5500406400812778
 20
8.5499237998475976
 40
1.25
 50
180.0
 51
0.0
 73
1
 72
2
 10
67.5500406400812778
 20
8.5499237998475976
 40
1.25
 50
0.0
 51
180.0
 73
1
 97
0
 75
0
 76
1
 98
0
1001
ACAD
1010
0.0
1020
0.0
1030
0
  0
HATCH
  5
F2
100
AcDbEntity
  8
Bottom Layer
 62
256
370
-1
 48
1.0
  6
ByLayer
100
AcDbHatch
 10
0.0
 20
0.0
 30
0.0
210
0.0
220
0.0
230
1.0
  2
SOLID
 70
1
 71
0
 91
2
 92
1
 93
0
 97
0
 92
1
 93
2
 72
2
 10
62.4502184404368919
 20
8.5499237998475976
 40
1.25
 50
180.0
 51
0.0
 73
1
 72
2
 10
62.4502184404368919
 20
8.5499237998475976
 40
1.25
 50
0.0
 51
180.0
 73
1
 97
0
 75
0
 76
1
 98
0
1001
ACAD
1010
0.0
1020
0.0
1030
0
  0
HATCH
  5
F3
100
AcDbEntity
  8
Bottom Layer
 62
256
370
-1
 48
1.0
  6
ByLayer
100
AcDbHatch
 10
0.0
 20
0.0
 30
0.0
210
0.0
220
0.0
230
1.0
  2
SOLID
 70
1
 71
0
 91
2
 92
1
 93
0
 97
0
 92
1
 93
2
 72
2
 10
62.4502184404368919
 20
8.5499237998475976
 40
1.25
 50
180.0
 51
0.0
 73
1
 72
2
 10
62.4502184404368919
 20
8.5499237998475976
 40
1.25
 50
0.0
 51
180.0
 73
1
 97
0
 75
0
 76
1
 98
0
1001
ACAD
1010
0.0
1020
0.0
1030
0
  0
HATCH
  5
F4
100
AcDbEntity
  8
Bottom Layer
 62
256
370
-1
 48
1.0
  6
ByLayer
100
AcDbHatch
 10
0.0
 20
0.0
 30
0.0
210
0.0
220
0.0
230
1.0
  2
SOLID
 70
1
 71
0
 91
2
 92
1
 93
0
 97
0
 92
1
 93
2
 72
2
 10
62.4502184404368919
 20
3.4501016002032046
 40
1.25
 50
180.0
 51
0.0
 73
1
 72
2
 10
62.4502184404368919
 20
3.4501016002032046
 40
1.25
 50
0.0
 51
180.0
 73
1
 97
0
 75
0
 76
1
 98
0
1001
ACAD
1010
0.0
1020
0.0
1030
0
  0
HATCH
  5
F5
100
AcDbEntity
  8
Bottom Layer
 62
256
370
-1
 48
1.0
  6
ByLayer
100
AcDbHatch
 10
0.0
 20
0.0
 30
0.0
210
0.0
220
0.0
230
1.0
  2
SOLID
 70
1
 71
0
 91
2
 92
1
 93
0
 97
0
 92
1
 93
2
 72
2
 10
62.4502184404368919
 20
3.4501016002032046
 40
1.25
 50
180.0
 51
0.0
 73
1
 72
2
 10
62.4502184404368919
 20
3.4501016002032046
 40
1.25
 50
0.0
 51
180.0
 73
1
 97
0
 75
0
 76
1
 98
0
1001
ACAD
1010
0.0
1020
0.0
1030
0
  0
HATCH
  5
F6
100
AcDbEntity
  8
Bottom Layer
 62
256
370
-1
 48
1.0
  6
ByLayer
100
AcDbHatch
 10
0.0
 20
0.0
 30
0.0
210
0.0
220
0.0
230
1.0
  2
SOLID
 70
1
 71
0
 91
2
 92
1
 93
0
 97
0
 92
1
 93
2
 72
2
 10
65.0001295402590813
 20
24.000048260096527
 40
1.25
 50
180.0
 51
0.0
 73
1
 72
2
 10
65.0001295402590813
 20
24.000048260096527
 40
1.25
 50
0.0
 51
180.0
 73
1
 97
0
 75
0
 76
1
 98
0
1001
ACAD
1010
0.0
1020
0.0
1030
0
  0
HATCH
  5
F7
100
AcDbEntity
  8
Bottom Layer
 62
256
370
-1
 48
1.0
  6
ByLayer
100
AcDbHatch
 10
0.0
 20
0.0
 30
0.0
210
0.0
220
0.0
230
1.0
  2
SOLID
 70
1
 71
0
 91
2
 92
1
 93
0
 97
0
 92
1
 93
2
 72
2
 10
65.0001295402590813
 20
24.000048260096527
 40
1.25
 50
180.0
 51
0.0
 73
1
 72
2
 10
65.0001295402590813
 20
24.000048260096527
 40
1.25
 50
0.0
 51
180.0
 73
1
 97
0
 75
0
 76
1
 98
0
1001
ACAD
1010
0.0
1020
0.0
1030
0
  0
HATCH
  5
F8
100
AcDbEntity
  8
Bottom Layer
 62
256
370
-1
 48
1.0
  6
ByLayer
100
AcDbHatch
 10
0.0
 20
0.0
 30
0.0
210
0.0
220
0.0
230
1.0
  2
SOLID
 70
1
 71
0
 91
2
 92
1
 93
0
 97
0
 92
1
 93
2
 72
2
 10
67.5500406400812778
 20
21.4501371602743234
 40
1.25
 50
180.0
 51
0.0
 73
1
 72
2
 10
67.5500406400812778
 20
21.4501371602743234
 40
1.25
 50
0.0
 51
180.0
 73
1
 97
0
 75
0
 76
1
 98
0
1001
ACAD
1010
0.0
1020
0.0
1030
0
  0
HATCH
  5
F9
100
AcDbEntity
  8
Bottom Layer
 62
256
370
-1
 48
1.0
  6
ByLayer
100
AcDbHatch
 10
0.0
 20
0.0
 30
0.0
210
0.0
220
0.0
230
1.0
  2
SOLID
 70
1
 71
0
 91
2
 92
1
 93
0
 97
0
 92
1
 93
2
 72
2
 10
67.5500406400812778
 20
21.4501371602743234
 40
1.25
 50
180.0
 51
0.0
 73
1
 72
2
 10
67.5500406400812778
 20
21.4501371602743234
 40
1.25
 50
0.0
 51
180.0
 73
1
 97
0
 75
0
 76
1
 98
0
1001
ACAD
1010
0.0
1020
0.0
1030
0
  0
HATCH
  5
FA
100
AcDbEntity
  8
Bottom Layer
 62
256
370
-1
 48
1.0
  6
ByLayer
100
AcDbHatch
 10
0.0
 20
0.0
 30
0.0
210
0.0
220
0.0
230
1.0
  2
SOLID
 70
1
 71
0
 91
2
 92
1
 93
0
 97
0
 92
1
 93
2
 72
2
 10
67.5500406400812778
 20
26.5499593599187271
 40
1.25
 50
180.0
 51
0.0
 73
1
 72
2
 10
67.5500406400812778
 20
26.5499593599187271
 40
1.25
 50
0.0
 51
180.0
 73
1
 97
0
 75
0
 76
1
 98
0
1001
ACAD
1010
0.0
1020
0.0
1030
0
  0
HATCH
  5
FB
100
AcDbEntity
  8
Bottom Layer
 62
256
370
-1
 48
1.0
  6
ByLayer
100
AcDbHatch
 10
0.0
 20
0.0
 30
0.0
210
0.0
220
0.0
230
1.0
  2
SOLID
 70
1
 71
0
 91
2
 92
1
 93
0
 97
0
 92
1
 93
2
 72
2
 10
67.5500406400812778
 20
26.5499593599187271
 40
1.25
 50
180.0
 51
0.0
 73
1
 72
2
 10
67.5500406400812778
 20
26.5499593599187271
 40
1.25
 50
0.0
 51
180.0
 73
1
 97
0
 75
0
 76
1
 98
0
1001
ACAD
1010
0.0
1020
0.0
1030
0
  0
HATCH
  5
FC
100
AcDbEntity
  8
Bottom Layer
 62
256
370
-1
 48
1.0
  6
ByLayer
100
AcDbHatch
 10
0.0
 20
0.0
 30
0.0
210
0.0
220
0.0
230
1.0
  2
SOLID
 70
1
 71
0
 91
2
 92
1
 93
0
 97
0
 92
1
 93
2
 72
2
 10
62.4502184404368919
 20
26.5499593599187236
 40
1.25
 50
180.0
 51
0.0
 73
1
 72
2
 10
62.4502184404368919
 20
26.5499593599187236
 40
1.25
 50
0.0
 51
180.0
 73
1
 97
0
 75
0
 76
1
 98
0
1001
ACAD
1010
0.0
1020
0.0
1030
0
  0
HATCH
  5
FD
100
AcDbEntity
  8
Bottom Layer
 62
256
370
-1
 48
1.0
  6
ByLayer
100
AcDbHatch
 10
0.0
 20
0.0
 30
0.0
210
0.0
220
0.0
230
1.0
  2
SOLID
 70
1
 71
0
 91
2
 92
1
 93
0
 97
0
 92
1
 93
2
 72
2
 10
62.4502184404368919
 20
26.5499593599187236
 40
1.25
 50
180.0
 51
0.0
 73
1
 72
2
 10
62.4502184404368919
 20
26.5499593599187236
 40
1.25
 50
0.0
 51
180.0
 73
1
 97
0
 75
0
 76
1
 98
0
1001
ACAD
1010
0.0
1020
0.0
1030
0
  0
HATCH
  5
FE
100
AcDbEntity
  8
Bottom Layer
 62
256
370
-1
 48
1.0
  6
ByLayer
100
AcDbHatch
 10
0.0
 20
0.0
 30
0.0
210
0.0
220
0.0
230
1.0
  2
SOLID
 70
1
 71
0
 91
2
 92
1
 93
0
 97
0
 92
1
 93
2
 72
2
 10
62.4502184404368919
 20
21.4501371602743234
 40
1.25
 50
180.0
 51
0.0
 73
1
 72
2
 10
62.4502184404368919
 20
21.4501371602743234
 40
1.25
 50
0.0
 51
180.0
 73
1
 97
0
 75
0
 76
1
 98
0
1001
ACAD
1010
0.0
1020
0.0
1030
0
  0
HATCH
  5
FF
100
AcDbEntity
  8
Bottom Layer
 62
256
370
-1
 48
1.0
  6
ByLayer
100
AcDbHatch
 10
0.0
 20
0.0
 30
0.0
210
0.0
220
0.0
230
1.0
  2
SOLID
 70
1
 71
0
 91
2
 92
1
 93
0
 97
0
 92
1
 93
2
 72
2
 10
62.4502184404368919
 20
21.4501371602743234
 40
1.25
 50
180.0
 51
0.0
 73
1
 72
2
 10
62.4502184404368919
 20
21.4501371602743234
 40
1.25
 50
0.0
 51
180.0
 73
1
 97
0
 75
0
 76
1
 98
0
1001
ACAD
1010
0.0
1020
0.0
1030
0
  0
LWPOLYLINE
  5
100
100
AcDbEntity
  8
Bottom Layer
 62
256
370
-1
 48
1.0
  6
ByLayer
100
AcDbPolyline
 90
4
 70
1
 10
9.1600203200406405
 20
24.1206502413004884
 10
11.1600203200406405
 20
24.1206502413004849
 10
11.1600203200406405
 20
26.1206502413004849
 10
9.1600203200406405
 20
26.1206502413004884
  0
HATCH
  5
101
100
AcDbEntity
  8
Bottom Layer
 62
256
370
-1
 48
1.0
  6
ByLayer
100
AcDbHatch
 10
0.0
 20
0.0
 30
0.0
210
0.0
220
0.0
230
1.0
  2
SOLID
 70
1
 71
0
 91
2
 92
1
 93
0
 97
0
 92
1
 93
4
 72
1
 10
9.1600203200406405
 20
24.1206502413004884
 11
11.1600203200406405
 21
24.1206502413004849
 72
1
 10
11.1600203200406405
 20
24.1206502413004849
 11
11.1600203200406405
 21
26.1206502413004849
 72
1
 10
11.1600203200406405
 20
26.1206502413004849
 11
9.1600203200406405
 21
26.1206502413004884
 72
1
 10
9.1600203200406405
 20
26.1206502413004884
 11
9.1600203200406405
 21
24.1206502413004884
 97
0
 75
0
 76
1
 98
0
1001
ACAD
1010
0.0
1020
0.0
1030
0
  0
HATCH
  5
102
100
AcDbEntity
  8
Bottom Layer
 62
256
370
-1
 48
1.0
  6
ByLayer
100
AcDbHatch
 10
0.0
 20
0.0
 30
0.0
210
0.0
220
0.0
230
1.0
  2
SOLID
 70
1
 71
0
 91
2
 92
1
 93
0
 97
0
 92
1
 93
2
 72
2
 10
10.1600203200406405
 20
27.6606553213106494
 40
1.0
 50
180.0
 51
0.0
 73
1
 72
2
 10
10.1600203200406405
 20
27.6606553213106494
 40
1.0
 50
0.0
 51
180.0
 73
1
 97
0
 75
0
 76
1
 98
0
1001
ACAD
1010
0.0
1020
0.0
1030
0
  0
HATCH
  5
103
100
AcDbEntity
  8
Bottom Layer
 62
256
370
-1
 48
1.0
  6
ByLayer
100
AcDbHatch
 10
0.0
 20
0.0
 30
0.0
210
0.0
220
0.0
230
1.0
  2
SOLID
 70
1
 71
0
 91
2
 92
1
 93
0
 97
0
 92
1
 93
2
 72
2
 10
10.1600203200406405
 20
27.6606553213106494
 40
1.0
 50
180.0
 51
0.0
 73
1
 72
2
 10
10.1600203200406405
 20
27.6606553213106494
 40
1.0
 50
0.0
 51
180.0
 73
1
 97
0
 75
0
 76
1
 98
0
1001
ACAD
1010
0.0
1020
0.0
1030
0
  0
LWPOLYLINE
  5
104
100
AcDbEntity
  8
Bottom Silkscreen Layer
 62
256
370
-1
 48
1.0
  6
ByLayer
100
AcDbPolyline
 90
2
 70
0
 10
2.9600050800101556
 20
29.2240589281178664
 10
2.9600050800101592
 20
0.7760020320040724
  0
LWPOLYLINE
  5
105
100
AcDbEntity
  8
Bottom Silkscreen Layer
 62
256
370
-1
 48
1.0
  6
ByLayer
100
AcDbPolyline
 90
2
 70
0
 10
2.9600050800101592
 20
0.7760020320040724
 10
8.0400152400304776
 20
0.7760020320040724
  0
LWPOLYLINE
  5
106
100
AcDbEntity
  8
Bottom Silkscreen Layer
 62
256
370
-1
 48
1.0
  6
ByLayer
100
AcDbPolyline
 90
2
 70
0
 10
8.0400152400304776
 20
0.7760020320040724
 10
8.0400152400304776
 20
29.2240589281178664
  0
LWPOLYLINE
  5
107
100
AcDbEntity
  8
Bottom Silkscreen Layer
 62
256
370
-1
 48
1.0
  6
ByLayer
100
AcDbPolyline
 90
2
 70
0
 10
8.0400152400304776
 20
29.2240589281178664
 10
2.9600050800101556
 20
29.2240589281178664
  0
LWPOLYLINE
  5
108
100
AcDbEntity
  8
Bottom Silkscreen Layer
 62
256
370
-1
 48
1.0
  6
ByLayer
100
AcDbPolyline
 90
2
 70
0
 10
5.5000101600203166
 20
29.2240589281178664
 10
5.5000101600203166
 20
26.1760528321056718
  0
LWPOLYLINE
  5
109
100
AcDbEntity
  8
Bottom Silkscreen Layer
 62
256
370
-1
 48
1.0
  6
ByLayer
100
AcDbPolyline
 90
2
 70
0
 10
5.5000101600203166
 20
26.1760528321056718
 10
8.0400152400304776
 20
26.1760528321056718
  0
LWPOLYLINE
  5
10A
100
AcDbEntity
  8
Bottom Silkscreen Layer
 62
256
370
-1
 48
1.0
  6
ByLayer
100
AcDbPolyline
 90
2
 70
0
 10
2.9600050800101556
 20
29.2240589281178664
 10
2.9600050800101592
 20
0.7760020320040724
  0
LWPOLYLINE
  5
10B
100
AcDbEntity
  8
Bottom Silkscreen Layer
 62
256
370
-1
 48
1.0
  6
ByLayer
100
AcDbPolyline
 90
2
 70
0
 10
2.9600050800101592
 20
0.7760020320040724
 10
8.0400152400304776
 20
0.7760020320040724
  0
LWPOLYLINE
  5
10C
100
AcDbEntity
  8
Bottom Silkscreen Layer
 62
256
370
-1
 48
1.0
  6
ByLayer
100
AcDbPolyline
 90
2
 70
0
 10
8.0400152400304776
 20
0.7760020320040724
 10
8.0400152400304776
 20
29.2240589281178664
  0
LWPOLYLINE
  5
10D
100
AcDbEntity
  8
Bottom Silkscreen Layer
 62
256
370
-1
 48
1.0
  6
ByLayer
100
AcDbPolyline
 90
2
 70
0
 10
8.0400152400304776
 20
29.2240589281178664
 10
2.9600050800101556
 20
29.2240589281178664
  0
LWPOLYLINE
  5
10E
100
AcDbEntity
  8
Bottom Silkscreen Layer
 62
256
370
-1
 48
1.0
  6
ByLayer
100
AcDbPolyline
 90
2
 70
0
 10
5.5000101600203166
 20
29.2240589281178664
 10
5.5000101600203166
 20
26.1760528321056718
  0
LWPOLYLINE
  5
10F
100
AcDbEntity
  8
Bottom Silkscreen Layer
 62
256
370
-1
 48
1.0
  6
ByLayer
100
AcDbPolyline
 90
2
 70
0
 10
5.5000101600203166
 20
26.1760528321056718
 10
8.0400152400304776
 20
26.1760528321056718
  0
HATCH
  5
110
100
AcDbEntity
  8
Top Layer
 62
256
370
-1
 48
1.0
  6
ByLayer
100
AcDbHatch
 10
0.0
 20
0.0
 30
0.0
210
0.0
220
0.0
230
1.0
  2
SOLID
 70
1
 71
0
 91
2
 92
1
 93
0
 97
0
 92
1
 93
2
 72
2
 10
53.5363068326136826
 20
3.8000076200152364
 40
0.381000762001527
 50
180.0
 51
0.0
 73
1
 72
2
 10
53.5363068326136826
 20
3.8000076200152364
 40
0.381000762001527
 50
0.0
 51
180.0
 73
1
 97
0
 75
0
 76
1
 98
0
1001
ACAD
1010
0.0
1020
0.0
1030
0
  0
HATCH
  5
111
100
AcDbEntity
  8
Top Layer
 62
256
370
-1
 48
1.0
  6
ByLayer
100
AcDbHatch
 10
0.0
 20
0.0
 30
0.0
210
0.0
220
0.0
230
1.0
  2
SOLID
 70
1
 71
0
 91
2
 92
1
 93
0
 97
0
 92
1
 93
2
 72
2
 10
53.5363068326136826
 20
3.8000076200152364
 40
0.381000762001527
 50
180.0
 51
0.0
 73
1
 72
2
 10
53.5363068326136826
 20
3.8000076200152364
 40
0.381000762001527
 50
0.0
 51
180.0
 73
1
 97
0
 75
0
 76
1
 98
0
1001
ACAD
1010
0.0
1020
0.0
1030
0
  0
HATCH
  5
112
100
AcDbEntity
  8
Top Layer
 62
256
370
-1
 48
1.0
  6
ByLayer
100
AcDbHatch
 10
0.0
 20
0.0
 30
0.0
210
0.0
220
0.0
230
1.0
  2
SOLID
 70
1
 71
0
 91
2
 92
1
 93
0
 97
0
 92
1
 93
2
 72
2
 10
54.2720142240284602
 20
2.0719100838201641
 40
0.381000762001527
 50
180.0
 51
0.0
 73
1
 72
2
 10
54.2720142240284602
 20
2.0719100838201641
 40
0.381000762001527
 50
0.0
 51
180.0
 73
1
 97
0
 75
0
 76
1
 98
0
1001
ACAD
1010
0.0
1020
0.0
1030
0
  0
HATCH
  5
113
100
AcDbEntity
  8
Top Layer
 62
256
370
-1
 48
1.0
  6
ByLayer
100
AcDbHatch
 10
0.0
 20
0.0
 30
0.0
210
0.0
220
0.0
230
1.0
  2
SOLID
 70
1
 71
0
 91
2
 92
1
 93
0
 97
0
 92
1
 93
2
 72
2
 10
54.2720142240284602
 20
2.0719100838201641
 40
0.381000762001527
 50
180.0
 51
0.0
 73
1
 72
2
 10
54.2720142240284602
 20
2.0719100838201641
 40
0.381000762001527
 50
0.0
 51
180.0
 73
1
 97
0
 75
0
 76
1
 98
0
1001
ACAD
1010
0.0
1020
0.0
1030
0
  0
HATCH
  5
114
100
AcDbEntity
  8
Top Layer
 62
256
370
-1
 48
1.0
  6
ByLayer
100
AcDbHatch
 10
0.0
 20
0.0
 30
0.0
210
0.0
220
0.0
230
1.0
  2
SOLID
 70
1
 71
0
 91
2
 92
1
 93
0
 97
0
 92
1
 93
2
 72
2
 10
56.0001117602235254
 20
1.3561163322326593
 40
0.381000762001527
 50
180.0
 51
0.0
 73
1
 72
2
 10
56.0001117602235254
 20
1.3561163322326593
 40
0.381000762001527
 50
0.0
 51
180.0
 73
1
 97
0
 75
0
 76
1
 98
0
1001
ACAD
1010
0.0
1020
0.0
1030
0
  0
HATCH
  5
115
100
AcDbEntity
  8
Top Layer
 62
256
370
-1
 48
1.0
  6
ByLayer
100
AcDbHatch
 10
0.0
 20
0.0
 30
0.0
210
0.0
220
0.0
230
1.0
  2
SOLID
 70
1
 71
0
 91
2
 92
1
 93
0
 97
0
 92
1
 93
2
 72
2
 10
56.0001117602235254
 20
1.3561163322326593
 40
0.381000762001527
 50
180.0
 51
0.0
 73
1
 72
2
 10
56.0001117602235254
 20
1.3561163322326593
 40
0.381000762001527
 50
0.0
 51
180.0
 73
1
 97
0
 75
0
 76
1
 98
0
1001
ACAD
1010
0.0
1020
0.0
1030
0
  0
HATCH
  5
116
100
AcDbEntity
  8
Top Layer
 62
256
370
-1
 48
1.0
  6
ByLayer
100
AcDbHatch
 10
0.0
 20
0.0
 30
0.0
210
0.0
220
0.0
230
1.0
  2
SOLID
 70
1
 71
0
 91
2
 92
1
 93
0
 97
0
 92
1
 93
2
 72
2
 10
57.7282042164084359
 20
2.0719151638303259
 40
0.381000762001527
 50
180.0
 51
0.0
 73
1
 72
2
 10
57.7282042164084359
 20
2.0719151638303259
 40
0.381000762001527
 50
0.0
 51
180.0
 73
1
 97
0
 75
0
 76
1
 98
0
1001
ACAD
1010
0.0
1020
0.0
1030
0
  0
HATCH
  5
117
100
AcDbEntity
  8
Top Layer
 62
256
370
-1
 48
1.0
  6
ByLayer
100
AcDbHatch
 10
0.0
 20
0.0
 30
0.0
210
0.0
220
0.0
230
1.0
  2
SOLID
 70
1
 71
0
 91
2
 92
1
 93
0
 97
0
 92
1
 93
2
 72
2
 10
57.7282042164084359
 20
2.0719151638303259
 40
0.381000762001527
 50
180.0
 51
0.0
 73
1
 72
2
 10
57.7282042164084359
 20
2.0719151638303259
 40
0.381000762001527
 50
0.0
 51
180.0
 73
1
 97
0
 75
0
 76
1
 98
0
1001
ACAD
1010
0.0
1020
0.0
1030
0
  0
HATCH
  5
118
100
AcDbEntity
  8
Top Layer
 62
256
370
-1
 48
1.0
  6
ByLayer
100
AcDbHatch
 10
0.0
 20
0.0
 30
0.0
210
0.0
220
0.0
230
1.0
  2
SOLID
 70
1
 71
0
 91
2
 92
1
 93
0
 97
0
 92
1
 93
2
 72
2
 10
58.4440055880111728
 20
3.8000076200152364
 40
0.381000762001527
 50
180.0
 51
0.0
 73
1
 72
2
 10
58.4440055880111728
 20
3.8000076200152364
 40
0.381000762001527
 50
0.0
 51
180.0
 73
1
 97
0
 75
0
 76
1
 98
0
1001
ACAD
1010
0.0
1020
0.0
1030
0
  0
HATCH
  5
119
100
AcDbEntity
  8
Top Layer
 62
256
370
-1
 48
1.0
  6
ByLayer
100
AcDbHatch
 10
0.0
 20
0.0
 30
0.0
210
0.0
220
0.0
230
1.0
  2
SOLID
 70
1
 71
0
 91
2
 92
1
 93
0
 97
0
 92
1
 93
2
 72
2
 10
58.4440055880111728
 20
3.8000076200152364
 40
0.381000762001527
 50
180.0
 51
0.0
 73
1
 72
2
 10
58.4440055880111728
 20
3.8000076200152364
 40
0.381000762001527
 50
0.0
 51
180.0
 73
1
 97
0
 75
0
 76
1
 98
0
1001
ACAD
1010
0.0
1020
0.0
1030
0
  0
HATCH
  5
11A
100
AcDbEntity
  8
Top Layer
 62
256
370
-1
 48
1.0
  6
ByLayer
100
AcDbHatch
 10
0.0
 20
0.0
 30
0.0
210
0.0
220
0.0
230
1.0
  2
SOLID
 70
1
 71
0
 91
2
 92
1
 93
0
 97
0
 92
1
 93
2
 72
2
 10
57.7282092964186049
 20
5.5281051562103087
 40
0.381000762001527
 50
180.0
 51
0.0
 73
1
 72
2
 10
57.7282092964186049
 20
5.5281051562103087
 40
0.381000762001527
 50
0.0
 51
180.0
 73
1
 97
0
 75
0
 76
1
 98
0
1001
ACAD
1010
0.0
1020
0.0
1030
0
  0
HATCH
  5
11B
100
AcDbEntity
  8
Top Layer
 62
256
370
-1
 48
1.0
  6
ByLayer
100
AcDbHatch
 10
0.0
 20
0.0
 30
0.0
210
0.0
220
0.0
230
1.0
  2
SOLID
 70
1
 71
0
 91
2
 92
1
 93
0
 97
0
 92
1
 93
2
 72
2
 10
57.7282092964186049
 20
5.5281051562103087
 40
0.381000762001527
 50
180.0
 51
0.0
 73
1
 72
2
 10
57.7282092964186049
 20
5.5281051562103087
 40
0.381000762001527
 50
0.0
 51
180.0
 73
1
 97
0
 75
0
 76
1
 98
0
1001
ACAD
1010
0.0
1020
0.0
1030
0
  0
HATCH
  5
11C
100
AcDbEntity
  8
Top Layer
 62
256
370
-1
 48
1.0
  6
ByLayer
100
AcDbHatch
 10
0.0
 20
0.0
 30
0.0
210
0.0
220
0.0
230
1.0
  2
SOLID
 70
1
 71
0
 91
2
 92
1
 93
0
 97
0
 92
1
 93
2
 72
2
 10
56.0001117602235254
 20
6.2439014478028909
 40
0.381000762001527
 50
180.0
 51
0.0
 73
1
 72
2
 10
56.0001117602235254
 20
6.2439014478028909
 40
0.381000762001527
 50
0.0
 51
180.0
 73
1
 97
0
 75
0
 76
1
 98
0
1001
ACAD
1010
0.0
1020
0.0
1030
0
  0
HATCH
  5
11D
100
AcDbEntity
  8
Top Layer
 62
256
370
-1
 48
1.0
  6
ByLayer
100
AcDbHatch
 10
0.0
 20
0.0
 30
0.0
210
0.0
220
0.0
230
1.0
  2
SOLID
 70
1
 71
0
 91
2
 92
1
 93
0
 97
0
 92
1
 93
2
 72
2
 10
56.0001117602235254
 20
6.2439014478028909
 40
0.381000762001527
 50
180.0
 51
0.0
 73
1
 72
2
 10
56.0001117602235254
 20
6.2439014478028909
 40
0.381000762001527
 50
0.0
 51
180.0
 73
1
 97
0
 75
0
 76
1
 98
0
1001
ACAD
1010
0.0
1020
0.0
1030
0
  0
HATCH
  5
11E
100
AcDbEntity
  8
Top Layer
 62
256
370
-1
 48
1.0
  6
ByLayer
100
AcDbHatch
 10
0.0
 20
0.0
 30
0.0
210
0.0
220
0.0
230
1.0
  2
SOLID
 70
1
 71
0
 91
2
 92
1
 93
0
 97
0
 92
1
 93
2
 72
2
 10
54.272019304038615
 20
5.5281000762001469
 40
0.381000762001527
 50
180.0
 51
0.0
 73
1
 72
2
 10
54.272019304038615
 20
5.5281000762001469
 40
0.381000762001527
 50
0.0
 51
180.0
 73
1
 97
0
 75
0
 76
1
 98
0
1001
ACAD
1010
0.0
1020
0.0
1030
0
  0
HATCH
  5
11F
100
AcDbEntity
  8
Top Layer
 62
256
370
-1
 48
1.0
  6
ByLayer
100
AcDbHatch
 10
0.0
 20
0.0
 30
0.0
210
0.0
220
0.0
230
1.0
  2
SOLID
 70
1
 71
0
 91
2
 92
1
 93
0
 97
0
 92
1
 93
2
 72
2
 10
54.272019304038615
 20
5.5281000762001469
 40
0.381000762001527
 50
180.0
 51
0.0
 73
1
 72
2
 10
54.272019304038615
 20
5.5281000762001469
 40
0.381000762001527
 50
0.0
 51
180.0
 73
1
 97
0
 75
0
 76
1
 98
0
1001
ACAD
1010
0.0
1020
0.0
1030
0
  0
HATCH
  5
120
100
AcDbEntity
  8
Top Layer
 62
256
370
-1
 48
1.0
  6
ByLayer
100
AcDbHatch
 10
0.0
 20
0.0
 30
0.0
210
0.0
220
0.0
230
1.0
  2
SOLID
 70
1
 71
0
 91
2
 92
1
 93
0
 97
0
 92
1
 93
2
 72
2
 10
56.0001117602235254
 20
3.8000076200152364
 40
3.2500012700025422
 50
180.0
 51
0.0
 73
1
 72
2
 10
56.0001117602235254
 20
3.8000076200152364
 40
3.2500012700025422
 50
0.0
 51
180.0
 73
1
 97
0
 75
0
 76
1
 98
0
1001
ACAD
1010
0.0
1020
0.0
1030
0
  0
HATCH
  5
121
100
AcDbEntity
  8
Top Layer
 62
256
370
-1
 48
1.0
  6
ByLayer
100
AcDbHatch
 10
0.0
 20
0.0
 30
0.0
210
0.0
220
0.0
230
1.0
  2
SOLID
 70
1
 71
0
 91
2
 92
1
 93
0
 97
0
 92
1
 93
2
 72
2
 10
56.0001117602235254
 20
3.8000076200152364
 40
3.2500012700025422
 50
180.0
 51
0.0
 73
1
 72
2
 10
56.0001117602235254
 20
3.8000076200152364
 40
3.2500012700025422
 50
0.0
 51
180.0
 73
1
 97
0
 75
0
 76
1
 98
0
1001
ACAD
1010
0.0
1020
0.0
1030
0
  0
HATCH
  5
122
100
AcDbEntity
  8
Top Layer
 62
256
370
-1
 48
1.0
  6
ByLayer
100
AcDbHatch
 10
0.0
 20
0.0
 30
0.0
210
0.0
220
0.0
230
1.0
  2
SOLID
 70
1
 71
0
 91
2
 92
1
 93
0
 97
0
 92
1
 93
2
 72
2
 10
53.5363068326136826
 20
26.2000533401066882
 40
0.381000762001527
 50
180.0
 51
0.0
 73
1
 72
2
 10
53.5363068326136826
 20
26.2000533401066882
 40
0.381000762001527
 50
0.0
 51
180.0
 73
1
 97
0
 75
0
 76
1
 98
0
1001
ACAD
1010
0.0
1020
0.0
1030
0
  0
HATCH
  5
123
100
AcDbEntity
  8
Top Layer
 62
256
370
-1
 48
1.0
  6
ByLayer
100
AcDbHatch
 10
0.0
 20
0.0
 30
0.0
210
0.0
220
0.0
230
1.0
  2
SOLID
 70
1
 71
0
 91
2
 92
1
 93
0
 97
0
 92
1
 93
2
 72
2
 10
53.5363068326136826
 20
26.2000533401066882
 40
0.381000762001527
 50
180.0
 51
0.0
 73
1
 72
2
 10
53.5363068326136826
 20
26.2000533401066882
 40
0.381000762001527
 50
0.0
 51
180.0
 73
1
 97
0
 75
0
 76
1
 98
0
1001
ACAD
1010
0.0
1020
0.0
1030
0
  0
HATCH
  5
124
100
AcDbEntity
  8
Top Layer
 62
256
370
-1
 48
1.0
  6
ByLayer
100
AcDbHatch
 10
0.0
 20
0.0
 30
0.0
210
0.0
220
0.0
230
1.0
  2
SOLID
 70
1
 71
0
 91
2
 92
1
 93
0
 97
0
 92
1
 93
2
 72
2
 10
54.2720142240284602
 20
24.4719558039116123
 40
0.381000762001527
 50
180.0
 51
0.0
 73
1
 72
2
 10
54.2720142240284602
 20
24.4719558039116123
 40
0.381000762001527
 50
0.0
 51
180.0
 73
1
 97
0
 75
0
 76
1
 98
0
1001
ACAD
1010
0.0
1020
0.0
1030
0
  0
HATCH
  5
125
100
AcDbEntity
  8
Top Layer
 62
256
370
-1
 48
1.0
  6
ByLayer
100
AcDbHatch
 10
0.0
 20
0.0
 30
0.0
210
0.0
220
0.0
230
1.0
  2
SOLID
 70
1
 71
0
 91
2
 92
1
 93
0
 97
0
 92
1
 93
2
 72
2
 10
54.2720142240284602
 20
24.4719558039116123
 40
0.381000762001527
 50
180.0
 51
0.0
 73
1
 72
2
 10
54.2720142240284602
 20
24.4719558039116123
 40
0.381000762001527
 50
0.0
 51
180.0
 73
1
 97
0
 75
0
 76
1
 98
0
1001
ACAD
1010
0.0
1020
0.0
1030
0
  0
HATCH
  5
126
100
AcDbEntity
  8
Top Layer
 62
256
370
-1
 48
1.0
  6
ByLayer
100
AcDbHatch
 10
0.0
 20
0.0
 30
0.0
210
0.0
220
0.0
230
1.0
  2
SOLID
 70
1
 71
0
 91
2
 92
1
 93
0
 97
0
 92
1
 93
2
 72
2
 10
56.0001117602235254
 20
23.756162052324111
 40
0.381000762001527
 50
180.0
 51
0.0
 73
1
 72
2
 10
56.0001117602235254
 20
23.756162052324111
 40
0.381000762001527
 50
0.0
 51
180.0
 73
1
 97
0
 75
0
 76
1
 98
0
1001
ACAD
1010
0.0
1020
0.0
1030
0
  0
HATCH
  5
127
100
AcDbEntity
  8
Top Layer
 62
256
370
-1
 48
1.0
  6
ByLayer
100
AcDbHatch
 10
0.0
 20
0.0
 30
0.0
210
0.0
220
0.0
230
1.0
  2
SOLID
 70
1
 71
0
 91
2
 92
1
 93
0
 97
0
 92
1
 93
2
 72
2
 10
56.0001117602235254
 20
23.756162052324111
 40
0.381000762001527
 50
180.0
 51
0.0
 73
1
 72
2
 10
56.0001117602235254
 20
23.756162052324111
 40
0.381000762001527
 50
0.0
 51
180.0
 73
1
 97
0
 75
0
 76
1
 98
0
1001
ACAD
1010
0.0
1020
0.0
1030
0
  0
HATCH
  5
128
100
AcDbEntity
  8
Top Layer
 62
256
370
-1
 48
1.0
  6
ByLayer
100
AcDbHatch
 10
0.0
 20
0.0
 30
0.0
210
0.0
220
0.0
230
1.0
  2
SOLID
 70
1
 71
0
 91
2
 92
1
 93
0
 97
0
 92
1
 93
2
 72
2
 10
57.7282042164084359
 20
24.4719608839217742
 40
0.381000762001527
 50
180.0
 51
0.0
 73
1
 72
2
 10
57.7282042164084359
 20
24.4719608839217742
 40
0.381000762001527
 50
0.0
 51
180.0
 73
1
 97
0
 75
0
 76
1
 98
0
1001
ACAD
1010
0.0
1020
0.0
1030
0
  0
HATCH
  5
129
100
AcDbEntity
  8
Top Layer
 62
256
370
-1
 48
1.0
  6
ByLayer
100
AcDbHatch
 10
0.0
 20
0.0
 30
0.0
210
0.0
220
0.0
230
1.0
  2
SOLID
 70
1
 71
0
 91
2
 92
1
 93
0
 97
0
 92
1
 93
2
 72
2
 10
57.7282042164084359
 20
24.4719608839217742
 40
0.381000762001527
 50
180.0
 51
0.0
 73
1
 72
2
 10
57.7282042164084359
 20
24.4719608839217742
 40
0.381000762001527
 50
0.0
 51
180.0
 73
1
 97
0
 75
0
 76
1
 98
0
1001
ACAD
1010
0.0
1020
0.0
1030
0
  0
HATCH
  5
12A
100
AcDbEntity
  8
Top Layer
 62
256
370
-1
 48
1.0
  6
ByLayer
100
AcDbHatch
 10
0.0
 20
0.0
 30
0.0
210
0.0
220
0.0
230
1.0
  2
SOLID
 70
1
 71
0
 91
2
 92
1
 93
0
 97
0
 92
1
 93
2
 72
2
 10
58.4440055880111728
 20
26.2000533401066882
 40
0.381000762001527
 50
180.0
 51
0.0
 73
1
 72
2
 10
58.4440055880111728
 20
26.2000533401066882
 40
0.381000762001527
 50
0.0
 51
180.0
 73
1
 97
0
 75
0
 76
1
 98
0
1001
ACAD
1010
0.0
1020
0.0
1030
0
  0
HATCH
  5
12B
100
AcDbEntity
  8
Top Layer
 62
256
370
-1
 48
1.0
  6
ByLayer
100
AcDbHatch
 10
0.0
 20
0.0
 30
0.0
210
0.0
220
0.0
230
1.0
  2
SOLID
 70
1
 71
0
 91
2
 92
1
 93
0
 97
0
 92
1
 93
2
 72
2
 10
58.4440055880111728
 20
26.2000533401066882
 40
0.381000762001527
 50
180.0
 51
0.0
 73
1
 72
2
 10
58.4440055880111728
 20
26.2000533401066882
 40
0.381000762001527
 50
0.0
 51
180.0
 73
1
 97
0
 75
0
 76
1
 98
0
1001
ACAD
1010
0.0
1020
0.0
1030
0
  0
HATCH
  5
12C
100
AcDbEntity
  8
Top Layer
 62
256
370
-1
 48
1.0
  6
ByLayer
100
AcDbHatch
 10
0.0
 20
0.0
 30
0.0
210
0.0
220
0.0
230
1.0
  2
SOLID
 70
1
 71
0
 91
2
 92
1
 93
0
 97
0
 92
1
 93
2
 72
2
 10
57.7282092964186049
 20
27.9281508763017605
 40
0.381000762001527
 50
180.0
 51
0.0
 73
1
 72
2
 10
57.7282092964186049
 20
27.9281508763017605
 40
0.381000762001527
 50
0.0
 51
180.0
 73
1
 97
0
 75
0
 76
1
 98
0
1001
ACAD
1010
0.0
1020
0.0
1030
0
  0
HATCH
  5
12D
100
AcDbEntity
  8
Top Layer
 62
256
370
-1
 48
1.0
  6
ByLayer
100
AcDbHatch
 10
0.0
 20
0.0
 30
0.0
210
0.0
220
0.0
230
1.0
  2
SOLID
 70
1
 71
0
 91
2
 92
1
 93
0
 97
0
 92
1
 93
2
 72
2
 10
57.7282092964186049
 20
27.9281508763017605
 40
0.381000762001527
 50
180.0
 51
0.0
 73
1
 72
2
 10
57.7282092964186049
 20
27.9281508763017605
 40
0.381000762001527
 50
0.0
 51
180.0
 73
1
 97
0
 75
0
 76
1
 98
0
1001
ACAD
1010
0.0
1020
0.0
1030
0
  0
HATCH
  5
12E
100
AcDbEntity
  8
Top Layer
 62
256
370
-1
 48
1.0
  6
ByLayer
100
AcDbHatch
 10
0.0
 20
0.0
 30
0.0
210
0.0
220
0.0
230
1.0
  2
SOLID
 70
1
 71
0
 91
2
 92
1
 93
0
 97
0
 92
1
 93
2
 72
2
 10
56.0001117602235254
 20
28.6439471678943427
 40
0.381000762001527
 50
180.0
 51
0.0
 73
1
 72
2
 10
56.0001117602235254
 20
28.6439471678943427
 40
0.381000762001527
 50
0.0
 51
180.0
 73
1
 97
0
 75
0
 76
1
 98
0
1001
ACAD
1010
0.0
1020
0.0
1030
0
  0
HATCH
  5
12F
100
AcDbEntity
  8
Top Layer
 62
256
370
-1
 48
1.0
  6
ByLayer
100
AcDbHatch
 10
0.0
 20
0.0
 30
0.0
210
0.0
220
0.0
230
1.0
  2
SOLID
 70
1
 71
0
 91
2
 92
1
 93
0
 97
0
 92
1
 93
2
 72
2
 10
56.0001117602235254
 20
28.6439471678943427
 40
0.381000762001527
 50
180.0
 51
0.0
 73
1
 72
2
 10
56.0001117602235254
 20
28.6439471678943427
 40
0.381000762001527
 50
0.0
 51
180.0
 73
1
 97
0
 75
0
 76
1
 98
0
1001
ACAD
1010
0.0
1020
0.0
1030
0
  0
HATCH
  5
130
100
AcDbEntity
  8
Top Layer
 62
256
370
-1
 48
1.0
  6
ByLayer
100
AcDbHatch
 10
0.0
 20
0.0
 30
0.0
210
0.0
220
0.0
230
1.0
  2
SOLID
 70
1
 71
0
 91
2
 92
1
 93
0
 97
0
 92
1
 93
2
 72
2
 10
54.272019304038615
 20
27.9281457962915987
 40
0.381000762001527
 50
180.0
 51
0.0
 73
1
 72
2
 10
54.272019304038615
 20
27.9281457962915987
 40
0.381000762001527
 50
0.0
 51
180.0
 73
1
 97
0
 75
0
 76
1
 98
0
1001
ACAD
1010
0.0
1020
0.0
1030
0
  0
HATCH
  5
131
100
AcDbEntity
  8
Top Layer
 62
256
370
-1
 48
1.0
  6
ByLayer
100
AcDbHatch
 10
0.0
 20
0.0
 30
0.0
210
0.0
220
0.0
230
1.0
  2
SOLID
 70
1
 71
0
 91
2
 92
1
 93
0
 97
0
 92
1
 93
2
 72
2
 10
54.272019304038615
 20
27.9281457962915987
 40
0.381000762001527
 50
180.0
 51
0.0
 73
1
 72
2
 10
54.272019304038615
 20
27.9281457962915987
 40
0.381000762001527
 50
0.0
 51
180.0
 73
1
 97
0
 75
0
 76
1
 98
0
1001
ACAD
1010
0.0
1020
0.0
1030
0
  0
HATCH
  5
132
100
AcDbEntity
  8
Top Layer
 62
256
370
-1
 48
1.0
  6
ByLayer
100
AcDbHatch
 10
0.0
 20
0.0
 30
0.0
210
0.0
220
0.0
230
1.0
  2
SOLID
 70
1
 71
0
 91
2
 92
1
 93
0
 97
0
 92
1
 93
2
 72
2
 10
56.0001117602235254
 20
26.2000533401066882
 40
3.2500012700025422
 50
180.0
 51
0.0
 73
1
 72
2
 10
56.0001117602235254
 20
26.2000533401066882
 40
3.2500012700025422
 50
0.0
 51
180.0
 73
1
 97
0
 75
0
 76
1
 98
0
1001
ACAD
1010
0.0
1020
0.0
1030
0
  0
HATCH
  5
133
100
AcDbEntity
  8
Top Layer
 62
256
370
-1
 48
1.0
  6
ByLayer
100
AcDbHatch
 10
0.0
 20
0.0
 30
0.0
210
0.0
220
0.0
230
1.0
  2
SOLID
 70
1
 71
0
 91
2
 92
1
 93
0
 97
0
 92
1
 93
2
 72
2
 10
56.0001117602235254
 20
26.2000533401066882
 40
3.2500012700025422
 50
180.0
 51
0.0
 73
1
 72
2
 10
56.0001117602235254
 20
26.2000533401066882
 40
3.2500012700025422
 50
0.0
 51
180.0
 73
1
 97
0
 75
0
 76
1
 98
0
1001
ACAD
1010
0.0
1020
0.0
1030
0
  0
HATCH
  5
134
100
AcDbEntity
  8
Top Layer
 62
256
370
-1
 48
1.0
  6
ByLayer
100
AcDbHatch
 10
0.0
 20
0.0
 30
0.0
210
0.0
220
0.0
230
1.0
  2
SOLID
 70
1
 71
0
 91
2
 92
1
 93
0
 97
0
 92
1
 93
2
 72
2
 10
19.6850393700787443
 20
24.3840487680975393
 40
1.0
 50
180.0
 51
0.0
 73
1
 72
2
 10
19.6850393700787443
 20
24.3840487680975393
 40
1.0
 50
0.0
 51
180.0
 73
1
 97
0
 75
0
 76
1
 98
0
1001
ACAD
1010
0.0
1020
0.0
1030
0
  0
HATCH
  5
135
100
AcDbEntity
  8
Top Layer
 62
256
370
-1
 48
1.0
  6
ByLayer
100
AcDbHatch
 10
0.0
 20
0.0
 30
0.0
210
0.0
220
0.0
230
1.0
  2
SOLID
 70
1
 71
0
 91
2
 92
1
 93
0
 97
0
 92
1
 93
2
 72
2
 10
19.6850393700787443
 20
24.3840487680975393
 40
1.0
 50
180.0
 51
0.0
 73
1
 72
2
 10
19.6850393700787443
 20
24.3840487680975393
 40
1.0
 50
0.0
 51
180.0
 73
1
 97
0
 75
0
 76
1
 98
0
1001
ACAD
1010
0.0
1020
0.0
1030
0
  0
HATCH
  5
136
100
AcDbEntity
  8
Top Layer
 62
256
370
-1
 48
1.0
  6
ByLayer
100
AcDbHatch
 10
0.0
 20
0.0
 30
0.0
210
0.0
220
0.0
230
1.0
  2
SOLID
 70
1
 71
0
 91
2
 92
1
 93
0
 97
0
 92
1
 93
2
 72
2
 10
14.6050292100584223
 20
24.3840487680975393
 40
1.0
 50
180.0
 51
0.0
 73
1
 72
2
 10
14.6050292100584223
 20
24.3840487680975393
 40
1.0
 50
0.0
 51
180.0
 73
1
 97
0
 75
0
 76
1
 98
0
1001
ACAD
1010
0.0
1020
0.0
1030
0
  0
HATCH
  5
137
100
AcDbEntity
  8
Top Layer
 62
256
370
-1
 48
1.0
  6
ByLayer
100
AcDbHatch
 10
0.0
 20
0.0
 30
0.0
210
0.0
220
0.0
230
1.0
  2
SOLID
 70
1
 71
0
 91
2
 92
1
 93
0
 97
0
 92
1
 93
2
 72
2
 10
14.6050292100584223
 20
24.3840487680975393
 40
1.0
 50
180.0
 51
0.0
 73
1
 72
2
 10
14.6050292100584223
 20
24.3840487680975393
 40
1.0
 50
0.0
 51
180.0
 73
1
 97
0
 75
0
 76
1
 98
0
1001
ACAD
1010
0.0
1020
0.0
1030
0
  0
LWPOLYLINE
  5
138
100
AcDbEntity
  8
Top Layer
 62
256
370
-1
 48
1.0
  6
ByLayer
100
AcDbPolyline
 90
4
 70
1
 10
7.5700127000253978
 20
28.5000558801117698
 10
5.9700127000253929
 20
28.5000558801117698
 10
5.9700127000253929
 20
26.9000558801117684
 10
7.5700127000253978
 20
26.9000558801117684
  0
HATCH
  5
139
100
AcDbEntity
  8
Top Layer
 62
256
370
-1
 48
1.0
  6
ByLayer
100
AcDbHatch
 10
0.0
 20
0.0
 30
0.0
210
0.0
220
0.0
230
1.0
  2
SOLID
 70
1
 71
0
 91
2
 92
1
 93
0
 97
0
 92
1
 93
4
 72
1
 10
7.5700127000253978
 20
28.5000558801117698
 11
5.9700127000253929
 21
28.5000558801117698
 72
1
 10
5.9700127000253929
 20
28.5000558801117698
 11
5.9700127000253929
 21
26.9000558801117684
 72
1
 10
5.9700127000253929
 20
26.9000558801117684
 11
7.5700127000253978
 21
26.9000558801117684
 72
1
 10
7.5700127000253978
 20
26.9000558801117684
 11
7.5700127000253978
 21
28.5000558801117698
 97
0
 75
0
 76
1
 98
0
1001
ACAD
1010
0.0
1020
0.0
1030
0
  0
HATCH
  5
13A
100
AcDbEntity
  8
Top Layer
 62
256
370
-1
 48
1.0
  6
ByLayer
100
AcDbHatch
 10
0.0
 20
0.0
 30
0.0
210
0.0
220
0.0
230
1.0
  2
SOLID
 70
1
 71
0
 91
2
 92
1
 93
0
 97
0
 92
1
 93
2
 72
2
 10
4.2300076200152343
 20
27.7000558801117691
 40
0.7999999999999998
 50
180.0
 51
0.0
 73
1
 72
2
 10
4.2300076200152343
 20
27.7000558801117691
 40
0.7999999999999998
 50
0.0
 51
180.0
 73
1
 97
0
 75
0
 76
1
 98
0
1001
ACAD
1010
0.0
1020
0.0
1030
0
  0
HATCH
  5
13B
100
AcDbEntity
  8
Top Layer
 62
256
370
-1
 48
1.0
  6
ByLayer
100
AcDbHatch
 10
0.0
 20
0.0
 30
0.0
210
0.0
220
0.0
230
1.0
  2
SOLID
 70
1
 71
0
 91
2
 92
1
 93
0
 97
0
 92
1
 93
2
 72
2
 10
4.2300076200152343
 20
27.7000558801117691
 40
0.7999999999999998
 50
180.0
 51
0.0
 73
1
 72
2
 10
4.2300076200152343
 20
27.7000558801117691
 40
0.7999999999999998
 50
0.0
 51
180.0
 73
1
 97
0
 75
0
 76
1
 98
0
1001
ACAD
1010
0.0
1020
0.0
1030
0
  0
HATCH
  5
13C
100
AcDbEntity
  8
Top Layer
 62
256
370
-1
 48
1.0
  6
ByLayer
100
AcDbHatch
 10
0.0
 20
0.0
 30
0.0
210
0.0
220
0.0
230
1.0
  2
SOLID
 70
1
 71
0
 91
2
 92
1
 93
0
 97
0
 92
1
 93
2
 72
2
 10
6.7700127000254007
 20
25.1600508001016081
 40
0.7999999999999998
 50
180.0
 51
0.0
 73
1
 72
2
 10
6.7700127000254007
 20
25.1600508001016081
 40
0.7999999999999998
 50
0.0
 51
180.0
 73
1
 97
0
 75
0
 76
1
 98
0
1001
ACAD
1010
0.0
1020
0.0
1030
0
  0
HATCH
  5
13D
100
AcDbEntity
  8
Top Layer
 62
256
370
-1
 48
1.0
  6
ByLayer
100
AcDbHatch
 10
0.0
 20
0.0
 30
0.0
210
0.0
220
0.0
230
1.0
  2
SOLID
 70
1
 71
0
 91
2
 92
1
 93
0
 97
0
 92
1
 93
2
 72
2
 10
6.7700127000254007
 20
25.1600508001016081
 40
0.7999999999999998
 50
180.0
 51
0.0
 73
1
 72
2
 10
6.7700127000254007
 20
25.1600508001016081
 40
0.7999999999999998
 50
0.0
 51
180.0
 73
1
 97
0
 75
0
 76
1
 98
0
1001
ACAD
1010
0.0
1020
0.0
1030
0
  0
HATCH
  5
13E
100
AcDbEntity
  8
Top Layer
 62
256
370
-1
 48
1.0
  6
ByLayer
100
AcDbHatch
 10
0.0
 20
0.0
 30
0.0
210
0.0
220
0.0
230
1.0
  2
SOLID
 70
1
 71
0
 91
2
 92
1
 93
0
 97
0
 92
1
 93
2
 72
2
 10
4.2300076200152343
 20
25.1600508001016081
 40
0.7999999999999998
 50
180.0
 51
0.0
 73
1
 72
2
 10
4.2300076200152343
 20
25.1600508001016081
 40
0.7999999999999998
 50
0.0
 51
180.0
 73
1
 97
0
 75
0
 76
1
 98
0
1001
ACAD
1010
0.0
1020
0.0
1030
0
  0
HATCH
  5
13F
100
AcDbEntity
  8
Top Layer
 62
256
370
-1
 48
1.0
  6
ByLayer
100
AcDbHatch
 10
0.0
 20
0.0
 30
0.0
210
0.0
220
0.0
230
1.0
  2
SOLID
 70
1
 71
0
 91
2
 92
1
 93
0
 97
0
 92
1
 93
2
 72
2
 10
4.2300076200152343
 20
25.1600508001016081
 40
0.7999999999999998
 50
180.0
 51
0.0
 73
1
 72
2
 10
4.2300076200152343
 20
25.1600508001016081
 40
0.7999999999999998
 50
0.0
 51
180.0
 73
1
 97
0
 75
0
 76
1
 98
0
1001
ACAD
1010
0.0
1020
0.0
1030
0
  0
HATCH
  5
140
100
AcDbEntity
  8
Top Layer
 62
256
370
-1
 48
1.0
  6
ByLayer
100
AcDbHatch
 10
0.0
 20
0.0
 30
0.0
210
0.0
220
0.0
230
1.0
  2
SOLID
 70
1
 71
0
 91
2
 92
1
 93
0
 97
0
 92
1
 93
2
 72
2
 10
6.7700127000254007
 20
22.6200457200914471
 40
0.7999999999999998
 50
180.0
 51
0.0
 73
1
 72
2
 10
6.7700127000254007
 20
22.6200457200914471
 40
0.7999999999999998
 50
0.0
 51
180.0
 73
1
 97
0
 75
0
 76
1
 98
0
1001
ACAD
1010
0.0
1020
0.0
1030
0
  0
HATCH
  5
141
100
AcDbEntity
  8
Top Layer
 62
256
370
-1
 48
1.0
  6
ByLayer
100
AcDbHatch
 10
0.0
 20
0.0
 30
0.0
210
0.0
220
0.0
230
1.0
  2
SOLID
 70
1
 71
0
 91
2
 92
1
 93
0
 97
0
 92
1
 93
2
 72
2
 10
6.7700127000254007
 20
22.6200457200914471
 40
0.7999999999999998
 50
180.0
 51
0.0
 73
1
 72
2
 10
6.7700127000254007
 20
22.6200457200914471
 40
0.7999999999999998
 50
0.0
 51
180.0
 73
1
 97
0
 75
0
 76
1
 98
0
1001
ACAD
1010
0.0
1020
0.0
1030
0
  0
HATCH
  5
142
100
AcDbEntity
  8
Top Layer
 62
256
370
-1
 48
1.0
  6
ByLayer
100
AcDbHatch
 10
0.0
 20
0.0
 30
0.0
210
0.0
220
0.0
230
1.0
  2
SOLID
 70
1
 71
0
 91
2
 92
1
 93
0
 97
0
 92
1
 93
2
 72
2
 10
4.2300076200152379
 20
22.6200457200914471
 40
0.7999999999999998
 50
180.0
 51
0.0
 73
1
 72
2
 10
4.2300076200152379
 20
22.6200457200914471
 40
0.7999999999999998
 50
0.0
 51
180.0
 73
1
 97
0
 75
0
 76
1
 98
0
1001
ACAD
1010
0.0
1020
0.0
1030
0
  0
HATCH
  5
143
100
AcDbEntity
  8
Top Layer
 62
256
370
-1
 48
1.0
  6
ByLayer
100
AcDbHatch
 10
0.0
 20
0.0
 30
0.0
210
0.0
220
0.0
230
1.0
  2
SOLID
 70
1
 71
0
 91
2
 92
1
 93
0
 97
0
 92
1
 93
2
 72
2
 10
4.2300076200152379
 20
22.6200457200914471
 40
0.7999999999999998
 50
180.0
 51
0.0
 73
1
 72
2
 10
4.2300076200152379
 20
22.6200457200914471
 40
0.7999999999999998
 50
0.0
 51
180.0
 73
1
 97
0
 75
0
 76
1
 98
0
1001
ACAD
1010
0.0
1020
0.0
1030
0
  0
HATCH
  5
144
100
AcDbEntity
  8
Top Layer
 62
256
370
-1
 48
1.0
  6
ByLayer
100
AcDbHatch
 10
0.0
 20
0.0
 30
0.0
210
0.0
220
0.0
230
1.0
  2
SOLID
 70
1
 71
0
 91
2
 92
1
 93
0
 97
0
 92
1
 93
2
 72
2
 10
6.7700127000254007
 20
20.0800406400812861
 40
0.7999999999999998
 50
180.0
 51
0.0
 73
1
 72
2
 10
6.7700127000254007
 20
20.0800406400812861
 40
0.7999999999999998
 50
0.0
 51
180.0
 73
1
 97
0
 75
0
 76
1
 98
0
1001
ACAD
1010
0.0
1020
0.0
1030
0
  0
HATCH
  5
145
100
AcDbEntity
  8
Top Layer
 62
256
370
-1
 48
1.0
  6
ByLayer
100
AcDbHatch
 10
0.0
 20
0.0
 30
0.0
210
0.0
220
0.0
230
1.0
  2
SOLID
 70
1
 71
0
 91
2
 92
1
 93
0
 97
0
 92
1
 93
2
 72
2
 10
6.7700127000254007
 20
20.0800406400812861
 40
0.7999999999999998
 50
180.0
 51
0.0
 73
1
 72
2
 10
6.7700127000254007
 20
20.0800406400812861
 40
0.7999999999999998
 50
0.0
 51
180.0
 73
1
 97
0
 75
0
 76
1
 98
0
1001
ACAD
1010
0.0
1020
0.0
1030
0
  0
HATCH
  5
146
100
AcDbEntity
  8
Top Layer
 62
256
370
-1
 48
1.0
  6
ByLayer
100
AcDbHatch
 10
0.0
 20
0.0
 30
0.0
210
0.0
220
0.0
230
1.0
  2
SOLID
 70
1
 71
0
 91
2
 92
1
 93
0
 97
0
 92
1
 93
2
 72
2
 10
4.2300076200152379
 20
20.0800406400812861
 40
0.7999999999999998
 50
180.0
 51
0.0
 73
1
 72
2
 10
4.2300076200152379
 20
20.0800406400812861
 40
0.7999999999999998
 50
0.0
 51
180.0
 73
1
 97
0
 75
0
 76
1
 98
0
1001
ACAD
1010
0.0
1020
0.0
1030
0
  0
HATCH
  5
147
100
AcDbEntity
  8
Top Layer
 62
256
370
-1
 48
1.0
  6
ByLayer
100
AcDbHatch
 10
0.0
 20
0.0
 30
0.0
210
0.0
220
0.0
230
1.0
  2
SOLID
 70
1
 71
0
 91
2
 92
1
 93
0
 97
0
 92
1
 93
2
 72
2
 10
4.2300076200152379
 20
20.0800406400812861
 40
0.7999999999999998
 50
180.0
 51
0.0
 73
1
 72
2
 10
4.2300076200152379
 20
20.0800406400812861
 40
0.7999999999999998
 50
0.0
 51
180.0
 73
1
 97
0
 75
0
 76
1
 98
0
1001
ACAD
1010
0.0
1020
0.0
1030
0
  0
HATCH
  5
148
100
AcDbEntity
  8
Top Layer
 62
256
370
-1
 48
1.0
  6
ByLayer
100
AcDbHatch
 10
0.0
 20
0.0
 30
0.0
210
0.0
220
0.0
230
1.0
  2
SOLID
 70
1
 71
0
 91
2
 92
1
 93
0
 97
0
 92
1
 93
2
 72
2
 10
6.7700127000254007
 20
17.5400355600711251
 40
0.7999999999999998
 50
180.0
 51
0.0
 73
1
 72
2
 10
6.7700127000254007
 20
17.5400355600711251
 40
0.7999999999999998
 50
0.0
 51
180.0
 73
1
 97
0
 75
0
 76
1
 98
0
1001
ACAD
1010
0.0
1020
0.0
1030
0
  0
HATCH
  5
149
100
AcDbEntity
  8
Top Layer
 62
256
370
-1
 48
1.0
  6
ByLayer
100
AcDbHatch
 10
0.0
 20
0.0
 30
0.0
210
0.0
220
0.0
230
1.0
  2
SOLID
 70
1
 71
0
 91
2
 92
1
 93
0
 97
0
 92
1
 93
2
 72
2
 10
6.7700127000254007
 20
17.5400355600711251
 40
0.7999999999999998
 50
180.0
 51
0.0
 73
1
 72
2
 10
6.7700127000254007
 20
17.5400355600711251
 40
0.7999999999999998
 50
0.0
 51
180.0
 73
1
 97
0
 75
0
 76
1
 98
0
1001
ACAD
1010
0.0
1020
0.0
1030
0
  0
HATCH
  5
14A
100
AcDbEntity
  8
Top Layer
 62
256
370
-1
 48
1.0
  6
ByLayer
100
AcDbHatch
 10
0.0
 20
0.0
 30
0.0
210
0.0
220
0.0
230
1.0
  2
SOLID
 70
1
 71
0
 91
2
 92
1
 93
0
 97
0
 92
1
 93
2
 72
2
 10
4.2300076200152379
 20
17.5400355600711251
 40
0.7999999999999998
 50
180.0
 51
0.0
 73
1
 72
2
 10
4.2300076200152379
 20
17.5400355600711251
 40
0.7999999999999998
 50
0.0
 51
180.0
 73
1
 97
0
 75
0
 76
1
 98
0
1001
ACAD
1010
0.0
1020
0.0
1030
0
  0
HATCH
  5
14B
100
AcDbEntity
  8
Top Layer
 62
256
370
-1
 48
1.0
  6
ByLayer
100
AcDbHatch
 10
0.0
 20
0.0
 30
0.0
210
0.0
220
0.0
230
1.0
  2
SOLID
 70
1
 71
0
 91
2
 92
1
 93
0
 97
0
 92
1
 93
2
 72
2
 10
4.2300076200152379
 20
17.5400355600711251
 40
0.7999999999999998
 50
180.0
 51
0.0
 73
1
 72
2
 10
4.2300076200152379
 20
17.5400355600711251
 40
0.7999999999999998
 50
0.0
 51
180.0
 73
1
 97
0
 75
0
 76
1
 98
0
1001
ACAD
1010
0.0
1020
0.0
1030
0
  0
HATCH
  5
14C
100
AcDbEntity
  8
Top Layer
 62
256
370
-1
 48
1.0
  6
ByLayer
100
AcDbHatch
 10
0.0
 20
0.0
 30
0.0
210
0.0
220
0.0
230
1.0
  2
SOLID
 70
1
 71
0
 91
2
 92
1
 93
0
 97
0
 92
1
 93
2
 72
2
 10
6.7700127000254007
 20
15.0000304800609641
 40
0.7999999999999998
 50
180.0
 51
0.0
 73
1
 72
2
 10
6.7700127000254007
 20
15.0000304800609641
 40
0.7999999999999998
 50
0.0
 51
180.0
 73
1
 97
0
 75
0
 76
1
 98
0
1001
ACAD
1010
0.0
1020
0.0
1030
0
  0
HATCH
  5
14D
100
AcDbEntity
  8
Top Layer
 62
256
370
-1
 48
1.0
  6
ByLayer
100
AcDbHatch
 10
0.0
 20
0.0
 30
0.0
210
0.0
220
0.0
230
1.0
  2
SOLID
 70
1
 71
0
 91
2
 92
1
 93
0
 97
0
 92
1
 93
2
 72
2
 10
6.7700127000254007
 20
15.0000304800609641
 40
0.7999999999999998
 50
180.0
 51
0.0
 73
1
 72
2
 10
6.7700127000254007
 20
15.0000304800609641
 40
0.7999999999999998
 50
0.0
 51
180.0
 73
1
 97
0
 75
0
 76
1
 98
0
1001
ACAD
1010
0.0
1020
0.0
1030
0
  0
HATCH
  5
14E
100
AcDbEntity
  8
Top Layer
 62
256
370
-1
 48
1.0
  6
ByLayer
100
AcDbHatch
 10
0.0
 20
0.0
 30
0.0
210
0.0
220
0.0
230
1.0
  2
SOLID
 70
1
 71
0
 91
2
 92
1
 93
0
 97
0
 92
1
 93
2
 72
2
 10
4.2300076200152379
 20
15.0000304800609641
 40
0.7999999999999998
 50
180.0
 51
0.0
 73
1
 72
2
 10
4.2300076200152379
 20
15.0000304800609641
 40
0.7999999999999998
 50
0.0
 51
180.0
 73
1
 97
0
 75
0
 76
1
 98
0
1001
ACAD
1010
0.0
1020
0.0
1030
0
  0
HATCH
  5
14F
100
AcDbEntity
  8
Top Layer
 62
256
370
-1
 48
1.0
  6
ByLayer
100
AcDbHatch
 10
0.0
 20
0.0
 30
0.0
210
0.0
220
0.0
230
1.0
  2
SOLID
 70
1
 71
0
 91
2
 92
1
 93
0
 97
0
 92
1
 93
2
 72
2
 10
4.2300076200152379
 20
15.0000304800609641
 40
0.7999999999999998
 50
180.0
 51
0.0
 73
1
 72
2
 10
4.2300076200152379
 20
15.0000304800609641
 40
0.7999999999999998
 50
0.0
 51
180.0
 73
1
 97
0
 75
0
 76
1
 98
0
1001
ACAD
1010
0.0
1020
0.0
1030
0
  0
HATCH
  5
150
100
AcDbEntity
  8
Top Layer
 62
256
370
-1
 48
1.0
  6
ByLayer
100
AcDbHatch
 10
0.0
 20
0.0
 30
0.0
210
0.0
220
0.0
230
1.0
  2
SOLID
 70
1
 71
0
 91
2
 92
1
 93
0
 97
0
 92
1
 93
2
 72
2
 10
6.7700127000254007
 20
12.4600254000508102
 40
0.7999999999999998
 50
180.0
 51
0.0
 73
1
 72
2
 10
6.7700127000254007
 20
12.4600254000508102
 40
0.7999999999999998
 50
0.0
 51
180.0
 73
1
 97
0
 75
0
 76
1
 98
0
1001
ACAD
1010
0.0
1020
0.0
1030
0
  0
HATCH
  5
151
100
AcDbEntity
  8
Top Layer
 62
256
370
-1
 48
1.0
  6
ByLayer
100
AcDbHatch
 10
0.0
 20
0.0
 30
0.0
210
0.0
220
0.0
230
1.0
  2
SOLID
 70
1
 71
0
 91
2
 92
1
 93
0
 97
0
 92
1
 93
2
 72
2
 10
6.7700127000254007
 20
12.4600254000508102
 40
0.7999999999999998
 50
180.0
 51
0.0
 73
1
 72
2
 10
6.7700127000254007
 20
12.4600254000508102
 40
0.7999999999999998
 50
0.0
 51
180.0
 73
1
 97
0
 75
0
 76
1
 98
0
1001
ACAD
1010
0.0
1020
0.0
1030
0
  0
HATCH
  5
152
100
AcDbEntity
  8
Top Layer
 62
256
370
-1
 48
1.0
  6
ByLayer
100
AcDbHatch
 10
0.0
 20
0.0
 30
0.0
210
0.0
220
0.0
230
1.0
  2
SOLID
 70
1
 71
0
 91
2
 92
1
 93
0
 97
0
 92
1
 93
2
 72
2
 10
4.2300076200152379
 20
12.4600254000508102
 40
0.7999999999999998
 50
180.0
 51
0.0
 73
1
 72
2
 10
4.2300076200152379
 20
12.4600254000508102
 40
0.7999999999999998
 50
0.0
 51
180.0
 73
1
 97
0
 75
0
 76
1
 98
0
1001
ACAD
1010
0.0
1020
0.0
1030
0
  0
HATCH
  5
153
100
AcDbEntity
  8
Top Layer
 62
256
370
-1
 48
1.0
  6
ByLayer
100
AcDbHatch
 10
0.0
 20
0.0
 30
0.0
210
0.0
220
0.0
230
1.0
  2
SOLID
 70
1
 71
0
 91
2
 92
1
 93
0
 97
0
 92
1
 93
2
 72
2
 10
4.2300076200152379
 20
12.4600254000508102
 40
0.7999999999999998
 50
180.0
 51
0.0
 73
1
 72
2
 10
4.2300076200152379
 20
12.4600254000508102
 40
0.7999999999999998
 50
0.0
 51
180.0
 73
1
 97
0
 75
0
 76
1
 98
0
1001
ACAD
1010
0.0
1020
0.0
1030
0
  0
HATCH
  5
154
100
AcDbEntity
  8
Top Layer
 62
256
370
-1
 48
1.0
  6
ByLayer
100
AcDbHatch
 10
0.0
 20
0.0
 30
0.0
210
0.0
220
0.0
230
1.0
  2
SOLID
 70
1
 71
0
 91
2
 92
1
 93
0
 97
0
 92
1
 93
2
 72
2
 10
6.7700127000254007
 20
9.9200203200406492
 40
0.7999999999999998
 50
180.0
 51
0.0
 73
1
 72
2
 10
6.7700127000254007
 20
9.9200203200406492
 40
0.7999999999999998
 50
0.0
 51
180.0
 73
1
 97
0
 75
0
 76
1
 98
0
1001
ACAD
1010
0.0
1020
0.0
1030
0
  0
HATCH
  5
155
100
AcDbEntity
  8
Top Layer
 62
256
370
-1
 48
1.0
  6
ByLayer
100
AcDbHatch
 10
0.0
 20
0.0
 30
0.0
210
0.0
220
0.0
230
1.0
  2
SOLID
 70
1
 71
0
 91
2
 92
1
 93
0
 97
0
 92
1
 93
2
 72
2
 10
6.7700127000254007
 20
9.9200203200406492
 40
0.7999999999999998
 50
180.0
 51
0.0
 73
1
 72
2
 10
6.7700127000254007
 20
9.9200203200406492
 40
0.7999999999999998
 50
0.0
 51
180.0
 73
1
 97
0
 75
0
 76
1
 98
0
1001
ACAD
1010
0.0
1020
0.0
1030
0
  0
HATCH
  5
156
100
AcDbEntity
  8
Top Layer
 62
256
370
-1
 48
1.0
  6
ByLayer
100
AcDbHatch
 10
0.0
 20
0.0
 30
0.0
210
0.0
220
0.0
230
1.0
  2
SOLID
 70
1
 71
0
 91
2
 92
1
 93
0
 97
0
 92
1
 93
2
 72
2
 10
4.2300076200152379
 20
9.9200203200406492
 40
0.7999999999999998
 50
180.0
 51
0.0
 73
1
 72
2
 10
4.2300076200152379
 20
9.9200203200406492
 40
0.7999999999999998
 50
0.0
 51
180.0
 73
1
 97
0
 75
0
 76
1
 98
0
1001
ACAD
1010
0.0
1020
0.0
1030
0
  0
HATCH
  5
157
100
AcDbEntity
  8
Top Layer
 62
256
370
-1
 48
1.0
  6
ByLayer
100
AcDbHatch
 10
0.0
 20
0.0
 30
0.0
210
0.0
220
0.0
230
1.0
  2
SOLID
 70
1
 71
0
 91
2
 92
1
 93
0
 97
0
 92
1
 93
2
 72
2
 10
4.2300076200152379
 20
9.9200203200406492
 40
0.7999999999999998
 50
180.0
 51
0.0
 73
1
 72
2
 10
4.2300076200152379
 20
9.9200203200406492
 40
0.7999999999999998
 50
0.0
 51
180.0
 73
1
 97
0
 75
0
 76
1
 98
0
1001
ACAD
1010
0.0
1020
0.0
1030
0
  0
HATCH
  5
158
100
AcDbEntity
  8
Top Layer
 62
256
370
-1
 48
1.0
  6
ByLayer
100
AcDbHatch
 10
0.0
 20
0.0
 30
0.0
210
0.0
220
0.0
230
1.0
  2
SOLID
 70
1
 71
0
 91
2
 92
1
 93
0
 97
0
 92
1
 93
2
 72
2
 10
6.7700127000254007
 20
7.3800152400304881
 40
0.7999999999999998
 50
180.0
 51
0.0
 73
1
 72
2
 10
6.7700127000254007
 20
7.3800152400304881
 40
0.7999999999999998
 50
0.0
 51
180.0
 73
1
 97
0
 75
0
 76
1
 98
0
1001
ACAD
1010
0.0
1020
0.0
1030
0
  0
HATCH
  5
159
100
AcDbEntity
  8
Top Layer
 62
256
370
-1
 48
1.0
  6
ByLayer
100
AcDbHatch
 10
0.0
 20
0.0
 30
0.0
210
0.0
220
0.0
230
1.0
  2
SOLID
 70
1
 71
0
 91
2
 92
1
 93
0
 97
0
 92
1
 93
2
 72
2
 10
6.7700127000254007
 20
7.3800152400304881
 40
0.7999999999999998
 50
180.0
 51
0.0
 73
1
 72
2
 10
6.7700127000254007
 20
7.3800152400304881
 40
0.7999999999999998
 50
0.0
 51
180.0
 73
1
 97
0
 75
0
 76
1
 98
0
1001
ACAD
1010
0.0
1020
0.0
1030
0
  0
HATCH
  5
15A
100
AcDbEntity
  8
Top Layer
 62
256
370
-1
 48
1.0
  6
ByLayer
100
AcDbHatch
 10
0.0
 20
0.0
 30
0.0
210
0.0
220
0.0
230
1.0
  2
SOLID
 70
1
 71
0
 91
2
 92
1
 93
0
 97
0
 92
1
 93
2
 72
2
 10
4.2300076200152379
 20
7.3800152400304881
 40
0.7999999999999998
 50
180.0
 51
0.0
 73
1
 72
2
 10
4.2300076200152379
 20
7.3800152400304881
 40
0.7999999999999998
 50
0.0
 51
180.0
 73
1
 97
0
 75
0
 76
1
 98
0
1001
ACAD
1010
0.0
1020
0.0
1030
0
  0
HATCH
  5
15B
100
AcDbEntity
  8
Top Layer
 62
256
370
-1
 48
1.0
  6
ByLayer
100
AcDbHatch
 10
0.0
 20
0.0
 30
0.0
210
0.0
220
0.0
230
1.0
  2
SOLID
 70
1
 71
0
 91
2
 92
1
 93
0
 97
0
 92
1
 93
2
 72
2
 10
4.2300076200152379
 20
7.3800152400304881
 40
0.7999999999999998
 50
180.0
 51
0.0
 73
1
 72
2
 10
4.2300076200152379
 20
7.3800152400304881
 40
0.7999999999999998
 50
0.0
 51
180.0
 73
1
 97
0
 75
0
 76
1
 98
0
1001
ACAD
1010
0.0
1020
0.0
1030
0
  0
HATCH
  5
15C
100
AcDbEntity
  8
Top Layer
 62
256
370
-1
 48
1.0
  6
ByLayer
100
AcDbHatch
 10
0.0
 20
0.0
 30
0.0
210
0.0
220
0.0
230
1.0
  2
SOLID
 70
1
 71
0
 91
2
 92
1
 93
0
 97
0
 92
1
 93
2
 72
2
 10
6.7700127000254007
 20
4.8400101600203271
 40
0.7999999999999998
 50
180.0
 51
0.0
 73
1
 72
2
 10
6.7700127000254007
 20
4.8400101600203271
 40
0.7999999999999998
 50
0.0
 51
180.0
 73
1
 97
0
 75
0
 76
1
 98
0
1001
ACAD
1010
0.0
1020
0.0
1030
0
  0
HATCH
  5
15D
100
AcDbEntity
  8
Top Layer
 62
256
370
-1
 48
1.0
  6
ByLayer
100
AcDbHatch
 10
0.0
 20
0.0
 30
0.0
210
0.0
220
0.0
230
1.0
  2
SOLID
 70
1
 71
0
 91
2
 92
1
 93
0
 97
0
 92
1
 93
2
 72
2
 10
6.7700127000254007
 20
4.8400101600203271
 40
0.7999999999999998
 50
180.0
 51
0.0
 73
1
 72
2
 10
6.7700127000254007
 20
4.8400101600203271
 40
0.7999999999999998
 50
0.0
 51
180.0
 73
1
 97
0
 75
0
 76
1
 98
0
1001
ACAD
1010
0.0
1020
0.0
1030
0
  0
HATCH
  5
15E
100
AcDbEntity
  8
Top Layer
 62
256
370
-1
 48
1.0
  6
ByLayer
100
AcDbHatch
 10
0.0
 20
0.0
 30
0.0
210
0.0
220
0.0
230
1.0
  2
SOLID
 70
1
 71
0
 91
2
 92
1
 93
0
 97
0
 92
1
 93
2
 72
2
 10
4.2300076200152379
 20
4.8400101600203271
 40
0.7999999999999998
 50
180.0
 51
0.0
 73
1
 72
2
 10
4.2300076200152379
 20
4.8400101600203271
 40
0.7999999999999998
 50
0.0
 51
180.0
 73
1
 97
0
 75
0
 76
1
 98
0
1001
ACAD
1010
0.0
1020
0.0
1030
0
  0
HATCH
  5
15F
100
AcDbEntity
  8
Top Layer
 62
256
370
-1
 48
1.0
  6
ByLayer
100
AcDbHatch
 10
0.0
 20
0.0
 30
0.0
210
0.0
220
0.0
230
1.0
  2
SOLID
 70
1
 71
0
 91
2
 92
1
 93
0
 97
0
 92
1
 93
2
 72
2
 10
4.2300076200152379
 20
4.8400101600203271
 40
0.7999999999999998
 50
180.0
 51
0.0
 73
1
 72
2
 10
4.2300076200152379
 20
4.8400101600203271
 40
0.7999999999999998
 50
0.0
 51
180.0
 73
1
 97
0
 75
0
 76
1
 98
0
1001
ACAD
1010
0.0
1020
0.0
1030
0
  0
HATCH
  5
160
100
AcDbEntity
  8
Top Layer
 62
256
370
-1
 48
1.0
  6
ByLayer
100
AcDbHatch
 10
0.0
 20
0.0
 30
0.0
210
0.0
220
0.0
230
1.0
  2
SOLID
 70
1
 71
0
 91
2
 92
1
 93
0
 97
0
 92
1
 93
2
 72
2
 10
6.7700127000254007
 20
2.3000050800101661
 40
0.7999999999999998
 50
180.0
 51
0.0
 73
1
 72
2
 10
6.7700127000254007
 20
2.3000050800101661
 40
0.7999999999999998
 50
0.0
 51
180.0
 73
1
 97
0
 75
0
 76
1
 98
0
1001
ACAD
1010
0.0
1020
0.0
1030
0
  0
HATCH
  5
161
100
AcDbEntity
  8
Top Layer
 62
256
370
-1
 48
1.0
  6
ByLayer
100
AcDbHatch
 10
0.0
 20
0.0
 30
0.0
210
0.0
220
0.0
230
1.0
  2
SOLID
 70
1
 71
0
 91
2
 92
1
 93
0
 97
0
 92
1
 93
2
 72
2
 10
6.7700127000254007
 20
2.3000050800101661
 40
0.7999999999999998
 50
180.0
 51
0.0
 73
1
 72
2
 10
6.7700127000254007
 20
2.3000050800101661
 40
0.7999999999999998
 50
0.0
 51
180.0
 73
1
 97
0
 75
0
 76
1
 98
0
1001
ACAD
1010
0.0
1020
0.0
1030
0
  0
HATCH
  5
162
100
AcDbEntity
  8
Top Layer
 62
256
370
-1
 48
1.0
  6
ByLayer
100
AcDbHatch
 10
0.0
 20
0.0
 30
0.0
210
0.0
220
0.0
230
1.0
  2
SOLID
 70
1
 71
0
 91
2
 92
1
 93
0
 97
0
 92
1
 93
2
 72
2
 10
4.2300076200152379
 20
2.3000050800101661
 40
0.7999999999999998
 50
180.0
 51
0.0
 73
1
 72
2
 10
4.2300076200152379
 20
2.3000050800101661
 40
0.7999999999999998
 50
0.0
 51
180.0
 73
1
 97
0
 75
0
 76
1
 98
0
1001
ACAD
1010
0.0
1020
0.0
1030
0
  0
HATCH
  5
163
100
AcDbEntity
  8
Top Layer
 62
256
370
-1
 48
1.0
  6
ByLayer
100
AcDbHatch
 10
0.0
 20
0.0
 30
0.0
210
0.0
220
0.0
230
1.0
  2
SOLID
 70
1
 71
0
 91
2
 92
1
 93
0
 97
0
 92
1
 93
2
 72
2
 10
4.2300076200152379
 20
2.3000050800101661
 40
0.7999999999999998
 50
180.0
 51
0.0
 73
1
 72
2
 10
4.2300076200152379
 20
2.3000050800101661
 40
0.7999999999999998
 50
0.0
 51
180.0
 73
1
 97
0
 75
0
 76
1
 98
0
1001
ACAD
1010
0.0
1020
0.0
1030
0
  0
LWPOLYLINE
  5
164
100
AcDbEntity
  8
Top Layer
 62
256
370
-1
 48
1.0
  6
ByLayer
100
AcDbPolyline
 90
4
 70
1
 10
31.6100660401320823
 20
29.3500558801117641
 10
31.6100660401320823
 20
27.6500558801117613
 10
33.3100660401320852
 20
27.6500558801117613
 10
33.3100660401320852
 20
29.3500558801117641
  0
HATCH
  5
165
100
AcDbEntity
  8
Top Layer
 62
256
370
-1
 48
1.0
  6
ByLayer
100
AcDbHatch
 10
0.0
 20
0.0
 30
0.0
210
0.0
220
0.0
230
1.0
  2
SOLID
 70
1
 71
0
 91
2
 92
1
 93
0
 97
0
 92
1
 93
4
 72
1
 10
31.6100660401320823
 20
29.3500558801117641
 11
31.6100660401320823
 21
27.6500558801117613
 72
1
 10
31.6100660401320823
 20
27.6500558801117613
 11
33.3100660401320852
 21
27.6500558801117613
 72
1
 10
33.3100660401320852
 20
27.6500558801117613
 11
33.3100660401320852
 21
29.3500558801117641
 72
1
 10
33.3100660401320852
 20
29.3500558801117641
 11
31.6100660401320823
 21
29.3500558801117641
 97
0
 75
0
 76
1
 98
0
1001
ACAD
1010
0.0
1020
0.0
1030
0
  0
HATCH
  5
166
100
AcDbEntity
  8
Top Layer
 62
256
370
-1
 48
1.0
  6
ByLayer
100
AcDbHatch
 10
0.0
 20
0.0
 30
0.0
210
0.0
220
0.0
230
1.0
  2
SOLID
 70
1
 71
0
 91
2
 92
1
 93
0
 97
0
 92
1
 93
2
 72
2
 10
35.0000711201422448
 20
28.5000558801117627
 40
0.8500000000000014
 50
180.0
 51
0.0
 73
1
 72
2
 10
35.0000711201422448
 20
28.5000558801117627
 40
0.8500000000000014
 50
0.0
 51
180.0
 73
1
 97
0
 75
0
 76
1
 98
0
1001
ACAD
1010
0.0
1020
0.0
1030
0
  0
HATCH
  5
167
100
AcDbEntity
  8
Top Layer
 62
256
370
-1
 48
1.0
  6
ByLayer
100
AcDbHatch
 10
0.0
 20
0.0
 30
0.0
210
0.0
220
0.0
230
1.0
  2
SOLID
 70
1
 71
0
 91
2
 92
1
 93
0
 97
0
 92
1
 93
2
 72
2
 10
35.0000711201422448
 20
28.5000558801117627
 40
0.8500000000000014
 50
180.0
 51
0.0
 73
1
 72
2
 10
35.0000711201422448
 20
28.5000558801117627
 40
0.8500000000000014
 50
0.0
 51
180.0
 73
1
 97
0
 75
0
 76
1
 98
0
1001
ACAD
1010
0.0
1020
0.0
1030
0
  0
HATCH
  5
168
100
AcDbEntity
  8
Top Layer
 62
256
370
-1
 48
1.0
  6
ByLayer
100
AcDbHatch
 10
0.0
 20
0.0
 30
0.0
210
0.0
220
0.0
230
1.0
  2
SOLID
 70
1
 71
0
 91
2
 92
1
 93
0
 97
0
 92
1
 93
2
 72
2
 10
37.5400762001524058
 20
28.5000558801117627
 40
0.8500000000000014
 50
180.0
 51
0.0
 73
1
 72
2
 10
37.5400762001524058
 20
28.5000558801117627
 40
0.8500000000000014
 50
0.0
 51
180.0
 73
1
 97
0
 75
0
 76
1
 98
0
1001
ACAD
1010
0.0
1020
0.0
1030
0
  0
HATCH
  5
169
100
AcDbEntity
  8
Top Layer
 62
256
370
-1
 48
1.0
  6
ByLayer
100
AcDbHatch
 10
0.0
 20
0.0
 30
0.0
210
0.0
220
0.0
230
1.0
  2
SOLID
 70
1
 71
0
 91
2
 92
1
 93
0
 97
0
 92
1
 93
2
 72
2
 10
37.5400762001524058
 20
28.5000558801117627
 40
0.8500000000000014
 50
180.0
 51
0.0
 73
1
 72
2
 10
37.5400762001524058
 20
28.5000558801117627
 40
0.8500000000000014
 50
0.0
 51
180.0
 73
1
 97
0
 75
0
 76
1
 98
0
1001
ACAD
1010
0.0
1020
0.0
1030
0
  0
HATCH
  5
16A
100
AcDbEntity
  8
Top Layer
 62
256
370
-1
 48
1.0
  6
ByLayer
100
AcDbHatch
 10
0.0
 20
0.0
 30
0.0
210
0.0
220
0.0
230
1.0
  2
SOLID
 70
1
 71
0
 91
2
 92
1
 93
0
 97
0
 92
1
 93
2
 72
2
 10
65.0001295402590813
 20
6.0000127000254011
 40
1.25
 50
180.0
 51
0.0
 73
1
 72
2
 10
65.0001295402590813
 20
6.0000127000254011
 40
1.25
 50
0.0
 51
180.0
 73
1
 97
0
 75
0
 76
1
 98
0
1001
ACAD
1010
0.0
1020
0.0
1030
0
  0
HATCH
  5
16B
100
AcDbEntity
  8
Top Layer
 62
256
370
-1
 48
1.0
  6
ByLayer
100
AcDbHatch
 10
0.0
 20
0.0
 30
0.0
210
0.0
220
0.0
230
1.0
  2
SOLID
 70
1
 71
0
 91
2
 92
1
 93
0
 97
0
 92
1
 93
2
 72
2
 10
65.0001295402590813
 20
6.0000127000254011
 40
1.25
 50
180.0
 51
0.0
 73
1
 72
2
 10
65.0001295402590813
 20
6.0000127000254011
 40
1.25
 50
0.0
 51
180.0
 73
1
 97
0
 75
0
 76
1
 98
0
1001
ACAD
1010
0.0
1020
0.0
1030
0
  0
HATCH
  5
16C
100
AcDbEntity
  8
Top Layer
 62
256
370
-1
 48
1.0
  6
ByLayer
100
AcDbHatch
 10
0.0
 20
0.0
 30
0.0
210
0.0
220
0.0
230
1.0
  2
SOLID
 70
1
 71
0
 91
2
 92
1
 93
0
 97
0
 92
1
 93
2
 72
2
 10
67.5500406400812778
 20
3.4501016002032046
 40
1.25
 50
180.0
 51
0.0
 73
1
 72
2
 10
67.5500406400812778
 20
3.4501016002032046
 40
1.25
 50
0.0
 51
180.0
 73
1
 97
0
 75
0
 76
1
 98
0
1001
ACAD
1010
0.0
1020
0.0
1030
0
  0
HATCH
  5
16D
100
AcDbEntity
  8
Top Layer
 62
256
370
-1
 48
1.0
  6
ByLayer
100
AcDbHatch
 10
0.0
 20
0.0
 30
0.0
210
0.0
220
0.0
230
1.0
  2
SOLID
 70
1
 71
0
 91
2
 92
1
 93
0
 97
0
 92
1
 93
2
 72
2
 10
67.5500406400812778
 20
3.4501016002032046
 40
1.25
 50
180.0
 51
0.0
 73
1
 72
2
 10
67.5500406400812778
 20
3.4501016002032046
 40
1.25
 50
0.0
 51
180.0
 73
1
 97
0
 75
0
 76
1
 98
0
1001
ACAD
1010
0.0
1020
0.0
1030
0
  0
HATCH
  5
16E
100
AcDbEntity
  8
Top Layer
 62
256
370
-1
 48
1.0
  6
ByLayer
100
AcDbHatch
 10
0.0
 20
0.0
 30
0.0
210
0.0
220
0.0
230
1.0
  2
SOLID
 70
1
 71
0
 91
2
 92
1
 93
0
 97
0
 92
1
 93
2
 72
2
 10
67.5500406400812778
 20
8.5499237998475976
 40
1.25
 50
180.0
 51
0.0
 73
1
 72
2
 10
67.5500406400812778
 20
8.5499237998475976
 40
1.25
 50
0.0
 51
180.0
 73
1
 97
0
 75
0
 76
1
 98
0
1001
ACAD
1010
0.0
1020
0.0
1030
0
  0
HATCH
  5
16F
100
AcDbEntity
  8
Top Layer
 62
256
370
-1
 48
1.0
  6
ByLayer
100
AcDbHatch
 10
0.0
 20
0.0
 30
0.0
210
0.0
220
0.0
230
1.0
  2
SOLID
 70
1
 71
0
 91
2
 92
1
 93
0
 97
0
 92
1
 93
2
 72
2
 10
67.5500406400812778
 20
8.5499237998475976
 40
1.25
 50
180.0
 51
0.0
 73
1
 72
2
 10
67.5500406400812778
 20
8.5499237998475976
 40
1.25
 50
0.0
 51
180.0
 73
1
 97
0
 75
0
 76
1
 98
0
1001
ACAD
1010
0.0
1020
0.0
1030
0
  0
HATCH
  5
170
100
AcDbEntity
  8
Top Layer
 62
256
370
-1
 48
1.0
  6
ByLayer
100
AcDbHatch
 10
0.0
 20
0.0
 30
0.0
210
0.0
220
0.0
230
1.0
  2
SOLID
 70
1
 71
0
 91
2
 92
1
 93
0
 97
0
 92
1
 93
2
 72
2
 10
62.4502184404368919
 20
8.5499237998475976
 40
1.25
 50
180.0
 51
0.0
 73
1
 72
2
 10
62.4502184404368919
 20
8.5499237998475976
 40
1.25
 50
0.0
 51
180.0
 73
1
 97
0
 75
0
 76
1
 98
0
1001
ACAD
1010
0.0
1020
0.0
1030
0
  0
HATCH
  5
171
100
AcDbEntity
  8
Top Layer
 62
256
370
-1
 48
1.0
  6
ByLayer
100
AcDbHatch
 10
0.0
 20
0.0
 30
0.0
210
0.0
220
0.0
230
1.0
  2
SOLID
 70
1
 71
0
 91
2
 92
1
 93
0
 97
0
 92
1
 93
2
 72
2
 10
62.4502184404368919
 20
8.5499237998475976
 40
1.25
 50
180.0
 51
0.0
 73
1
 72
2
 10
62.4502184404368919
 20
8.5499237998475976
 40
1.25
 50
0.0
 51
180.0
 73
1
 97
0
 75
0
 76
1
 98
0
1001
ACAD
1010
0.0
1020
0.0
1030
0
  0
HATCH
  5
172
100
AcDbEntity
  8
Top Layer
 62
256
370
-1
 48
1.0
  6
ByLayer
100
AcDbHatch
 10
0.0
 20
0.0
 30
0.0
210
0.0
220
0.0
230
1.0
  2
SOLID
 70
1
 71
0
 91
2
 92
1
 93
0
 97
0
 92
1
 93
2
 72
2
 10
62.4502184404368919
 20
3.4501016002032046
 40
1.25
 50
180.0
 51
0.0
 73
1
 72
2
 10
62.4502184404368919
 20
3.4501016002032046
 40
1.25
 50
0.0
 51
180.0
 73
1
 97
0
 75
0
 76
1
 98
0
1001
ACAD
1010
0.0
1020
0.0
1030
0
  0
HATCH
  5
173
100
AcDbEntity
  8
Top Layer
 62
256
370
-1
 48
1.0
  6
ByLayer
100
AcDbHatch
 10
0.0
 20
0.0
 30
0.0
210
0.0
220
0.0
230
1.0
  2
SOLID
 70
1
 71
0
 91
2
 92
1
 93
0
 97
0
 92
1
 93
2
 72
2
 10
62.4502184404368919
 20
3.4501016002032046
 40
1.25
 50
180.0
 51
0.0
 73
1
 72
2
 10
62.4502184404368919
 20
3.4501016002032046
 40
1.25
 50
0.0
 51
180.0
 73
1
 97
0
 75
0
 76
1
 98
0
1001
ACAD
1010
0.0
1020
0.0
1030
0
  0
HATCH
  5
174
100
AcDbEntity
  8
Top Layer
 62
256
370
-1
 48
1.0
  6
ByLayer
100
AcDbHatch
 10
0.0
 20
0.0
 30
0.0
210
0.0
220
0.0
230
1.0
  2
SOLID
 70
1
 71
0
 91
2
 92
1
 93
0
 97
0
 92
1
 93
2
 72
2
 10
65.0001295402590813
 20
24.000048260096527
 40
1.25
 50
180.0
 51
0.0
 73
1
 72
2
 10
65.0001295402590813
 20
24.000048260096527
 40
1.25
 50
0.0
 51
180.0
 73
1
 97
0
 75
0
 76
1
 98
0
1001
ACAD
1010
0.0
1020
0.0
1030
0
  0
HATCH
  5
175
100
AcDbEntity
  8
Top Layer
 62
256
370
-1
 48
1.0
  6
ByLayer
100
AcDbHatch
 10
0.0
 20
0.0
 30
0.0
210
0.0
220
0.0
230
1.0
  2
SOLID
 70
1
 71
0
 91
2
 92
1
 93
0
 97
0
 92
1
 93
2
 72
2
 10
65.0001295402590813
 20
24.000048260096527
 40
1.25
 50
180.0
 51
0.0
 73
1
 72
2
 10
65.0001295402590813
 20
24.000048260096527
 40
1.25
 50
0.0
 51
180.0
 73
1
 97
0
 75
0
 76
1
 98
0
1001
ACAD
1010
0.0
1020
0.0
1030
0
  0
HATCH
  5
176
100
AcDbEntity
  8
Top Layer
 62
256
370
-1
 48
1.0
  6
ByLayer
100
AcDbHatch
 10
0.0
 20
0.0
 30
0.0
210
0.0
220
0.0
230
1.0
  2
SOLID
 70
1
 71
0
 91
2
 92
1
 93
0
 97
0
 92
1
 93
2
 72
2
 10
67.5500406400812778
 20
21.4501371602743234
 40
1.25
 50
180.0
 51
0.0
 73
1
 72
2
 10
67.5500406400812778
 20
21.4501371602743234
 40
1.25
 50
0.0
 51
180.0
 73
1
 97
0
 75
0
 76
1
 98
0
1001
ACAD
1010
0.0
1020
0.0
1030
0
  0
HATCH
  5
177
100
AcDbEntity
  8
Top Layer
 62
256
370
-1
 48
1.0
  6
ByLayer
100
AcDbHatch
 10
0.0
 20
0.0
 30
0.0
210
0.0
220
0.0
230
1.0
  2
SOLID
 70
1
 71
0
 91
2
 92
1
 93
0
 97
0
 92
1
 93
2
 72
2
 10
67.5500406400812778
 20
21.4501371602743234
 40
1.25
 50
180.0
 51
0.0
 73
1
 72
2
 10
67.5500406400812778
 20
21.4501371602743234
 40
1.25
 50
0.0
 51
180.0
 73
1
 97
0
 75
0
 76
1
 98
0
1001
ACAD
1010
0.0
1020
0.0
1030
0
  0
HATCH
  5
178
100
AcDbEntity
  8
Top Layer
 62
256
370
-1
 48
1.0
  6
ByLayer
100
AcDbHatch
 10
0.0
 20
0.0
 30
0.0
210
0.0
220
0.0
230
1.0
  2
SOLID
 70
1
 71
0
 91
2
 92
1
 93
0
 97
0
 92
1
 93
2
 72
2
 10
67.5500406400812778
 20
26.5499593599187271
 40
1.25
 50
180.0
 51
0.0
 73
1
 72
2
 10
67.5500406400812778
 20
26.5499593599187271
 40
1.25
 50
0.0
 51
180.0
 73
1
 97
0
 75
0
 76
1
 98
0
1001
ACAD
1010
0.0
1020
0.0
1030
0
  0
HATCH
  5
179
100
AcDbEntity
  8
Top Layer
 62
256
370
-1
 48
1.0
  6
ByLayer
100
AcDbHatch
 10
0.0
 20
0.0
 30
0.0
210
0.0
220
0.0
230
1.0
  2
SOLID
 70
1
 71
0
 91
2
 92
1
 93
0
 97
0
 92
1
 93
2
 72
2
 10
67.5500406400812778
 20
26.5499593599187271
 40
1.25
 50
180.0
 51
0.0
 73
1
 72
2
 10
67.5500406400812778
 20
26.5499593599187271
 40
1.25
 50
0.0
 51
180.0
 73
1
 97
0
 75
0
 76
1
 98
0
1001
ACAD
1010
0.0
1020
0.0
1030
0
  0
HATCH
  5
17A
100
AcDbEntity
  8
Top Layer
 62
256
370
-1
 48
1.0
  6
ByLayer
100
AcDbHatch
 10
0.0
 20
0.0
 30
0.0
210
0.0
220
0.0
230
1.0
  2
SOLID
 70
1
 71
0
 91
2
 92
1
 93
0
 97
0
 92
1
 93
2
 72
2
 10
62.4502184404368919
 20
26.5499593599187236
 40
1.25
 50
180.0
 51
0.0
 73
1
 72
2
 10
62.4502184404368919
 20
26.5499593599187236
 40
1.25
 50
0.0
 51
180.0
 73
1
 97
0
 75
0
 76
1
 98
0
1001
ACAD
1010
0.0
1020
0.0
1030
0
  0
HATCH
  5
17B
100
AcDbEntity
  8
Top Layer
 62
256
370
-1
 48
1.0
  6
ByLayer
100
AcDbHatch
 10
0.0
 20
0.0
 30
0.0
210
0.0
220
0.0
230
1.0
  2
SOLID
 70
1
 71
0
 91
2
 92
1
 93
0
 97
0
 92
1
 93
2
 72
2
 10
62.4502184404368919
 20
26.5499593599187236
 40
1.25
 50
180.0
 51
0.0
 73
1
 72
2
 10
62.4502184404368919
 20
26.5499593599187236
 40
1.25
 50
0.0
 51
180.0
 73
1
 97
0
 75
0
 76
1
 98
0
1001
ACAD
1010
0.0
1020
0.0
1030
0
  0
HATCH
  5
17C
100
AcDbEntity
  8
Top Layer
 62
256
370
-1
 48
1.0
  6
ByLayer
100
AcDbHatch
 10
0.0
 20
0.0
 30
0.0
210
0.0
220
0.0
230
1.0
  2
SOLID
 70
1
 71
0
 91
2
 92
1
 93
0
 97
0
 92
1
 93
2
 72
2
 10
62.4502184404368919
 20
21.4501371602743234
 40
1.25
 50
180.0
 51
0.0
 73
1
 72
2
 10
62.4502184404368919
 20
21.4501371602743234
 40
1.25
 50
0.0
 51
180.0
 73
1
 97
0
 75
0
 76
1
 98
0
1001
ACAD
1010
0.0
1020
0.0
1030
0
  0
HATCH
  5
17D
100
AcDbEntity
  8
Top Layer
 62
256
370
-1
 48
1.0
  6
ByLayer
100
AcDbHatch
 10
0.0
 20
0.0
 30
0.0
210
0.0
220
0.0
230
1.0
  2
SOLID
 70
1
 71
0
 91
2
 92
1
 93
0
 97
0
 92
1
 93
2
 72
2
 10
62.4502184404368919
 20
21.4501371602743234
 40
1.25
 50
180.0
 51
0.0
 73
1
 72
2
 10
62.4502184404368919
 20
21.4501371602743234
 40
1.25
 50
0.0
 51
180.0
 73
1
 97
0
 75
0
 76
1
 98
0
1001
ACAD
1010
0.0
1020
0.0
1030
0
  0
LWPOLYLINE
  5
17E
100
AcDbEntity
  8
Top Layer
 62
256
370
-1
 48
1.0
  6
ByLayer
100
AcDbPolyline
 90
4
 70
1
 10
9.1600203200406405
 20
24.1206502413004884
 10
11.1600203200406405
 20
24.1206502413004849
 10
11.1600203200406405
 20
26.1206502413004849
 10
9.1600203200406405
 20
26.1206502413004884
  0
HATCH
  5
17F
100
AcDbEntity
  8
Top Layer
 62
256
370
-1
 48
1.0
  6
ByLayer
100
AcDbHatch
 10
0.0
 20
0.0
 30
0.0
210
0.0
220
0.0
230
1.0
  2
SOLID
 70
1
 71
0
 91
2
 92
1
 93
0
 97
0
 92
1
 93
4
 72
1
 10
9.1600203200406405
 20
24.1206502413004884
 11
11.1600203200406405
 21
24.1206502413004849
 72
1
 10
11.1600203200406405
 20
24.1206502413004849
 11
11.1600203200406405
 21
26.1206502413004849
 72
1
 10
11.1600203200406405
 20
26.1206502413004849
 11
9.1600203200406405
 21
26.1206502413004884
 72
1
 10
9.1600203200406405
 20
26.1206502413004884
 11
9.1600203200406405
 21
24.1206502413004884
 97
0
 75
0
 76
1
 98
0
1001
ACAD
1010
0.0
1020
0.0
1030
0
  0
HATCH
  5
180
100
AcDbEntity
  8
Top Layer
 62
256
370
-1
 48
1.0
  6
ByLayer
100
AcDbHatch
 10
0.0
 20
0.0
 30
0.0
210
0.0
220
0.0
230
1.0
  2
SOLID
 70
1
 71
0
 91
2
 92
1
 93
0
 97
0
 92
1
 93
2
 72
2
 10
10.1600203200406405
 20
27.6606553213106494
 40
1.0
 50
180.0
 51
0.0
 73
1
 72
2
 10
10.1600203200406405
 20
27.6606553213106494
 40
1.0
 50
0.0
 51
180.0
 73
1
 97
0
 75
0
 76
1
 98
0
1001
ACAD
1010
0.0
1020
0.0
1030
0
  0
HATCH
  5
181
100
AcDbEntity
  8
Top Layer
 62
256
370
-1
 48
1.0
  6
ByLayer
100
AcDbHatch
 10
0.0
 20
0.0
 30
0.0
210
0.0
220
0.0
230
1.0
  2
SOLID
 70
1
 71
0
 91
2
 92
1
 93
0
 97
0
 92
1
 93
2
 72
2
 10
10.1600203200406405
 20
27.6606553213106494
 40
1.0
 50
180.0
 51
0.0
 73
1
 72
2
 10
10.1600203200406405
 20
27.6606553213106494
 40
1.0
 50
0.0
 51
180.0
 73
1
 97
0
 75
0
 76
1
 98
0
1001
ACAD
1010
0.0
1020
0.0
1030
0
  0
LWPOLYLINE
  5
182
100
AcDbEntity
  8
Top Silkscreen Layer
 62
256
370
-1
 48
1.0
  6
ByLayer
100
AcDbPolyline
 90
2
 70
1
 10
52.2862839725679436
 20
3.8000076200152364
 42
0.9999999999999999
 10
59.6741173482347094
 20
3.8000076200152364
 42
0.9999999999999999
  0
LWPOLYLINE
  5
183
100
AcDbEntity
  8
Top Silkscreen Layer
 62
256
370
-1
 48
1.0
  6
ByLayer
100
AcDbPolyline
 90
2
 70
1
 10
52.2862839725679436
 20
26.2000533401066882
 42
0.9999999999999999
 10
59.6741173482347094
 20
26.2000533401066882
 42
0.9999999999999999
  0
LWPOLYLINE
  5
184
100
AcDbEntity
  8
Top Silkscreen Layer
 62
256
370
-1
 48
1.0
  6
ByLayer
100
AcDbPolyline
 90
2
 70
0
 10
59.733919227838463
 20
3.8000076200152364
 10
60.3943205486411117
 20
3.8000076200152364
  0
LWPOLYLINE
  5
185
100
AcDbEntity
  8
Top Silkscreen Layer
 62
256
370
-1
 48
1.0
  6
ByLayer
100
AcDbPolyline
 90
2
 70
0
 10
56.0001117602235254
 20
7.5338150876301668
 10
56.0001117602235254
 20
8.1942164084328155
  0
LWPOLYLINE
  5
186
100
AcDbEntity
  8
Top Silkscreen Layer
 62
256
370
-1
 48
1.0
  6
ByLayer
100
AcDbPolyline
 90
2
 70
0
 10
56.0001117602235254
 20
-0.5942011684023427
 10
56.0001117602235254
 20
0.066200152400306
  0
LWPOLYLINE
  5
187
100
AcDbEntity
  8
Top Silkscreen Layer
 62
256
370
-1
 48
1.0
  6
ByLayer
100
AcDbPolyline
 90
2
 70
0
 10
51.5805029210058521
 20
3.8000076200152364
 10
52.2409042418084866
 20
3.8000076200152364
  0
LWPOLYLINE
  5
188
100
AcDbEntity
  8
Top Silkscreen Layer
 62
256
370
-1
 48
1.0
  6
ByLayer
100
AcDbPolyline
 90
2
 70
0
 10
59.733919227838463
 20
26.2000533401066882
 10
60.3943205486411117
 20
26.2000533401066882
  0
LWPOLYLINE
  5
189
100
AcDbEntity
  8
Top Silkscreen Layer
 62
256
370
-1
 48
1.0
  6
ByLayer
100
AcDbPolyline
 90
2
 70
0
 10
56.0001117602235254
 20
29.9338608077216222
 10
56.0001117602235254
 20
30.5942621285242637
  0
LWPOLYLINE
  5
18A
100
AcDbEntity
  8
Top Silkscreen Layer
 62
256
370
-1
 48
1.0
  6
ByLayer
100
AcDbPolyline
 90
2
 70
0
 10
56.0001117602235254
 20
21.8058445516891126
 10
56.0001117602235254
 20
22.4662458724917506
  0
LWPOLYLINE
  5
18B
100
AcDbEntity
  8
Top Silkscreen Layer
 62
256
370
-1
 48
1.0
  6
ByLayer
100
AcDbPolyline
 90
2
 70
0
 10
51.5805029210058521
 20
26.2000533401066882
 10
52.2409042418084866
 20
26.2000533401066882
  0
LWPOLYLINE
  5
18C
100
AcDbEntity
  8
Top Silkscreen Layer
 62
256
370
-1
 48
1.0
  6
ByLayer
100
AcDbPolyline
 90
2
 70
0
 10
22.2250444500889017
 20
19.8615697231394464
 10
12.0911861823723683
 20
19.8615697231394464
  0
LWPOLYLINE
  5
18D
100
AcDbEntity
  8
Top Silkscreen Layer
 62
256
370
-1
 48
1.0
  6
ByLayer
100
AcDbPolyline
 90
2
 70
0
 10
22.2250444500889017
 20
19.8615697231394464
 10
22.2250444500889017
 20
30.0215900431800904
  0
LWPOLYLINE
  5
18E
100
AcDbEntity
  8
Top Silkscreen Layer
 62
256
370
-1
 48
1.0
  6
ByLayer
100
AcDbPolyline
 90
2
 70
0
 10
22.2250444500889017
 20
30.0215900431800904
 10
12.0911861823723683
 20
30.0215900431800904
  0
LWPOLYLINE
  5
18F
100
AcDbEntity
  8
Top Silkscreen Layer
 62
256
370
-1
 48
1.0
  6
ByLayer
100
AcDbPolyline
 90
2
 70
0
 10
22.2250444500889017
 20
20.8529337058674216
 10
12.1087122174244364
 20
20.8529337058674216
  0
LWPOLYLINE
  5
190
100
AcDbEntity
  8
Top Silkscreen Layer
 62
256
370
-1
 48
1.0
  6
ByLayer
100
AcDbPolyline
 90
2
 70
0
 10
12.0650241300482612
 20
19.8641097282194607
 10
12.0650241300482612
 20
30.0241300482601012
  0
LWPOLYLINE
  5
191
100
AcDbEntity
  8
Top Silkscreen Layer
 62
256
370
-1
 48
1.0
  6
ByLayer
100
AcDbPolyline
 90
2
 70
0
 10
22.2250444500889017
 20
29.6266192532385126
 10
12.0797561595123177
 20
29.6266192532385126
  0
LWPOLYLINE
  5
192
100
AcDbEntity
  8
Top Silkscreen Layer
 62
256
370
-1
 48
1.0
  6
ByLayer
100
AcDbPolyline
 90
2
 70
0
 10
14.1351282702565442
 20
20.8440436880873747
 10
13.1750063500127013
 20
19.883921767843546
  0
LWPOLYLINE
  5
193
100
AcDbEntity
  8
Top Silkscreen Layer
 62
256
370
-1
 48
1.0
  6
ByLayer
100
AcDbPolyline
 90
2
 70
0
 10
15.0650241300482648
 20
20.8440436880873747
 10
16.0251460502921006
 20
19.883921767843546
  0
LWPOLYLINE
  5
194
100
AcDbEntity
  8
Top Silkscreen Layer
 62
256
370
-1
 48
1.0
  6
ByLayer
100
AcDbPolyline
 90
2
 70
0
 10
18.8549657099314203
 20
20.8257556515113009
 10
17.8948437896875809
 20
19.8656337312674722
  0
LWPOLYLINE
  5
195
100
AcDbEntity
  8
Top Silkscreen Layer
 62
256
370
-1
 48
1.0
  6
ByLayer
100
AcDbPolyline
 90
2
 70
0
 10
20.0452120904241866
 20
20.8257556515113009
 10
21.0053340106680224
 20
19.8656337312674722
  0
LWPOLYLINE
  5
196
100
AcDbEntity
  8
Top Silkscreen Layer
 62
256
370
-1
 48
1.0
  6
ByLayer
100
AcDbPolyline
 90
2
 70
0
 10
39.0200863601727193
 20
29.7700584201168432
 10
39.0200863601727193
 20
27.2300533401066822
  0
LWPOLYLINE
  5
197
100
AcDbEntity
  8
Top Silkscreen Layer
 62
256
370
-1
 48
1.0
  6
ByLayer
100
AcDbPolyline
 90
2
 70
0
 10
30.9800558801117631
 20
29.7700584201168432
 10
39.0200863601727193
 20
29.7700584201168432
  0
LWPOLYLINE
  5
198
100
AcDbEntity
  8
Top Silkscreen Layer
 62
256
370
-1
 48
1.0
  6
ByLayer
100
AcDbPolyline
 90
2
 70
0
 10
33.7535890271780588
 20
29.7700584201168432
 10
33.7535890271780588
 20
27.2300533401066822
  0
LWPOLYLINE
  5
199
100
AcDbEntity
  8
Top Silkscreen Layer
 62
256
370
-1
 48
1.0
  6
ByLayer
100
AcDbPolyline
 90
2
 70
0
 10
30.9800558801117631
 20
27.2300533401066822
 10
39.0200863601727193
 20
27.2300533401066822
  0
LWPOLYLINE
  5
19A
100
AcDbEntity
  8
Top Silkscreen Layer
 62
256
370
-1
 48
1.0
  6
ByLayer
100
AcDbPolyline
 90
2
 70
0
 10
30.9800558801117631
 20
29.7700584201168432
 10
30.9800558801117631
 20
27.2300533401066822
  0
LWPOLYLINE
  5
19B
100
AcDbEntity
  8
Top Silkscreen Layer
 62
256
370
-1
 48
1.0
  6
ByLayer
100
AcDbPolyline
 90
2
 70
0
 10
78.5561620523241118
 20
8.700012700025411
 10
69.02364998729999
 20
8.7000127000254039
  0
LWPOLYLINE
  5
19C
100
AcDbEntity
  8
Top Silkscreen Layer
 62
256
370
-1
 48
1.0
  6
ByLayer
100
AcDbPolyline
 90
2
 70
0
 10
78.5561620523241118
 20
3.3000127000254054
 10
69.02364998729999
 20
3.3000127000254054
  0
LWPOLYLINE
  5
19D
100
AcDbEntity
  8
Top Silkscreen Layer
 62
256
370
-1
 48
1.0
  6
ByLayer
100
AcDbPolyline
 90
2
 70
0
 10
78.5561620523241118
 20
6.0244729489459061
 10
78.5561620523241118
 20
8.700012700025411
  0
LWPOLYLINE
  5
19E
100
AcDbEntity
  8
Top Silkscreen Layer
 62
256
370
-1
 48
1.0
  6
ByLayer
100
AcDbPolyline
 90
2
 70
0
 10
78.5561620523241118
 20
6.0244729489459061
 10
78.5561620523241118
 20
3.3000127000254054
  0
LWPOLYLINE
  5
19F
100
AcDbEntity
  8
Top Silkscreen Layer
 62
256
370
-1
 48
1.0
  6
ByLayer
100
AcDbPolyline
 90
2
 70
0
 10
63.6416078232156579
 20
2.5710058420116866
 10
66.270132080264176
 20
2.5710058420116866
  0
LWPOLYLINE
  5
1A0
100
AcDbEntity
  8
Top Silkscreen Layer
 62
256
370
-1
 48
1.0
  6
ByLayer
100
AcDbPolyline
 90
2
 70
0
 10
61.4441224282448601
 20
7.4638684277368625
 10
61.4441224282448601
 20
4.5361569723139539
  0
LWPOLYLINE
  5
1A1
100
AcDbEntity
  8
Top Silkscreen Layer
 62
256
370
-1
 48
1.0
  6
ByLayer
100
AcDbPolyline
 90
2
 70
0
 10
66.3586512573025118
 20
9.4290195580391156
 10
63.6416078232156579
 20
9.4290195580391156
  0
LWPOLYLINE
  5
1A2
100
AcDbEntity
  8
Top Silkscreen Layer
 62
256
370
-1
 48
1.0
  6
ByLayer
100
AcDbPolyline
 90
2
 70
0
 10
68.5561366522733238
 20
4.5361569723139468
 10
68.5561366522733238
 20
7.4638684277368554
  0
LWPOLYLINE
  5
1A3
100
AcDbEntity
  8
Top Silkscreen Layer
 62
256
370
-1
 48
1.0
  6
ByLayer
100
AcDbPolyline
 90
2
 70
0
 10
77.5646964693929419
 20
3.3000127000254054
 10
77.5646964693929419
 20
8.700012700025411
  0
LWPOLYLINE
  5
1A4
100
AcDbEntity
  8
Top Silkscreen Layer
 62
256
370
-1
 48
1.0
  6
ByLayer
100
AcDbPolyline
 90
2
 70
0
 10
76.893423926847845
 20
8.7000127000254039
 10
77.5368834137668159
 20
3.3000127000254054
  0
LWPOLYLINE
  5
1A5
100
AcDbEntity
  8
Top Silkscreen Layer
 62
256
370
-1
 48
1.0
  6
ByLayer
100
AcDbPolyline
 90
2
 70
0
 10
76.893423926847845
 20
3.3000127000253983
 10
76.893423926847845
 20
8.7000127000254039
  0
LWPOLYLINE
  5
1A6
100
AcDbEntity
  8
Top Silkscreen Layer
 62
256
370
-1
 48
1.0
  6
ByLayer
100
AcDbPolyline
 90
2
 70
0
 10
76.2402616205232562
 20
8.7000127000254039
 10
76.8837211074422271
 20
3.3000127000253983
  0
LWPOLYLINE
  5
1A7
100
AcDbEntity
  8
Top Silkscreen Layer
 62
256
370
-1
 48
1.0
  6
ByLayer
100
AcDbPolyline
 90
2
 70
0
 10
76.2402616205232562
 20
3.3000127000253983
 10
76.2402616205232562
 20
8.7000127000254039
  0
LWPOLYLINE
  5
1A8
100
AcDbEntity
  8
Top Silkscreen Layer
 62
256
370
-1
 48
1.0
  6
ByLayer
100
AcDbPolyline
 90
2
 70
0
 10
75.5689890779781592
 20
8.7000127000254039
 10
76.2124485648971302
 20
3.3000127000253983
  0
LWPOLYLINE
  5
1A9
100
AcDbEntity
  8
Top Silkscreen Layer
 62
256
370
-1
 48
1.0
  6
ByLayer
100
AcDbPolyline
 90
2
 70
0
 10
75.5689890779781592
 20
3.3000127000253983
 10
75.5689890779781592
 20
8.7000127000254039
  0
LWPOLYLINE
  5
1AA
100
AcDbEntity
  8
Top Silkscreen Layer
 62
256
370
-1
 48
1.0
  6
ByLayer
100
AcDbPolyline
 90
2
 70
0
 10
74.915826771653542
 20
8.7000127000254039
 10
75.5592862585725129
 20
3.3000127000253983
  0
LWPOLYLINE
  5
1AB
100
AcDbEntity
  8
Top Silkscreen Layer
 62
256
370
-1
 48
1.0
  6
ByLayer
100
AcDbPolyline
 90
2
 70
0
 10
74.915826771653542
 20
3.3000127000253983
 10
74.915826771653542
 20
8.7000127000254039
  0
LWPOLYLINE
  5
1AC
100
AcDbEntity
  8
Top Silkscreen Layer
 62
256
370
-1
 48
1.0
  6
ByLayer
100
AcDbPolyline
 90
2
 70
0
 10
74.2445542291084735
 20
8.7000127000254039
 10
74.8880137160274444
 20
3.3000127000253983
  0
LWPOLYLINE
  5
1AD
100
AcDbEntity
  8
Top Silkscreen Layer
 62
256
370
-1
 48
1.0
  6
ByLayer
100
AcDbPolyline
 90
2
 70
0
 10
74.2445542291084735
 20
3.3000127000253983
 10
74.2445542291084735
 20
8.7000127000254039
  0
LWPOLYLINE
  5
1AE
100
AcDbEntity
  8
Top Silkscreen Layer
 62
256
370
-1
 48
1.0
  6
ByLayer
100
AcDbPolyline
 90
2
 70
0
 10
73.5914173228346442
 20
8.7000127000254039
 10
74.2348768097536151
 20
3.3000127000253983
  0
LWPOLYLINE
  5
1AF
100
AcDbEntity
  8
Top Silkscreen Layer
 62
256
370
-1
 48
1.0
  6
ByLayer
100
AcDbPolyline
 90
2
 70
0
 10
73.5914173228346442
 20
3.3000127000254054
 10
73.5914173228346442
 20
8.7000127000254039
  0
LWPOLYLINE
  5
1B0
100
AcDbEntity
  8
Top Silkscreen Layer
 62
256
370
-1
 48
1.0
  6
ByLayer
100
AcDbPolyline
 90
2
 70
0
 10
72.9564160528321111
 20
8.7000127000254039
 10
73.599875539751082
 20
3.3000127000254054
  0
LWPOLYLINE
  5
1B1
100
AcDbEntity
  8
Top Silkscreen Layer
 62
256
370
-1
 48
1.0
  6
ByLayer
100
AcDbPolyline
 90
2
 70
0
 10
72.9564160528321111
 20
3.3000127000254054
 10
72.9564160528321111
 20
8.7000127000254039
  0
LWPOLYLINE
  5
1B2
100
AcDbEntity
  8
Top Silkscreen Layer
 62
256
370
-1
 48
1.0
  6
ByLayer
100
AcDbPolyline
 90
2
 70
0
 10
72.3032537465074938
 20
8.7000127000254039
 10
72.9467132334264932
 20
3.3000127000254054
  0
LWPOLYLINE
  5
1B3
100
AcDbEntity
  8
Top Silkscreen Layer
 62
256
370
-1
 48
1.0
  6
ByLayer
100
AcDbPolyline
 90
2
 70
0
 10
72.3032537465074938
 20
3.3000127000254054
 10
72.3032537465074938
 20
8.7000127000254039
  0
LWPOLYLINE
  5
1B4
100
AcDbEntity
  8
Top Silkscreen Layer
 62
256
370
-1
 48
1.0
  6
ByLayer
100
AcDbPolyline
 90
2
 70
0
 10
71.6682524765049607
 20
8.7000127000254039
 10
72.3117119634239316
 20
3.3000127000254054
  0
LWPOLYLINE
  5
1B5
100
AcDbEntity
  8
Top Silkscreen Layer
 62
256
370
-1
 48
1.0
  6
ByLayer
100
AcDbPolyline
 90
2
 70
0
 10
71.6682524765049607
 20
3.3000127000254054
 10
71.6682524765049607
 20
8.7000127000254039
  0
LWPOLYLINE
  5
1B6
100
AcDbEntity
  8
Top Silkscreen Layer
 62
256
370
-1
 48
1.0
  6
ByLayer
100
AcDbPolyline
 90
2
 70
0
 10
70.9606832613665404
 20
3.3000127000254054
 10
70.9606832613665404
 20
8.7000127000254039
  0
LWPOLYLINE
  5
1B7
100
AcDbEntity
  8
Top Silkscreen Layer
 62
256
370
-1
 48
1.0
  6
ByLayer
100
AcDbPolyline
 90
2
 70
0
 10
70.9606832613665404
 20
8.7000127000254039
 10
71.6041427482855113
 20
3.3000127000254054
  0
LWPOLYLINE
  5
1B8
100
AcDbEntity
  8
Top Silkscreen Layer
 62
256
370
-1
 48
1.0
  6
ByLayer
100
AcDbPolyline
 90
2
 70
0
 10
78.5561620523241118
 20
26.7000482600965228
 10
69.02364998729999
 20
26.7000482600965228
  0
LWPOLYLINE
  5
1B9
100
AcDbEntity
  8
Top Silkscreen Layer
 62
256
370
-1
 48
1.0
  6
ByLayer
100
AcDbPolyline
 90
2
 70
0
 10
78.5561620523241118
 20
21.3000482600965171
 10
69.02364998729999
 20
21.3000482600965171
  0
LWPOLYLINE
  5
1BA
100
AcDbEntity
  8
Top Silkscreen Layer
 62
256
370
-1
 48
1.0
  6
ByLayer
100
AcDbPolyline
 90
2
 70
0
 10
78.5561620523241118
 20
24.0245085090170214
 10
78.5561620523241118
 20
26.7000482600965228
  0
LWPOLYLINE
  5
1BB
100
AcDbEntity
  8
Top Silkscreen Layer
 62
256
370
-1
 48
1.0
  6
ByLayer
100
AcDbPolyline
 90
2
 70
0
 10
78.5561620523241118
 20
24.0245085090170214
 10
78.5561620523241118
 20
21.3000482600965171
  0
LWPOLYLINE
  5
1BC
100
AcDbEntity
  8
Top Silkscreen Layer
 62
256
370
-1
 48
1.0
  6
ByLayer
100
AcDbPolyline
 90
2
 70
0
 10
63.6416078232156579
 20
20.5710414020827983
 10
66.270132080264176
 20
20.5710414020827983
  0
LWPOLYLINE
  5
1BD
100
AcDbEntity
  8
Top Silkscreen Layer
 62
256
370
-1
 48
1.0
  6
ByLayer
100
AcDbPolyline
 90
2
 70
0
 10
61.4441224282448601
 20
25.4639039878079778
 10
61.4441224282448601
 20
22.5361925323850656
  0
LWPOLYLINE
  5
1BE
100
AcDbEntity
  8
Top Silkscreen Layer
 62
256
370
-1
 48
1.0
  6
ByLayer
100
AcDbPolyline
 90
2
 70
0
 10
66.3586512573025118
 20
27.4290551181102416
 10
63.6416078232156579
 20
27.4290551181102416
  0
LWPOLYLINE
  5
1BF
100
AcDbEntity
  8
Top Silkscreen Layer
 62
256
370
-1
 48
1.0
  6
ByLayer
100
AcDbPolyline
 90
2
 70
0
 10
68.5561366522733238
 20
22.5361925323850691
 10
68.5561366522733238
 20
25.4639039878079814
  0
LWPOLYLINE
  5
1C0
100
AcDbEntity
  8
Top Silkscreen Layer
 62
256
370
-1
 48
1.0
  6
ByLayer
100
AcDbPolyline
 90
2
 70
0
 10
77.5646964693929419
 20
21.3000482600965242
 10
77.5646964693929419
 20
26.7000482600965228
  0
LWPOLYLINE
  5
1C1
100
AcDbEntity
  8
Top Silkscreen Layer
 62
256
370
-1
 48
1.0
  6
ByLayer
100
AcDbPolyline
 90
2
 70
0
 10
76.893423926847845
 20
26.7000482600965228
 10
77.5368834137668159
 20
21.3000482600965242
  0
LWPOLYLINE
  5
1C2
100
AcDbEntity
  8
Top Silkscreen Layer
 62
256
370
-1
 48
1.0
  6
ByLayer
100
AcDbPolyline
 90
2
 70
0
 10
76.893423926847845
 20
21.3000482600965171
 10
76.893423926847845
 20
26.7000482600965228
  0
LWPOLYLINE
  5
1C3
100
AcDbEntity
  8
Top Silkscreen Layer
 62
256
370
-1
 48
1.0
  6
ByLayer
100
AcDbPolyline
 90
2
 70
0
 10
76.2402616205232562
 20
26.7000482600965228
 10
76.8837211074422271
 20
21.3000482600965171
  0
LWPOLYLINE
  5
1C4
100
AcDbEntity
  8
Top Silkscreen Layer
 62
256
370
-1
 48
1.0
  6
ByLayer
100
AcDbPolyline
 90
2
 70
0
 10
76.2402616205232562
 20
21.3000482600965171
 10
76.2402616205232562
 20
26.7000482600965228
  0
LWPOLYLINE
  5
1C5
100
AcDbEntity
  8
Top Silkscreen Layer
 62
256
370
-1
 48
1.0
  6
ByLayer
100
AcDbPolyline
 90
2
 70
0
 10
75.5689890779781592
 20
26.7000482600965228
 10
76.2124485648971302
 20
21.3000482600965171
  0
LWPOLYLINE
  5
1C6
100
AcDbEntity
  8
Top Silkscreen Layer
 62
256
370
-1
 48
1.0
  6
ByLayer
100
AcDbPolyline
 90
2
 70
0
 10
75.5689890779781592
 20
21.3000482600965171
 10
75.5689890779781592
 20
26.7000482600965228
  0
LWPOLYLINE
  5
1C7
100
AcDbEntity
  8
Top Silkscreen Layer
 62
256
370
-1
 48
1.0
  6
ByLayer
100
AcDbPolyline
 90
2
 70
0
 10
74.915826771653542
 20
26.7000482600965228
 10
75.5592862585725129
 20
21.3000482600965171
  0
LWPOLYLINE
  5
1C8
100
AcDbEntity
  8
Top Silkscreen Layer
 62
256
370
-1
 48
1.0
  6
ByLayer
100
AcDbPolyline
 90
2
 70
0
 10
74.915826771653542
 20
21.3000482600965171
 10
74.915826771653542
 20
26.7000482600965228
  0
LWPOLYLINE
  5
1C9
100
AcDbEntity
  8
Top Silkscreen Layer
 62
256
370
-1
 48
1.0
  6
ByLayer
100
AcDbPolyline
 90
2
 70
0
 10
74.2445542291084735
 20
26.7000482600965228
 10
74.8880137160274444
 20
21.3000482600965171
  0
LWPOLYLINE
  5
1CA
100
AcDbEntity
  8
Top Silkscreen Layer
 62
256
370
-1
 48
1.0
  6
ByLayer
100
AcDbPolyline
 90
2
 70
0
 10
74.2445542291084735
 20
21.3000482600965171
 10
74.2445542291084735
 20
26.7000482600965228
  0
LWPOLYLINE
  5
1CB
100
AcDbEntity
  8
Top Silkscreen Layer
 62
256
370
-1
 48
1.0
  6
ByLayer
100
AcDbPolyline
 90
2
 70
0
 10
73.5914173228346442
 20
26.7000482600965228
 10
74.2348768097536151
 20
21.3000482600965171
  0
LWPOLYLINE
  5
1CC
100
AcDbEntity
  8
Top Silkscreen Layer
 62
256
370
-1
 48
1.0
  6
ByLayer
100
AcDbPolyline
 90
2
 70
0
 10
73.5914173228346442
 20
21.3000482600965171
 10
73.5914173228346442
 20
26.7000482600965228
  0
LWPOLYLINE
  5
1CD
100
AcDbEntity
  8
Top Silkscreen Layer
 62
256
370
-1
 48
1.0
  6
ByLayer
100
AcDbPolyline
 90
2
 70
0
 10
72.9564160528321111
 20
26.7000482600965228
 10
73.599875539751082
 20
21.3000482600965171
  0
LWPOLYLINE
  5
1CE
100
AcDbEntity
  8
Top Silkscreen Layer
 62
256
370
-1
 48
1.0
  6
ByLayer
100
AcDbPolyline
 90
2
 70
0
 10
72.9564160528321111
 20
21.3000482600965171
 10
72.9564160528321111
 20
26.7000482600965228
  0
LWPOLYLINE
  5
1CF
100
AcDbEntity
  8
Top Silkscreen Layer
 62
256
370
-1
 48
1.0
  6
ByLayer
100
AcDbPolyline
 90
2
 70
0
 10
72.3032537465074938
 20
26.7000482600965228
 10
72.9467132334264932
 20
21.3000482600965171
  0
LWPOLYLINE
  5
1D0
100
AcDbEntity
  8
Top Silkscreen Layer
 62
256
370
-1
 48
1.0
  6
ByLayer
100
AcDbPolyline
 90
2
 70
0
 10
72.3032537465074938
 20
21.3000482600965171
 10
72.3032537465074938
 20
26.7000482600965228
  0
LWPOLYLINE
  5
1D1
100
AcDbEntity
  8
Top Silkscreen Layer
 62
256
370
-1
 48
1.0
  6
ByLayer
100
AcDbPolyline
 90
2
 70
0
 10
71.6682524765049607
 20
26.7000482600965228
 10
72.3117119634239316
 20
21.3000482600965171
  0
LWPOLYLINE
  5
1D2
100
AcDbEntity
  8
Top Silkscreen Layer
 62
256
370
-1
 48
1.0
  6
ByLayer
100
AcDbPolyline
 90
2
 70
0
 10
71.6682524765049607
 20
21.3000482600965171
 10
71.6682524765049607
 20
26.7000482600965228
  0
LWPOLYLINE
  5
1D3
100
AcDbEntity
  8
Top Silkscreen Layer
 62
256
370
-1
 48
1.0
  6
ByLayer
100
AcDbPolyline
 90
2
 70
0
 10
70.9606832613665404
 20
21.3000482600965171
 10
70.9606832613665404
 20
26.7000482600965228
  0
LWPOLYLINE
  5
1D4
100
AcDbEntity
  8
Top Silkscreen Layer
 62
256
370
-1
 48
1.0
  6
ByLayer
100
AcDbPolyline
 90
2
 70
0
 10
70.9606832613665404
 20
26.7000482600965228
 10
71.6041427482855113
 20
21.3000482600965171
  0
LWPOLYLINE
  5
1D5
100
AcDbEntity
  8
Top Silkscreen Layer
 62
256
370
-1
 48
1.0
  6
ByLayer
100
AcDbPolyline
 90
2
 70
0
 10
8.89001778003556
 20
28.9306578613157299
 10
11.430022860045721
 20
28.9306578613157299
  0
LWPOLYLINE
  5
1D6
100
AcDbEntity
  8
Top Silkscreen Layer
 62
256
370
-1
 48
1.0
  6
ByLayer
100
AcDbPolyline
 90
2
 70
0
 10
11.430022860045721
 20
28.9306578613157299
 10
11.4300228600457245
 20
23.8506477012954079
  0
LWPOLYLINE
  5
1D7
100
AcDbEntity
  8
Top Silkscreen Layer
 62
256
370
-1
 48
1.0
  6
ByLayer
100
AcDbPolyline
 90
2
 70
0
 10
11.4300228600457245
 20
23.8506477012954079
 10
8.8900177800355635
 20
23.8506477012954079
  0
LWPOLYLINE
  5
1D8
100
AcDbEntity
  8
Top Silkscreen Layer
 62
256
370
-1
 48
1.0
  6
ByLayer
100
AcDbPolyline
 90
2
 70
0
 10
8.8900177800355635
 20
23.8506477012954079
 10
8.89001778003556
 20
25.7556515113030287
  0
LWPOLYLINE
  5
1D9
100
AcDbEntity
  8
Top Silkscreen Layer
 62
256
370
-1
 48
1.0
  6
ByLayer
100
AcDbPolyline
 90
2
 70
0
 10
8.89001778003556
 20
28.9306578613157299
 10
8.89001778003556
 20
25.7556515113030287
  0
TEXT
  5
1DA
100
AcDbEntity
  8
Top Silkscreen Layer
 62
256
370
-1
 48
1.0
  6
ByLayer
100
AcDbText
 10
0.3556007112014221
 20
26.8986537973076025
 30
0.0
 40
1.0668021336042672
  1
+5V
 50
0.0
 41
1.0
  7
textstyle12
 71
0
 72
0
 11
0.3556007112014221
 21
26.8986537973076025
 31
0.0
100
AcDbText
 73
1
  0
TEXT
  5
1DB
100
AcDbEntity
  8
Top Silkscreen Layer
 62
256
370
-1
 48
1.0
  6
ByLayer
100
AcDbText
 10
0.4826009652019305
 20
24.351028702057409
 30
0.0
 40
1.0668021336042672
  1
GND
 50
0.0
 41
1.0
  7
textstyle14
 71
0
 72
0
 11
0.4826009652019305
 21
24.351028702057409
 31
0.0
100
AcDbText
 73
1
  0
TEXT
  5
1DC
100
AcDbEntity
  8
Top Silkscreen Layer
 62
256
370
-1
 48
1.0
  6
ByLayer
100
AcDbText
 10
8.2207264414528822
 20
1.4224028448056885
 30
0.0
 40
1.0668021336042672
  1
OTR
 50
0.0
 41
1.0
  7
textstyle13
 71
0
 72
0
 11
8.2207264414528822
 21
1.4224028448056885
 31
0.0
100
AcDbText
 73
1
  0
TEXT
  5
1DD
100
AcDbEntity
  8
Top Silkscreen Layer
 62
256
370
-1
 48
1.0
  6
ByLayer
100
AcDbText
 10
8.2207264414528822
 20
21.8034036068072155
 30
0.0
 40
1.0668021336042672
  1
CLK
 50
0.0
 41
1.0
  7
textstyle9
 71
0
 72
0
 11
8.2207264414528822
 21
21.8034036068072155
 31
0.0
100
AcDbText
 73
1
  0
TEXT
  5
1DE
100
AcDbEntity
  8
Top Silkscreen Layer
 62
256
370
-1
 48
1.0
  6
ByLayer
100
AcDbText
 10
0.4826009652019305
 20
19.2557785115570255
 30
0.0
 40
1.0668021336042672
  1
D0
 50
0.0
 41
1.0
  7
textstyle8
 71
0
 72
0
 11
0.4826009652019305
 21
19.2557785115570255
 31
0.0
100
AcDbText
 73
1
  0
TEXT
  5
1DF
100
AcDbEntity
  8
Top Silkscreen Layer
 62
256
370
-1
 48
1.0
  6
ByLayer
100
AcDbText
 10
8.2207264414528822
 20
19.2557785115570255
 30
0.0
 40
1.0668021336042672
  1
D1
 50
0.0
 41
1.0
  7
textstyle11
 71
0
 72
0
 11
8.2207264414528822
 21
19.2557785115570255
 31
0.0
100
AcDbText
 73
1
  0
TEXT
  5
1E0
100
AcDbEntity
  8
Top Silkscreen Layer
 62
256
370
-1
 48
1.0
  6
ByLayer
100
AcDbText
 10
0.4826009652019305
 20
16.7081534163068355
 30
0.0
 40
1.0668021336042672
  1
D2
 50
0.0
 41
1.0
  7
textstyle10
 71
0
 72
0
 11
0.4826009652019305
 21
16.7081534163068355
 31
0.0
100
AcDbText
 73
1
  0
TEXT
  5
1E1
100
AcDbEntity
  8
Top Silkscreen Layer
 62
256
370
-1
 48
1.0
  6
ByLayer
100
AcDbText
 10
8.2207264414528822
 20
16.7081534163068355
 30
0.0
 40
1.0668021336042672
  1
D3
 50
0.0
 41
1.0
  7
textstyle5
 71
0
 72
0
 11
8.2207264414528822
 21
16.7081534163068355
 31
0.0
100
AcDbText
 73
1
  0
TEXT
  5
1E2
100
AcDbEntity
  8
Top Silkscreen Layer
 62
256
370
-1
 48
1.0
  6
ByLayer
100
AcDbText
 10
0.4826009652019305
 20
14.1605283210566455
 30
0.0
 40
1.0668021336042672
  1
D4
 50
0.0
 41
1.0
  7
textstyle4
 71
0
 72
0
 11
0.4826009652019305
 21
14.1605283210566455
 31
0.0
100
AcDbText
 73
1
  0
TEXT
  5
1E3
100
AcDbEntity
  8
Top Silkscreen Layer
 62
256
370
-1
 48
1.0
  6
ByLayer
100
AcDbText
 10
8.2207264414528822
 20
14.1605283210566455
 30
0.0
 40
1.0668021336042672
  1
D5
 50
0.0
 41
1.0
  7
textstyle7
 71
0
 72
0
 11
8.2207264414528822
 21
14.1605283210566455
 31
0.0
100
AcDbText
 73
1
  0
TEXT
  5
1E4
100
AcDbEntity
  8
Top Silkscreen Layer
 62
256
370
-1
 48
1.0
  6
ByLayer
100
AcDbText
 10
0.4826009652019305
 20
11.6129032258064555
 30
0.0
 40
1.0668021336042672
  1
D6
 50
0.0
 41
1.0
  7
textstyle6
 71
0
 72
0
 11
0.4826009652019305
 21
11.6129032258064555
 31
0.0
100
AcDbText
 73
1
  0
TEXT
  5
1E5
100
AcDbEntity
  8
Top Silkscreen Layer
 62
256
370
-1
 48
1.0
  6
ByLayer
100
AcDbText
 10
8.2207264414528822
 20
11.6129032258064555
 30
0.0
 40
1.0668021336042672
  1
D7
 50
0.0
 41
1.0
  7
textstyle1
 71
0
 72
0
 11
8.2207264414528822
 21
11.6129032258064555
 31
0.0
100
AcDbText
 73
1
  0
TEXT
  5
1E6
100
AcDbEntity
  8
Top Silkscreen Layer
 62
256
370
-1
 48
1.0
  6
ByLayer
100
AcDbText
 10
0.4826009652019305
 20
9.0652781305562655
 30
0.0
 40
1.0668021336042672
  1
D8
 50
0.0
 41
1.0
  7
textstyle0
 71
0
 72
0
 11
0.4826009652019305
 21
9.0652781305562655
 31
0.0
100
AcDbText
 73
1
  0
TEXT
  5
1E7
100
AcDbEntity
  8
Top Silkscreen Layer
 62
256
370
-1
 48
1.0
  6
ByLayer
100
AcDbText
 10
8.2207264414528822
 20
9.0652781305562655
 30
0.0
 40
1.0668021336042672
  1
D9
 50
0.0
 41
1.0
  7
textstyle3
 71
0
 72
0
 11
8.2207264414528822
 21
9.0652781305562655
 31
0.0
100
AcDbText
 73
1
  0
TEXT
  5
1E8
100
AcDbEntity
  8
Top Silkscreen Layer
 62
256
370
-1
 48
1.0
  6
ByLayer
100
AcDbText
 10
0.4826009652019305
 20
6.5176530353060684
 30
0.0
 40
1.0668021336042672
  1
D10
 50
0.0
 41
1.0
  7
textstyle2
 71
0
 72
0
 11
0.4826009652019305
 21
6.5176530353060684
 31
0.0
100
AcDbText
 73
1
  0
TEXT
  5
1E9
100
AcDbEntity
  8
Top Silkscreen Layer
 62
256
370
-1
 48
1.0
  6
ByLayer
100
AcDbText
 10
8.2207264414528822
 20
6.5176530353060684
 30
0.0
 40
1.0668021336042672
  1
D11
 50
0.0
 41
1.0
  7
textstyle27
 71
0
 72
0
 11
8.2207264414528822
 21
6.5176530353060684
 31
0.0
100
AcDbText
 73
1
  0
TEXT
  5
1EA
100
AcDbEntity
  8
Top Silkscreen Layer
 62
256
370
-1
 48
1.0
  6
ByLayer
100
AcDbText
 10
0.4826009652019305
 20
3.9700279400558784
 30
0.0
 40
1.0668021336042672
  1
D12
 50
0.0
 41
1.0
  7
textstyle26
 71
0
 72
0
 11
0.4826009652019305
 21
3.9700279400558784
 31
0.0
100
AcDbText
 73
1
  0
TEXT
  5
1EB
100
AcDbEntity
  8
Top Silkscreen Layer
 62
256
370
-1
 48
1.0
  6
ByLayer
100
AcDbText
 10
8.2207264414528822
 20
3.9700279400558784
 30
0.0
 40
1.0668021336042672
  1
D13
 50
0.0
 41
1.0
  7
textstyle29
 71
0
 72
0
 11
8.2207264414528822
 21
3.9700279400558784
 31
0.0
100
AcDbText
 73
1
  0
TEXT
  5
1EC
100
AcDbEntity
  8
Top Silkscreen Layer
 62
256
370
-1
 48
1.0
  6
ByLayer
100
AcDbText
 10
0.4826009652019305
 20
1.4224028448056885
 30
0.0
 40
1.0668021336042672
  1
PDN
 50
0.0
 41
1.0
  7
textstyle28
 71
0
 72
0
 11
0.4826009652019305
 21
1.4224028448056885
 31
0.0
100
AcDbText
 73
1
  0
TEXT
  5
1ED
100
AcDbEntity
  8
Top Silkscreen Layer
 62
256
370
-1
 48
1.0
  6
ByLayer
100
AcDbText
 10
18.008636017272039
 20
18.2118364236728496
 30
0.0
 40
1.0668021336042672
  1
+5V
 50
0.0
 41
1.0
  7
textstyle23
 71
0
 72
0
 11
18.008636017272039
 21
18.2118364236728496
 31
0.0
100
AcDbText
 73
1
  0
TEXT
  5
1EE
100
AcDbEntity
  8
Top Silkscreen Layer
 62
256
370
-1
 48
1.0
  6
ByLayer
100
AcDbText
 10
13.2080264160528351
 20
18.2626365252730523
 30
0.0
 40
1.0668021336042672
  1
GND
 50
0.0
 41
1.0
  7
textstyle22
 71
0
 72
0
 11
13.2080264160528351
 21
18.2626365252730523
 31
0.0
100
AcDbText
 73
1
  0
TEXT
  5
1EF
100
AcDbEntity
  8
Top Silkscreen Layer
 62
256
370
-1
 48
1.0
  6
ByLayer
100
AcDbText
 10
57.1501143002286014
 20
7.3152146304292671
 30
0.0
 40
1.7780035560071124
  1
INA
 50
0.0
 41
1.0
  7
textstyle25
 71
0
 72
0
 11
57.1501143002286014
 21
7.3152146304292671
 31
0.0
100
AcDbText
 73
1
  0
TEXT
  5
1F0
100
AcDbEntity
  8
Top Silkscreen Layer
 62
256
370
-1
 48
1.0
  6
ByLayer
100
AcDbText
 10
57.1247142494285001
 20
19.86283972567945
 30
0.0
 40
1.7780035560071124
  1
INB
 50
0.0
 41
1.0
  7
textstyle24
 71
0
 72
0
 11
57.1247142494285001
 21
19.86283972567945
 31
0.0
100
AcDbText
 73
1
  0
TEXT
  5
1F1
100
AcDbEntity
  8
Top Silkscreen Layer
 62
256
370
-1
 48
1.0
  6
ByLayer
100
AcDbText
 10
0.4826009652019305
 20
21.8034036068072155
 30
0.0
 40
1.0668021336042672
  1
OEB
 50
0.0
 41
1.0
  7
textstyle19
 71
0
 72
0
 11
0.4826009652019305
 21
21.8034036068072155
 31
0.0
100
AcDbText
 73
1
  0
TEXT
  5
1F2
100
AcDbEntity
  8
Top Silkscreen Layer
 62
256
370
-1
 48
1.0
  6
ByLayer
100
AcDbText
 10
55.6261112522225076
 20
3.4290068580137145
 30
0.0
 40
0.8001016002032005
  1
P2
 50
0.0
 41
1.0
  7
textstyle18
 71
0
 72
0
 11
55.6261112522225076
 21
3.4290068580137145
 31
0.0
100
AcDbText
 73
1
  0
TEXT
  5
1F3
100
AcDbEntity
  8
Top Silkscreen Layer
 62
256
370
-1
 48
1.0
  6
ByLayer
100
AcDbText
 10
55.499110998222001
 20
25.78105156210313
 30
0.0
 40
0.8001016002032005
  1
P3
 50
0.0
 41
1.0
  7
textstyle21
 71
0
 72
0
 11
55.499110998222001
 21
25.78105156210313
 31
0.0
100
AcDbText
 73
1
  0
TEXT
  5
1F4
100
AcDbEntity
  8
Top Silkscreen Layer
 62
256
370
-1
 48
1.0
  6
ByLayer
100
AcDbText
 10
10.8712217424434847
 20
18.5674371348742753
 30
0.0
 40
0.8001016002032005
  1
P1
 50
360.0
 41
1.0
  7
textstyle20
 71
0
 72
0
 11
10.8712217424434847
 21
18.5674371348742753
 31
0.0
100
AcDbText
 73
1
  0
TEXT
  5
1F5
100
AcDbEntity
  8
Top Silkscreen Layer
 62
256
370
-1
 48
1.0
  6
ByLayer
100
AcDbText
 10
39.5466802133604318
 20
28.3730556261112561
 30
0.0
 40
0.8001016002032005
  1
JG1
 50
0.0
 41
1.0
  7
textstyle16
 71
0
 72
0
 11
39.5466802133604318
 21
28.3730556261112561
 31
0.0
100
AcDbText
 73
1
  0
TEXT
  5
1F6
100
AcDbEntity
  8
Top Silkscreen Layer
 62
256
370
-1
 48
1.0
  6
ByLayer
100
AcDbText
 10
67.5387350774701645
 20
10.3632207264414617
 30
0.0
 40
0.8001016002032005
  1
RF1
 50
360.0
 41
1.0
  7
textstyle15
 71
0
 72
0
 11
67.5387350774701645
 21
10.3632207264414617
 31
0.0
100
AcDbText
 73
1
  0
TEXT
  5
1F7
100
AcDbEntity
  8
Top Silkscreen Layer
 62
256
370
-1
 48
1.0
  6
ByLayer
100
AcDbText
 10
67.1577343154686446
 20
18.4912369824739713
 30
0.0
 40
0.8001016002032005
  1
RF2
 50
360.0
 41
1.0
  7
textstyle17
 71
0
 72
0
 11
67.1577343154686446
 21
18.4912369824739713
 31
0.0
100
AcDbText
 73
1
  0
LWPOLYLINE
  5
1F8
100
AcDbEntity
  8
Top Silkscreen Layer
 62
256
370
-1
 48
1.0
  6
ByLayer
100
AcDbPolyline
 90
2
 70
1
 10
52.2862839725679436
 20
3.8000076200152364
 42
0.9999999999999999
 10
59.6741173482347094
 20
3.8000076200152364
 42
0.9999999999999999
  0
LWPOLYLINE
  5
1F9
100
AcDbEntity
  8
Top Silkscreen Layer
 62
256
370
-1
 48
1.0
  6
ByLayer
100
AcDbPolyline
 90
2
 70
0
 10
59.733919227838463
 20
3.8000076200152364
 10
60.3943205486411117
 20
3.8000076200152364
  0
LWPOLYLINE
  5
1FA
100
AcDbEntity
  8
Top Silkscreen Layer
 62
256
370
-1
 48
1.0
  6
ByLayer
100
AcDbPolyline
 90
2
 70
0
 10
56.0001117602235254
 20
7.5338150876301668
 10
56.0001117602235254
 20
8.1942164084328155
  0
LWPOLYLINE
  5
1FB
100
AcDbEntity
  8
Top Silkscreen Layer
 62
256
370
-1
 48
1.0
  6
ByLayer
100
AcDbPolyline
 90
2
 70
0
 10
56.0001117602235254
 20
-0.5942011684023427
 10
56.0001117602235254
 20
0.066200152400306
  0
LWPOLYLINE
  5
1FC
100
AcDbEntity
  8
Top Silkscreen Layer
 62
256
370
-1
 48
1.0
  6
ByLayer
100
AcDbPolyline
 90
2
 70
0
 10
51.5805029210058521
 20
3.8000076200152364
 10
52.2409042418084866
 20
3.8000076200152364
  0
LWPOLYLINE
  5
1FD
100
AcDbEntity
  8
Top Silkscreen Layer
 62
256
370
-1
 48
1.0
  6
ByLayer
100
AcDbPolyline
 90
2
 70
1
 10
52.2862839725679436
 20
26.2000533401066882
 42
0.9999999999999999
 10
59.6741173482347094
 20
26.2000533401066882
 42
0.9999999999999999
  0
LWPOLYLINE
  5
1FE
100
AcDbEntity
  8
Top Silkscreen Layer
 62
256
370
-1
 48
1.0
  6
ByLayer
100
AcDbPolyline
 90
2
 70
0
 10
59.733919227838463
 20
26.2000533401066882
 10
60.3943205486411117
 20
26.2000533401066882
  0
LWPOLYLINE
  5
1FF
100
AcDbEntity
  8
Top Silkscreen Layer
 62
256
370
-1
 48
1.0
  6
ByLayer
100
AcDbPolyline
 90
2
 70
0
 10
56.0001117602235254
 20
29.9338608077216222
 10
56.0001117602235254
 20
30.5942621285242637
  0
LWPOLYLINE
  5
200
100
AcDbEntity
  8
Top Silkscreen Layer
 62
256
370
-1
 48
1.0
  6
ByLayer
100
AcDbPolyline
 90
2
 70
0
 10
56.0001117602235254
 20
21.8058445516891126
 10
56.0001117602235254
 20
22.4662458724917506
  0
LWPOLYLINE
  5
201
100
AcDbEntity
  8
Top Silkscreen Layer
 62
256
370
-1
 48
1.0
  6
ByLayer
100
AcDbPolyline
 90
2
 70
0
 10
51.5805029210058521
 20
26.2000533401066882
 10
52.2409042418084866
 20
26.2000533401066882
  0
LWPOLYLINE
  5
202
100
AcDbEntity
  8
Top Silkscreen Layer
 62
256
370
-1
 48
1.0
  6
ByLayer
100
AcDbPolyline
 90
2
 70
0
 10
22.2250444500889017
 20
19.8615697231394464
 10
12.0911861823723683
 20
19.8615697231394464
  0
LWPOLYLINE
  5
203
100
AcDbEntity
  8
Top Silkscreen Layer
 62
256
370
-1
 48
1.0
  6
ByLayer
100
AcDbPolyline
 90
2
 70
0
 10
22.2250444500889017
 20
19.8615697231394464
 10
22.2250444500889017
 20
30.0215900431800904
  0
LWPOLYLINE
  5
204
100
AcDbEntity
  8
Top Silkscreen Layer
 62
256
370
-1
 48
1.0
  6
ByLayer
100
AcDbPolyline
 90
2
 70
0
 10
22.2250444500889017
 20
30.0215900431800904
 10
12.0911861823723683
 20
30.0215900431800904
  0
LWPOLYLINE
  5
205
100
AcDbEntity
  8
Top Silkscreen Layer
 62
256
370
-1
 48
1.0
  6
ByLayer
100
AcDbPolyline
 90
2
 70
0
 10
22.2250444500889017
 20
20.8529337058674216
 10
12.1087122174244364
 20
20.8529337058674216
  0
LWPOLYLINE
  5
206
100
AcDbEntity
  8
Top Silkscreen Layer
 62
256
370
-1
 48
1.0
  6
ByLayer
100
AcDbPolyline
 90
2
 70
0
 10
12.0650241300482612
 20
19.8641097282194607
 10
12.0650241300482612
 20
30.0241300482601012
  0
LWPOLYLINE
  5
207
100
AcDbEntity
  8
Top Silkscreen Layer
 62
256
370
-1
 48
1.0
  6
ByLayer
100
AcDbPolyline
 90
2
 70
0
 10
22.2250444500889017
 20
29.6266192532385126
 10
12.0797561595123177
 20
29.6266192532385126
  0
LWPOLYLINE
  5
208
100
AcDbEntity
  8
Top Silkscreen Layer
 62
256
370
-1
 48
1.0
  6
ByLayer
100
AcDbPolyline
 90
2
 70
0
 10
14.1351282702565442
 20
20.8440436880873747
 10
13.1750063500127013
 20
19.883921767843546
  0
LWPOLYLINE
  5
209
100
AcDbEntity
  8
Top Silkscreen Layer
 62
256
370
-1
 48
1.0
  6
ByLayer
100
AcDbPolyline
 90
2
 70
0
 10
15.0650241300482648
 20
20.8440436880873747
 10
16.0251460502921006
 20
19.883921767843546
  0
LWPOLYLINE
  5
20A
100
AcDbEntity
  8
Top Silkscreen Layer
 62
256
370
-1
 48
1.0
  6
ByLayer
100
AcDbPolyline
 90
2
 70
0
 10
18.8549657099314203
 20
20.8257556515113009
 10
17.8948437896875809
 20
19.8656337312674722
  0
LWPOLYLINE
  5
20B
100
AcDbEntity
  8
Top Silkscreen Layer
 62
256
370
-1
 48
1.0
  6
ByLayer
100
AcDbPolyline
 90
2
 70
0
 10
20.0452120904241866
 20
20.8257556515113009
 10
21.0053340106680224
 20
19.8656337312674722
  0
LWPOLYLINE
  5
20C
100
AcDbEntity
  8
Top Silkscreen Layer
 62
256
370
-1
 48
1.0
  6
ByLayer
100
AcDbPolyline
 90
2
 70
0
 10
39.0200863601727193
 20
29.7700584201168432
 10
39.0200863601727193
 20
27.2300533401066822
  0
LWPOLYLINE
  5
20D
100
AcDbEntity
  8
Top Silkscreen Layer
 62
256
370
-1
 48
1.0
  6
ByLayer
100
AcDbPolyline
 90
2
 70
0
 10
30.9800558801117631
 20
29.7700584201168432
 10
39.0200863601727193
 20
29.7700584201168432
  0
LWPOLYLINE
  5
20E
100
AcDbEntity
  8
Top Silkscreen Layer
 62
256
370
-1
 48
1.0
  6
ByLayer
100
AcDbPolyline
 90
2
 70
0
 10
33.7535890271780588
 20
29.7700584201168432
 10
33.7535890271780588
 20
27.2300533401066822
  0
LWPOLYLINE
  5
20F
100
AcDbEntity
  8
Top Silkscreen Layer
 62
256
370
-1
 48
1.0
  6
ByLayer
100
AcDbPolyline
 90
2
 70
0
 10
30.9800558801117631
 20
27.2300533401066822
 10
39.0200863601727193
 20
27.2300533401066822
  0
LWPOLYLINE
  5
210
100
AcDbEntity
  8
Top Silkscreen Layer
 62
256
370
-1
 48
1.0
  6
ByLayer
100
AcDbPolyline
 90
2
 70
0
 10
30.9800558801117631
 20
29.7700584201168432
 10
30.9800558801117631
 20
27.2300533401066822
  0
LWPOLYLINE
  5
211
100
AcDbEntity
  8
Top Silkscreen Layer
 62
256
370
-1
 48
1.0
  6
ByLayer
100
AcDbPolyline
 90
2
 70
0
 10
78.5561620523241118
 20
8.700012700025411
 10
69.02364998729999
 20
8.7000127000254039
  0
LWPOLYLINE
  5
212
100
AcDbEntity
  8
Top Silkscreen Layer
 62
256
370
-1
 48
1.0
  6
ByLayer
100
AcDbPolyline
 90
2
 70
0
 10
78.5561620523241118
 20
3.3000127000254054
 10
69.02364998729999
 20
3.3000127000254054
  0
LWPOLYLINE
  5
213
100
AcDbEntity
  8
Top Silkscreen Layer
 62
256
370
-1
 48
1.0
  6
ByLayer
100
AcDbPolyline
 90
2
 70
0
 10
78.5561620523241118
 20
6.0244729489459061
 10
78.5561620523241118
 20
8.700012700025411
  0
LWPOLYLINE
  5
214
100
AcDbEntity
  8
Top Silkscreen Layer
 62
256
370
-1
 48
1.0
  6
ByLayer
100
AcDbPolyline
 90
2
 70
0
 10
78.5561620523241118
 20
6.0244729489459061
 10
78.5561620523241118
 20
3.3000127000254054
  0
LWPOLYLINE
  5
215
100
AcDbEntity
  8
Top Silkscreen Layer
 62
256
370
-1
 48
1.0
  6
ByLayer
100
AcDbPolyline
 90
2
 70
0
 10
63.6416078232156579
 20
2.5710058420116866
 10
66.270132080264176
 20
2.5710058420116866
  0
LWPOLYLINE
  5
216
100
AcDbEntity
  8
Top Silkscreen Layer
 62
256
370
-1
 48
1.0
  6
ByLayer
100
AcDbPolyline
 90
2
 70
0
 10
61.4441224282448601
 20
7.4638684277368625
 10
61.4441224282448601
 20
4.5361569723139539
  0
LWPOLYLINE
  5
217
100
AcDbEntity
  8
Top Silkscreen Layer
 62
256
370
-1
 48
1.0
  6
ByLayer
100
AcDbPolyline
 90
2
 70
0
 10
66.3586512573025118
 20
9.4290195580391156
 10
63.6416078232156579
 20
9.4290195580391156
  0
LWPOLYLINE
  5
218
100
AcDbEntity
  8
Top Silkscreen Layer
 62
256
370
-1
 48
1.0
  6
ByLayer
100
AcDbPolyline
 90
2
 70
0
 10
68.5561366522733238
 20
4.5361569723139468
 10
68.5561366522733238
 20
7.4638684277368554
  0
LWPOLYLINE
  5
219
100
AcDbEntity
  8
Top Silkscreen Layer
 62
256
370
-1
 48
1.0
  6
ByLayer
100
AcDbPolyline
 90
2
 70
0
 10
77.5646964693929419
 20
3.3000127000254054
 10
77.5646964693929419
 20
8.700012700025411
  0
LWPOLYLINE
  5
21A
100
AcDbEntity
  8
Top Silkscreen Layer
 62
256
370
-1
 48
1.0
  6
ByLayer
100
AcDbPolyline
 90
2
 70
0
 10
76.893423926847845
 20
8.7000127000254039
 10
77.5368834137668159
 20
3.3000127000254054
  0
LWPOLYLINE
  5
21B
100
AcDbEntity
  8
Top Silkscreen Layer
 62
256
370
-1
 48
1.0
  6
ByLayer
100
AcDbPolyline
 90
2
 70
0
 10
76.893423926847845
 20
3.3000127000253983
 10
76.893423926847845
 20
8.7000127000254039
  0
LWPOLYLINE
  5
21C
100
AcDbEntity
  8
Top Silkscreen Layer
 62
256
370
-1
 48
1.0
  6
ByLayer
100
AcDbPolyline
 90
2
 70
0
 10
76.2402616205232562
 20
8.7000127000254039
 10
76.8837211074422271
 20
3.3000127000253983
  0
LWPOLYLINE
  5
21D
100
AcDbEntity
  8
Top Silkscreen Layer
 62
256
370
-1
 48
1.0
  6
ByLayer
100
AcDbPolyline
 90
2
 70
0
 10
76.2402616205232562
 20
3.3000127000253983
 10
76.2402616205232562
 20
8.7000127000254039
  0
LWPOLYLINE
  5
21E
100
AcDbEntity
  8
Top Silkscreen Layer
 62
256
370
-1
 48
1.0
  6
ByLayer
100
AcDbPolyline
 90
2
 70
0
 10
75.5689890779781592
 20
8.7000127000254039
 10
76.2124485648971302
 20
3.3000127000253983
  0
LWPOLYLINE
  5
21F
100
AcDbEntity
  8
Top Silkscreen Layer
 62
256
370
-1
 48
1.0
  6
ByLayer
100
AcDbPolyline
 90
2
 70
0
 10
75.5689890779781592
 20
3.3000127000253983
 10
75.5689890779781592
 20
8.7000127000254039
  0
LWPOLYLINE
  5
220
100
AcDbEntity
  8
Top Silkscreen Layer
 62
256
370
-1
 48
1.0
  6
ByLayer
100
AcDbPolyline
 90
2
 70
0
 10
74.915826771653542
 20
8.7000127000254039
 10
75.5592862585725129
 20
3.3000127000253983
  0
LWPOLYLINE
  5
221
100
AcDbEntity
  8
Top Silkscreen Layer
 62
256
370
-1
 48
1.0
  6
ByLayer
100
AcDbPolyline
 90
2
 70
0
 10
74.915826771653542
 20
3.3000127000253983
 10
74.915826771653542
 20
8.7000127000254039
  0
LWPOLYLINE
  5
222
100
AcDbEntity
  8
Top Silkscreen Layer
 62
256
370
-1
 48
1.0
  6
ByLayer
100
AcDbPolyline
 90
2
 70
0
 10
74.2445542291084735
 20
8.7000127000254039
 10
74.8880137160274444
 20
3.3000127000253983
  0
LWPOLYLINE
  5
223
100
AcDbEntity
  8
Top Silkscreen Layer
 62
256
370
-1
 48
1.0
  6
ByLayer
100
AcDbPolyline
 90
2
 70
0
 10
74.2445542291084735
 20
3.3000127000253983
 10
74.2445542291084735
 20
8.7000127000254039
  0
LWPOLYLINE
  5
224
100
AcDbEntity
  8
Top Silkscreen Layer
 62
256
370
-1
 48
1.0
  6
ByLayer
100
AcDbPolyline
 90
2
 70
0
 10
73.5914173228346442
 20
8.7000127000254039
 10
74.2348768097536151
 20
3.3000127000253983
  0
LWPOLYLINE
  5
225
100
AcDbEntity
  8
Top Silkscreen Layer
 62
256
370
-1
 48
1.0
  6
ByLayer
100
AcDbPolyline
 90
2
 70
0
 10
73.5914173228346442
 20
3.3000127000254054
 10
73.5914173228346442
 20
8.7000127000254039
  0
LWPOLYLINE
  5
226
100
AcDbEntity
  8
Top Silkscreen Layer
 62
256
370
-1
 48
1.0
  6
ByLayer
100
AcDbPolyline
 90
2
 70
0
 10
72.9564160528321111
 20
8.7000127000254039
 10
73.599875539751082
 20
3.3000127000254054
  0
LWPOLYLINE
  5
227
100
AcDbEntity
  8
Top Silkscreen Layer
 62
256
370
-1
 48
1.0
  6
ByLayer
100
AcDbPolyline
 90
2
 70
0
 10
72.9564160528321111
 20
3.3000127000254054
 10
72.9564160528321111
 20
8.7000127000254039
  0
LWPOLYLINE
  5
228
100
AcDbEntity
  8
Top Silkscreen Layer
 62
256
370
-1
 48
1.0
  6
ByLayer
100
AcDbPolyline
 90
2
 70
0
 10
72.3032537465074938
 20
8.7000127000254039
 10
72.9467132334264932
 20
3.3000127000254054
  0
LWPOLYLINE
  5
229
100
AcDbEntity
  8
Top Silkscreen Layer
 62
256
370
-1
 48
1.0
  6
ByLayer
100
AcDbPolyline
 90
2
 70
0
 10
72.3032537465074938
 20
3.3000127000254054
 10
72.3032537465074938
 20
8.7000127000254039
  0
LWPOLYLINE
  5
22A
100
AcDbEntity
  8
Top Silkscreen Layer
 62
256
370
-1
 48
1.0
  6
ByLayer
100
AcDbPolyline
 90
2
 70
0
 10
71.6682524765049607
 20
8.7000127000254039
 10
72.3117119634239316
 20
3.3000127000254054
  0
LWPOLYLINE
  5
22B
100
AcDbEntity
  8
Top Silkscreen Layer
 62
256
370
-1
 48
1.0
  6
ByLayer
100
AcDbPolyline
 90
2
 70
0
 10
71.6682524765049607
 20
3.3000127000254054
 10
71.6682524765049607
 20
8.7000127000254039
  0
LWPOLYLINE
  5
22C
100
AcDbEntity
  8
Top Silkscreen Layer
 62
256
370
-1
 48
1.0
  6
ByLayer
100
AcDbPolyline
 90
2
 70
0
 10
70.9606832613665404
 20
3.3000127000254054
 10
70.9606832613665404
 20
8.7000127000254039
  0
LWPOLYLINE
  5
22D
100
AcDbEntity
  8
Top Silkscreen Layer
 62
256
370
-1
 48
1.0
  6
ByLayer
100
AcDbPolyline
 90
2
 70
0
 10
70.9606832613665404
 20
8.7000127000254039
 10
71.6041427482855113
 20
3.3000127000254054
  0
LWPOLYLINE
  5
22E
100
AcDbEntity
  8
Top Silkscreen Layer
 62
256
370
-1
 48
1.0
  6
ByLayer
100
AcDbPolyline
 90
2
 70
0
 10
78.5561620523241118
 20
26.7000482600965228
 10
69.02364998729999
 20
26.7000482600965228
  0
LWPOLYLINE
  5
22F
100
AcDbEntity
  8
Top Silkscreen Layer
 62
256
370
-1
 48
1.0
  6
ByLayer
100
AcDbPolyline
 90
2
 70
0
 10
78.5561620523241118
 20
21.3000482600965171
 10
69.02364998729999
 20
21.3000482600965171
  0
LWPOLYLINE
  5
230
100
AcDbEntity
  8
Top Silkscreen Layer
 62
256
370
-1
 48
1.0
  6
ByLayer
100
AcDbPolyline
 90
2
 70
0
 10
78.5561620523241118
 20
24.0245085090170214
 10
78.5561620523241118
 20
26.7000482600965228
  0
LWPOLYLINE
  5
231
100
AcDbEntity
  8
Top Silkscreen Layer
 62
256
370
-1
 48
1.0
  6
ByLayer
100
AcDbPolyline
 90
2
 70
0
 10
78.5561620523241118
 20
24.0245085090170214
 10
78.5561620523241118
 20
21.3000482600965171
  0
LWPOLYLINE
  5
232
100
AcDbEntity
  8
Top Silkscreen Layer
 62
256
370
-1
 48
1.0
  6
ByLayer
100
AcDbPolyline
 90
2
 70
0
 10
63.6416078232156579
 20
20.5710414020827983
 10
66.270132080264176
 20
20.5710414020827983
  0
LWPOLYLINE
  5
233
100
AcDbEntity
  8
Top Silkscreen Layer
 62
256
370
-1
 48
1.0
  6
ByLayer
100
AcDbPolyline
 90
2
 70
0
 10
61.4441224282448601
 20
25.4639039878079778
 10
61.4441224282448601
 20
22.5361925323850656
  0
LWPOLYLINE
  5
234
100
AcDbEntity
  8
Top Silkscreen Layer
 62
256
370
-1
 48
1.0
  6
ByLayer
100
AcDbPolyline
 90
2
 70
0
 10
66.3586512573025118
 20
27.4290551181102416
 10
63.6416078232156579
 20
27.4290551181102416
  0
LWPOLYLINE
  5
235
100
AcDbEntity
  8
Top Silkscreen Layer
 62
256
370
-1
 48
1.0
  6
ByLayer
100
AcDbPolyline
 90
2
 70
0
 10
68.5561366522733238
 20
22.5361925323850691
 10
68.5561366522733238
 20
25.4639039878079814
  0
LWPOLYLINE
  5
236
100
AcDbEntity
  8
Top Silkscreen Layer
 62
256
370
-1
 48
1.0
  6
ByLayer
100
AcDbPolyline
 90
2
 70
0
 10
77.5646964693929419
 20
21.3000482600965242
 10
77.5646964693929419
 20
26.7000482600965228
  0
LWPOLYLINE
  5
237
100
AcDbEntity
  8
Top Silkscreen Layer
 62
256
370
-1
 48
1.0
  6
ByLayer
100
AcDbPolyline
 90
2
 70
0
 10
76.893423926847845
 20
26.7000482600965228
 10
77.5368834137668159
 20
21.3000482600965242
  0
LWPOLYLINE
  5
238
100
AcDbEntity
  8
Top Silkscreen Layer
 62
256
370
-1
 48
1.0
  6
ByLayer
100
AcDbPolyline
 90
2
 70
0
 10
76.893423926847845
 20
21.3000482600965171
 10
76.893423926847845
 20
26.7000482600965228
  0
LWPOLYLINE
  5
239
100
AcDbEntity
  8
Top Silkscreen Layer
 62
256
370
-1
 48
1.0
  6
ByLayer
100
AcDbPolyline
 90
2
 70
0
 10
76.2402616205232562
 20
26.7000482600965228
 10
76.8837211074422271
 20
21.3000482600965171
  0
LWPOLYLINE
  5
23A
100
AcDbEntity
  8
Top Silkscreen Layer
 62
256
370
-1
 48
1.0
  6
ByLayer
100
AcDbPolyline
 90
2
 70
0
 10
76.2402616205232562
 20
21.3000482600965171
 10
76.2402616205232562
 20
26.7000482600965228
  0
LWPOLYLINE
  5
23B
100
AcDbEntity
  8
Top Silkscreen Layer
 62
256
370
-1
 48
1.0
  6
ByLayer
100
AcDbPolyline
 90
2
 70
0
 10
75.5689890779781592
 20
26.7000482600965228
 10
76.2124485648971302
 20
21.3000482600965171
  0
LWPOLYLINE
  5
23C
100
AcDbEntity
  8
Top Silkscreen Layer
 62
256
370
-1
 48
1.0
  6
ByLayer
100
AcDbPolyline
 90
2
 70
0
 10
75.5689890779781592
 20
21.3000482600965171
 10
75.5689890779781592
 20
26.7000482600965228
  0
LWPOLYLINE
  5
23D
100
AcDbEntity
  8
Top Silkscreen Layer
 62
256
370
-1
 48
1.0
  6
ByLayer
100
AcDbPolyline
 90
2
 70
0
 10
74.915826771653542
 20
26.7000482600965228
 10
75.5592862585725129
 20
21.3000482600965171
  0
LWPOLYLINE
  5
23E
100
AcDbEntity
  8
Top Silkscreen Layer
 62
256
370
-1
 48
1.0
  6
ByLayer
100
AcDbPolyline
 90
2
 70
0
 10
74.915826771653542
 20
21.3000482600965171
 10
74.915826771653542
 20
26.7000482600965228
  0
LWPOLYLINE
  5
23F
100
AcDbEntity
  8
Top Silkscreen Layer
 62
256
370
-1
 48
1.0
  6
ByLayer
100
AcDbPolyline
 90
2
 70
0
 10
74.2445542291084735
 20
26.7000482600965228
 10
74.8880137160274444
 20
21.3000482600965171
  0
LWPOLYLINE
  5
240
100
AcDbEntity
  8
Top Silkscreen Layer
 62
256
370
-1
 48
1.0
  6
ByLayer
100
AcDbPolyline
 90
2
 70
0
 10
74.2445542291084735
 20
21.3000482600965171
 10
74.2445542291084735
 20
26.7000482600965228
  0
LWPOLYLINE
  5
241
100
AcDbEntity
  8
Top Silkscreen Layer
 62
256
370
-1
 48
1.0
  6
ByLayer
100
AcDbPolyline
 90
2
 70
0
 10
73.5914173228346442
 20
26.7000482600965228
 10
74.2348768097536151
 20
21.3000482600965171
  0
LWPOLYLINE
  5
242
100
AcDbEntity
  8
Top Silkscreen Layer
 62
256
370
-1
 48
1.0
  6
ByLayer
100
AcDbPolyline
 90
2
 70
0
 10
73.5914173228346442
 20
21.3000482600965171
 10
73.5914173228346442
 20
26.7000482600965228
  0
LWPOLYLINE
  5
243
100
AcDbEntity
  8
Top Silkscreen Layer
 62
256
370
-1
 48
1.0
  6
ByLayer
100
AcDbPolyline
 90
2
 70
0
 10
72.9564160528321111
 20
26.7000482600965228
 10
73.599875539751082
 20
21.3000482600965171
  0
LWPOLYLINE
  5
244
100
AcDbEntity
  8
Top Silkscreen Layer
 62
256
370
-1
 48
1.0
  6
ByLayer
100
AcDbPolyline
 90
2
 70
0
 10
72.9564160528321111
 20
21.3000482600965171
 10
72.9564160528321111
 20
26.7000482600965228
  0
LWPOLYLINE
  5
245
100
AcDbEntity
  8
Top Silkscreen Layer
 62
256
370
-1
 48
1.0
  6
ByLayer
100
AcDbPolyline
 90
2
 70
0
 10
72.3032537465074938
 20
26.7000482600965228
 10
72.9467132334264932
 20
21.3000482600965171
  0
LWPOLYLINE
  5
246
100
AcDbEntity
  8
Top Silkscreen Layer
 62
256
370
-1
 48
1.0
  6
ByLayer
100
AcDbPolyline
 90
2
 70
0
 10
72.3032537465074938
 20
21.3000482600965171
 10
72.3032537465074938
 20
26.7000482600965228
  0
LWPOLYLINE
  5
247
100
AcDbEntity
  8
Top Silkscreen Layer
 62
256
370
-1
 48
1.0
  6
ByLayer
100
AcDbPolyline
 90
2
 70
0
 10
71.6682524765049607
 20
26.7000482600965228
 10
72.3117119634239316
 20
21.3000482600965171
  0
LWPOLYLINE
  5
248
100
AcDbEntity
  8
Top Silkscreen Layer
 62
256
370
-1
 48
1.0
  6
ByLayer
100
AcDbPolyline
 90
2
 70
0
 10
71.6682524765049607
 20
21.3000482600965171
 10
71.6682524765049607
 20
26.7000482600965228
  0
LWPOLYLINE
  5
249
100
AcDbEntity
  8
Top Silkscreen Layer
 62
256
370
-1
 48
1.0
  6
ByLayer
100
AcDbPolyline
 90
2
 70
0
 10
70.9606832613665404
 20
21.3000482600965171
 10
70.9606832613665404
 20
26.7000482600965228
  0
LWPOLYLINE
  5
24A
100
AcDbEntity
  8
Top Silkscreen Layer
 62
256
370
-1
 48
1.0
  6
ByLayer
100
AcDbPolyline
 90
2
 70
0
 10
70.9606832613665404
 20
26.7000482600965228
 10
71.6041427482855113
 20
21.3000482600965171
  0
LWPOLYLINE
  5
24B
100
AcDbEntity
  8
Top Silkscreen Layer
 62
256
370
-1
 48
1.0
  6
ByLayer
100
AcDbPolyline
 90
2
 70
0
 10
8.89001778003556
 20
28.9306578613157299
 10
11.430022860045721
 20
28.9306578613157299
  0
LWPOLYLINE
  5
24C
100
AcDbEntity
  8
Top Silkscreen Layer
 62
256
370
-1
 48
1.0
  6
ByLayer
100
AcDbPolyline
 90
2
 70
0
 10
11.430022860045721
 20
28.9306578613157299
 10
11.4300228600457245
 20
23.8506477012954079
  0
LWPOLYLINE
  5
24D
100
AcDbEntity
  8
Top Silkscreen Layer
 62
256
370
-1
 48
1.0
  6
ByLayer
100
AcDbPolyline
 90
2
 70
0
 10
11.4300228600457245
 20
23.8506477012954079
 10
8.8900177800355635
 20
23.8506477012954079
  0
LWPOLYLINE
  5
24E
100
AcDbEntity
  8
Top Silkscreen Layer
 62
256
370
-1
 48
1.0
  6
ByLayer
100
AcDbPolyline
 90
2
 70
0
 10
8.8900177800355635
 20
23.8506477012954079
 10
8.89001778003556
 20
25.7556515113030287
  0
LWPOLYLINE
  5
24F
100
AcDbEntity
  8
Top Silkscreen Layer
 62
256
370
-1
 48
1.0
  6
ByLayer
100
AcDbPolyline
 90
2
 70
0
 10
8.89001778003556
 20
28.9306578613157299
 10
8.89001778003556
 20
25.7556515113030287
  0
HATCH
  5
250
100
AcDbEntity
  8
Top Solder Mask Layer
 62
256
370
-1
 48
1.0
  6
ByLayer
100
AcDbHatch
 10
0.0
 20
0.0
 30
0.0
210
0.0
220
0.0
230
1.0
  2
SOLID
 70
1
 71
0
 91
2
 92
1
 93
0
 97
0
 92
1
 93
2
 72
2
 10
53.5363068326136826
 20
3.8000076200152364
 40
0.4826009652019323
 50
180.0
 51
0.0
 73
1
 72
2
 10
53.5363068326136826
 20
3.8000076200152364
 40
0.4826009652019323
 50
0.0
 51
180.0
 73
1
 97
0
 75
0
 76
1
 98
0
1001
ACAD
1010
0.0
1020
0.0
1030
0
  0
HATCH
  5
251
100
AcDbEntity
  8
Top Solder Mask Layer
 62
256
370
-1
 48
1.0
  6
ByLayer
100
AcDbHatch
 10
0.0
 20
0.0
 30
0.0
210
0.0
220
0.0
230
1.0
  2
SOLID
 70
1
 71
0
 91
2
 92
1
 93
0
 97
0
 92
1
 93
2
 72
2
 10
53.5363068326136826
 20
3.8000076200152364
 40
0.4826009652019323
 50
180.0
 51
0.0
 73
1
 72
2
 10
53.5363068326136826
 20
3.8000076200152364
 40
0.4826009652019323
 50
0.0
 51
180.0
 73
1
 97
0
 75
0
 76
1
 98
0
1001
ACAD
1010
0.0
1020
0.0
1030
0
  0
HATCH
  5
252
100
AcDbEntity
  8
Top Solder Mask Layer
 62
256
370
-1
 48
1.0
  6
ByLayer
100
AcDbHatch
 10
0.0
 20
0.0
 30
0.0
210
0.0
220
0.0
230
1.0
  2
SOLID
 70
1
 71
0
 91
2
 92
1
 93
0
 97
0
 92
1
 93
2
 72
2
 10
54.2720142240284602
 20
2.0719100838201641
 40
0.4826009652019323
 50
180.0
 51
0.0
 73
1
 72
2
 10
54.2720142240284602
 20
2.0719100838201641
 40
0.4826009652019323
 50
0.0
 51
180.0
 73
1
 97
0
 75
0
 76
1
 98
0
1001
ACAD
1010
0.0
1020
0.0
1030
0
  0
HATCH
  5
253
100
AcDbEntity
  8
Top Solder Mask Layer
 62
256
370
-1
 48
1.0
  6
ByLayer
100
AcDbHatch
 10
0.0
 20
0.0
 30
0.0
210
0.0
220
0.0
230
1.0
  2
SOLID
 70
1
 71
0
 91
2
 92
1
 93
0
 97
0
 92
1
 93
2
 72
2
 10
54.2720142240284602
 20
2.0719100838201641
 40
0.4826009652019323
 50
180.0
 51
0.0
 73
1
 72
2
 10
54.2720142240284602
 20
2.0719100838201641
 40
0.4826009652019323
 50
0.0
 51
180.0
 73
1
 97
0
 75
0
 76
1
 98
0
1001
ACAD
1010
0.0
1020
0.0
1030
0
  0
HATCH
  5
254
100
AcDbEntity
  8
Top Solder Mask Layer
 62
256
370
-1
 48
1.0
  6
ByLayer
100
AcDbHatch
 10
0.0
 20
0.0
 30
0.0
210
0.0
220
0.0
230
1.0
  2
SOLID
 70
1
 71
0
 91
2
 92
1
 93
0
 97
0
 92
1
 93
2
 72
2
 10
56.0001117602235254
 20
1.3561163322326593
 40
0.4826009652019323
 50
180.0
 51
0.0
 73
1
 72
2
 10
56.0001117602235254
 20
1.3561163322326593
 40
0.4826009652019323
 50
0.0
 51
180.0
 73
1
 97
0
 75
0
 76
1
 98
0
1001
ACAD
1010
0.0
1020
0.0
1030
0
  0
HATCH
  5
255
100
AcDbEntity
  8
Top Solder Mask Layer
 62
256
370
-1
 48
1.0
  6
ByLayer
100
AcDbHatch
 10
0.0
 20
0.0
 30
0.0
210
0.0
220
0.0
230
1.0
  2
SOLID
 70
1
 71
0
 91
2
 92
1
 93
0
 97
0
 92
1
 93
2
 72
2
 10
56.0001117602235254
 20
1.3561163322326593
 40
0.4826009652019323
 50
180.0
 51
0.0
 73
1
 72
2
 10
56.0001117602235254
 20
1.3561163322326593
 40
0.4826009652019323
 50
0.0
 51
180.0
 73
1
 97
0
 75
0
 76
1
 98
0
1001
ACAD
1010
0.0
1020
0.0
1030
0
  0
HATCH
  5
256
100
AcDbEntity
  8
Top Solder Mask Layer
 62
256
370
-1
 48
1.0
  6
ByLayer
100
AcDbHatch
 10
0.0
 20
0.0
 30
0.0
210
0.0
220
0.0
230
1.0
  2
SOLID
 70
1
 71
0
 91
2
 92
1
 93
0
 97
0
 92
1
 93
2
 72
2
 10
57.7282042164084359
 20
2.0719151638303259
 40
0.4826009652019323
 50
180.0
 51
0.0
 73
1
 72
2
 10
57.7282042164084359
 20
2.0719151638303259
 40
0.4826009652019323
 50
0.0
 51
180.0
 73
1
 97
0
 75
0
 76
1
 98
0
1001
ACAD
1010
0.0
1020
0.0
1030
0
  0
HATCH
  5
257
100
AcDbEntity
  8
Top Solder Mask Layer
 62
256
370
-1
 48
1.0
  6
ByLayer
100
AcDbHatch
 10
0.0
 20
0.0
 30
0.0
210
0.0
220
0.0
230
1.0
  2
SOLID
 70
1
 71
0
 91
2
 92
1
 93
0
 97
0
 92
1
 93
2
 72
2
 10
57.7282042164084359
 20
2.0719151638303259
 40
0.4826009652019323
 50
180.0
 51
0.0
 73
1
 72
2
 10
57.7282042164084359
 20
2.0719151638303259
 40
0.4826009652019323
 50
0.0
 51
180.0
 73
1
 97
0
 75
0
 76
1
 98
0
1001
ACAD
1010
0.0
1020
0.0
1030
0
  0
HATCH
  5
258
100
AcDbEntity
  8
Top Solder Mask Layer
 62
256
370
-1
 48
1.0
  6
ByLayer
100
AcDbHatch
 10
0.0
 20
0.0
 30
0.0
210
0.0
220
0.0
230
1.0
  2
SOLID
 70
1
 71
0
 91
2
 92
1
 93
0
 97
0
 92
1
 93
2
 72
2
 10
58.4440055880111728
 20
3.8000076200152364
 40
0.4826009652019323
 50
180.0
 51
0.0
 73
1
 72
2
 10
58.4440055880111728
 20
3.8000076200152364
 40
0.4826009652019323
 50
0.0
 51
180.0
 73
1
 97
0
 75
0
 76
1
 98
0
1001
ACAD
1010
0.0
1020
0.0
1030
0
  0
HATCH
  5
259
100
AcDbEntity
  8
Top Solder Mask Layer
 62
256
370
-1
 48
1.0
  6
ByLayer
100
AcDbHatch
 10
0.0
 20
0.0
 30
0.0
210
0.0
220
0.0
230
1.0
  2
SOLID
 70
1
 71
0
 91
2
 92
1
 93
0
 97
0
 92
1
 93
2
 72
2
 10
58.4440055880111728
 20
3.8000076200152364
 40
0.4826009652019323
 50
180.0
 51
0.0
 73
1
 72
2
 10
58.4440055880111728
 20
3.8000076200152364
 40
0.4826009652019323
 50
0.0
 51
180.0
 73
1
 97
0
 75
0
 76
1
 98
0
1001
ACAD
1010
0.0
1020
0.0
1030
0
  0
HATCH
  5
25A
100
AcDbEntity
  8
Top Solder Mask Layer
 62
256
370
-1
 48
1.0
  6
ByLayer
100
AcDbHatch
 10
0.0
 20
0.0
 30
0.0
210
0.0
220
0.0
230
1.0
  2
SOLID
 70
1
 71
0
 91
2
 92
1
 93
0
 97
0
 92
1
 93
2
 72
2
 10
57.7282092964186049
 20
5.5281051562103087
 40
0.4826009652019323
 50
180.0
 51
0.0
 73
1
 72
2
 10
57.7282092964186049
 20
5.5281051562103087
 40
0.4826009652019323
 50
0.0
 51
180.0
 73
1
 97
0
 75
0
 76
1
 98
0
1001
ACAD
1010
0.0
1020
0.0
1030
0
  0
HATCH
  5
25B
100
AcDbEntity
  8
Top Solder Mask Layer
 62
256
370
-1
 48
1.0
  6
ByLayer
100
AcDbHatch
 10
0.0
 20
0.0
 30
0.0
210
0.0
220
0.0
230
1.0
  2
SOLID
 70
1
 71
0
 91
2
 92
1
 93
0
 97
0
 92
1
 93
2
 72
2
 10
57.7282092964186049
 20
5.5281051562103087
 40
0.4826009652019323
 50
180.0
 51
0.0
 73
1
 72
2
 10
57.7282092964186049
 20
5.5281051562103087
 40
0.4826009652019323
 50
0.0
 51
180.0
 73
1
 97
0
 75
0
 76
1
 98
0
1001
ACAD
1010
0.0
1020
0.0
1030
0
  0
HATCH
  5
25C
100
AcDbEntity
  8
Top Solder Mask Layer
 62
256
370
-1
 48
1.0
  6
ByLayer
100
AcDbHatch
 10
0.0
 20
0.0
 30
0.0
210
0.0
220
0.0
230
1.0
  2
SOLID
 70
1
 71
0
 91
2
 92
1
 93
0
 97
0
 92
1
 93
2
 72
2
 10
56.0001117602235254
 20
6.2439014478028909
 40
0.4826009652019323
 50
180.0
 51
0.0
 73
1
 72
2
 10
56.0001117602235254
 20
6.2439014478028909
 40
0.4826009652019323
 50
0.0
 51
180.0
 73
1
 97
0
 75
0
 76
1
 98
0
1001
ACAD
1010
0.0
1020
0.0
1030
0
  0
HATCH
  5
25D
100
AcDbEntity
  8
Top Solder Mask Layer
 62
256
370
-1
 48
1.0
  6
ByLayer
100
AcDbHatch
 10
0.0
 20
0.0
 30
0.0
210
0.0
220
0.0
230
1.0
  2
SOLID
 70
1
 71
0
 91
2
 92
1
 93
0
 97
0
 92
1
 93
2
 72
2
 10
56.0001117602235254
 20
6.2439014478028909
 40
0.4826009652019323
 50
180.0
 51
0.0
 73
1
 72
2
 10
56.0001117602235254
 20
6.2439014478028909
 40
0.4826009652019323
 50
0.0
 51
180.0
 73
1
 97
0
 75
0
 76
1
 98
0
1001
ACAD
1010
0.0
1020
0.0
1030
0
  0
HATCH
  5
25E
100
AcDbEntity
  8
Top Solder Mask Layer
 62
256
370
-1
 48
1.0
  6
ByLayer
100
AcDbHatch
 10
0.0
 20
0.0
 30
0.0
210
0.0
220
0.0
230
1.0
  2
SOLID
 70
1
 71
0
 91
2
 92
1
 93
0
 97
0
 92
1
 93
2
 72
2
 10
54.272019304038615
 20
5.5281000762001469
 40
0.4826009652019323
 50
180.0
 51
0.0
 73
1
 72
2
 10
54.272019304038615
 20
5.5281000762001469
 40
0.4826009652019323
 50
0.0
 51
180.0
 73
1
 97
0
 75
0
 76
1
 98
0
1001
ACAD
1010
0.0
1020
0.0
1030
0
  0
HATCH
  5
25F
100
AcDbEntity
  8
Top Solder Mask Layer
 62
256
370
-1
 48
1.0
  6
ByLayer
100
AcDbHatch
 10
0.0
 20
0.0
 30
0.0
210
0.0
220
0.0
230
1.0
  2
SOLID
 70
1
 71
0
 91
2
 92
1
 93
0
 97
0
 92
1
 93
2
 72
2
 10
54.272019304038615
 20
5.5281000762001469
 40
0.4826009652019323
 50
180.0
 51
0.0
 73
1
 72
2
 10
54.272019304038615
 20
5.5281000762001469
 40
0.4826009652019323
 50
0.0
 51
180.0
 73
1
 97
0
 75
0
 76
1
 98
0
1001
ACAD
1010
0.0
1020
0.0
1030
0
  0
HATCH
  5
260
100
AcDbEntity
  8
Top Solder Mask Layer
 62
256
370
-1
 48
1.0
  6
ByLayer
100
AcDbHatch
 10
0.0
 20
0.0
 30
0.0
210
0.0
220
0.0
230
1.0
  2
SOLID
 70
1
 71
0
 91
2
 92
1
 93
0
 97
0
 92
1
 93
2
 72
2
 10
56.0001117602235254
 20
3.8000076200152364
 40
3.3516014732029475
 50
180.0
 51
0.0
 73
1
 72
2
 10
56.0001117602235254
 20
3.8000076200152364
 40
3.3516014732029475
 50
0.0
 51
180.0
 73
1
 97
0
 75
0
 76
1
 98
0
1001
ACAD
1010
0.0
1020
0.0
1030
0
  0
HATCH
  5
261
100
AcDbEntity
  8
Top Solder Mask Layer
 62
256
370
-1
 48
1.0
  6
ByLayer
100
AcDbHatch
 10
0.0
 20
0.0
 30
0.0
210
0.0
220
0.0
230
1.0
  2
SOLID
 70
1
 71
0
 91
2
 92
1
 93
0
 97
0
 92
1
 93
2
 72
2
 10
56.0001117602235254
 20
3.8000076200152364
 40
3.3516014732029475
 50
180.0
 51
0.0
 73
1
 72
2
 10
56.0001117602235254
 20
3.8000076200152364
 40
3.3516014732029475
 50
0.0
 51
180.0
 73
1
 97
0
 75
0
 76
1
 98
0
1001
ACAD
1010
0.0
1020
0.0
1030
0
  0
HATCH
  5
262
100
AcDbEntity
  8
Top Solder Mask Layer
 62
256
370
-1
 48
1.0
  6
ByLayer
100
AcDbHatch
 10
0.0
 20
0.0
 30
0.0
210
0.0
220
0.0
230
1.0
  2
SOLID
 70
1
 71
0
 91
2
 92
1
 93
0
 97
0
 92
1
 93
2
 72
2
 10
53.5363068326136826
 20
26.2000533401066882
 40
0.4826009652019323
 50
180.0
 51
0.0
 73
1
 72
2
 10
53.5363068326136826
 20
26.2000533401066882
 40
0.4826009652019323
 50
0.0
 51
180.0
 73
1
 97
0
 75
0
 76
1
 98
0
1001
ACAD
1010
0.0
1020
0.0
1030
0
  0
HATCH
  5
263
100
AcDbEntity
  8
Top Solder Mask Layer
 62
256
370
-1
 48
1.0
  6
ByLayer
100
AcDbHatch
 10
0.0
 20
0.0
 30
0.0
210
0.0
220
0.0
230
1.0
  2
SOLID
 70
1
 71
0
 91
2
 92
1
 93
0
 97
0
 92
1
 93
2
 72
2
 10
53.5363068326136826
 20
26.2000533401066882
 40
0.4826009652019323
 50
180.0
 51
0.0
 73
1
 72
2
 10
53.5363068326136826
 20
26.2000533401066882
 40
0.4826009652019323
 50
0.0
 51
180.0
 73
1
 97
0
 75
0
 76
1
 98
0
1001
ACAD
1010
0.0
1020
0.0
1030
0
  0
HATCH
  5
264
100
AcDbEntity
  8
Top Solder Mask Layer
 62
256
370
-1
 48
1.0
  6
ByLayer
100
AcDbHatch
 10
0.0
 20
0.0
 30
0.0
210
0.0
220
0.0
230
1.0
  2
SOLID
 70
1
 71
0
 91
2
 92
1
 93
0
 97
0
 92
1
 93
2
 72
2
 10
54.2720142240284602
 20
24.4719558039116123
 40
0.4826009652019323
 50
180.0
 51
0.0
 73
1
 72
2
 10
54.2720142240284602
 20
24.4719558039116123
 40
0.4826009652019323
 50
0.0
 51
180.0
 73
1
 97
0
 75
0
 76
1
 98
0
1001
ACAD
1010
0.0
1020
0.0
1030
0
  0
HATCH
  5
265
100
AcDbEntity
  8
Top Solder Mask Layer
 62
256
370
-1
 48
1.0
  6
ByLayer
100
AcDbHatch
 10
0.0
 20
0.0
 30
0.0
210
0.0
220
0.0
230
1.0
  2
SOLID
 70
1
 71
0
 91
2
 92
1
 93
0
 97
0
 92
1
 93
2
 72
2
 10
54.2720142240284602
 20
24.4719558039116123
 40
0.4826009652019323
 50
180.0
 51
0.0
 73
1
 72
2
 10
54.2720142240284602
 20
24.4719558039116123
 40
0.4826009652019323
 50
0.0
 51
180.0
 73
1
 97
0
 75
0
 76
1
 98
0
1001
ACAD
1010
0.0
1020
0.0
1030
0
  0
HATCH
  5
266
100
AcDbEntity
  8
Top Solder Mask Layer
 62
256
370
-1
 48
1.0
  6
ByLayer
100
AcDbHatch
 10
0.0
 20
0.0
 30
0.0
210
0.0
220
0.0
230
1.0
  2
SOLID
 70
1
 71
0
 91
2
 92
1
 93
0
 97
0
 92
1
 93
2
 72
2
 10
56.0001117602235254
 20
23.756162052324111
 40
0.4826009652019323
 50
180.0
 51
0.0
 73
1
 72
2
 10
56.0001117602235254
 20
23.756162052324111
 40
0.4826009652019323
 50
0.0
 51
180.0
 73
1
 97
0
 75
0
 76
1
 98
0
1001
ACAD
1010
0.0
1020
0.0
1030
0
  0
HATCH
  5
267
100
AcDbEntity
  8
Top Solder Mask Layer
 62
256
370
-1
 48
1.0
  6
ByLayer
100
AcDbHatch
 10
0.0
 20
0.0
 30
0.0
210
0.0
220
0.0
230
1.0
  2
SOLID
 70
1
 71
0
 91
2
 92
1
 93
0
 97
0
 92
1
 93
2
 72
2
 10
56.0001117602235254
 20
23.756162052324111
 40
0.4826009652019323
 50
180.0
 51
0.0
 73
1
 72
2
 10
56.0001117602235254
 20
23.756162052324111
 40
0.4826009652019323
 50
0.0
 51
180.0
 73
1
 97
0
 75
0
 76
1
 98
0
1001
ACAD
1010
0.0
1020
0.0
1030
0
  0
HATCH
  5
268
100
AcDbEntity
  8
Top Solder Mask Layer
 62
256
370
-1
 48
1.0
  6
ByLayer
100
AcDbHatch
 10
0.0
 20
0.0
 30
0.0
210
0.0
220
0.0
230
1.0
  2
SOLID
 70
1
 71
0
 91
2
 92
1
 93
0
 97
0
 92
1
 93
2
 72
2
 10
57.7282042164084359
 20
24.4719608839217742
 40
0.4826009652019323
 50
180.0
 51
0.0
 73
1
 72
2
 10
57.7282042164084359
 20
24.4719608839217742
 40
0.4826009652019323
 50
0.0
 51
180.0
 73
1
 97
0
 75
0
 76
1
 98
0
1001
ACAD
1010
0.0
1020
0.0
1030
0
  0
HATCH
  5
269
100
AcDbEntity
  8
Top Solder Mask Layer
 62
256
370
-1
 48
1.0
  6
ByLayer
100
AcDbHatch
 10
0.0
 20
0.0
 30
0.0
210
0.0
220
0.0
230
1.0
  2
SOLID
 70
1
 71
0
 91
2
 92
1
 93
0
 97
0
 92
1
 93
2
 72
2
 10
57.7282042164084359
 20
24.4719608839217742
 40
0.4826009652019323
 50
180.0
 51
0.0
 73
1
 72
2
 10
57.7282042164084359
 20
24.4719608839217742
 40
0.4826009652019323
 50
0.0
 51
180.0
 73
1
 97
0
 75
0
 76
1
 98
0
1001
ACAD
1010
0.0
1020
0.0
1030
0
  0
HATCH
  5
26A
100
AcDbEntity
  8
Top Solder Mask Layer
 62
256
370
-1
 48
1.0
  6
ByLayer
100
AcDbHatch
 10
0.0
 20
0.0
 30
0.0
210
0.0
220
0.0
230
1.0
  2
SOLID
 70
1
 71
0
 91
2
 92
1
 93
0
 97
0
 92
1
 93
2
 72
2
 10
58.4440055880111728
 20
26.2000533401066882
 40
0.4826009652019323
 50
180.0
 51
0.0
 73
1
 72
2
 10
58.4440055880111728
 20
26.2000533401066882
 40
0.4826009652019323
 50
0.0
 51
180.0
 73
1
 97
0
 75
0
 76
1
 98
0
1001
ACAD
1010
0.0
1020
0.0
1030
0
  0
HATCH
  5
26B
100
AcDbEntity
  8
Top Solder Mask Layer
 62
256
370
-1
 48
1.0
  6
ByLayer
100
AcDbHatch
 10
0.0
 20
0.0
 30
0.0
210
0.0
220
0.0
230
1.0
  2
SOLID
 70
1
 71
0
 91
2
 92
1
 93
0
 97
0
 92
1
 93
2
 72
2
 10
58.4440055880111728
 20
26.2000533401066882
 40
0.4826009652019323
 50
180.0
 51
0.0
 73
1
 72
2
 10
58.4440055880111728
 20
26.2000533401066882
 40
0.4826009652019323
 50
0.0
 51
180.0
 73
1
 97
0
 75
0
 76
1
 98
0
1001
ACAD
1010
0.0
1020
0.0
1030
0
  0
HATCH
  5
26C
100
AcDbEntity
  8
Top Solder Mask Layer
 62
256
370
-1
 48
1.0
  6
ByLayer
100
AcDbHatch
 10
0.0
 20
0.0
 30
0.0
210
0.0
220
0.0
230
1.0
  2
SOLID
 70
1
 71
0
 91
2
 92
1
 93
0
 97
0
 92
1
 93
2
 72
2
 10
57.7282092964186049
 20
27.9281508763017605
 40
0.4826009652019323
 50
180.0
 51
0.0
 73
1
 72
2
 10
57.7282092964186049
 20
27.9281508763017605
 40
0.4826009652019323
 50
0.0
 51
180.0
 73
1
 97
0
 75
0
 76
1
 98
0
1001
ACAD
1010
0.0
1020
0.0
1030
0
  0
HATCH
  5
26D
100
AcDbEntity
  8
Top Solder Mask Layer
 62
256
370
-1
 48
1.0
  6
ByLayer
100
AcDbHatch
 10
0.0
 20
0.0
 30
0.0
210
0.0
220
0.0
230
1.0
  2
SOLID
 70
1
 71
0
 91
2
 92
1
 93
0
 97
0
 92
1
 93
2
 72
2
 10
57.7282092964186049
 20
27.9281508763017605
 40
0.4826009652019323
 50
180.0
 51
0.0
 73
1
 72
2
 10
57.7282092964186049
 20
27.9281508763017605
 40
0.4826009652019323
 50
0.0
 51
180.0
 73
1
 97
0
 75
0
 76
1
 98
0
1001
ACAD
1010
0.0
1020
0.0
1030
0
  0
HATCH
  5
26E
100
AcDbEntity
  8
Top Solder Mask Layer
 62
256
370
-1
 48
1.0
  6
ByLayer
100
AcDbHatch
 10
0.0
 20
0.0
 30
0.0
210
0.0
220
0.0
230
1.0
  2
SOLID
 70
1
 71
0
 91
2
 92
1
 93
0
 97
0
 92
1
 93
2
 72
2
 10
56.0001117602235254
 20
28.6439471678943427
 40
0.4826009652019323
 50
180.0
 51
0.0
 73
1
 72
2
 10
56.0001117602235254
 20
28.6439471678943427
 40
0.4826009652019323
 50
0.0
 51
180.0
 73
1
 97
0
 75
0
 76
1
 98
0
1001
ACAD
1010
0.0
1020
0.0
1030
0
  0
HATCH
  5
26F
100
AcDbEntity
  8
Top Solder Mask Layer
 62
256
370
-1
 48
1.0
  6
ByLayer
100
AcDbHatch
 10
0.0
 20
0.0
 30
0.0
210
0.0
220
0.0
230
1.0
  2
SOLID
 70
1
 71
0
 91
2
 92
1
 93
0
 97
0
 92
1
 93
2
 72
2
 10
56.0001117602235254
 20
28.6439471678943427
 40
0.4826009652019323
 50
180.0
 51
0.0
 73
1
 72
2
 10
56.0001117602235254
 20
28.6439471678943427
 40
0.4826009652019323
 50
0.0
 51
180.0
 73
1
 97
0
 75
0
 76
1
 98
0
1001
ACAD
1010
0.0
1020
0.0
1030
0
  0
HATCH
  5
270
100
AcDbEntity
  8
Top Solder Mask Layer
 62
256
370
-1
 48
1.0
  6
ByLayer
100
AcDbHatch
 10
0.0
 20
0.0
 30
0.0
210
0.0
220
0.0
230
1.0
  2
SOLID
 70
1
 71
0
 91
2
 92
1
 93
0
 97
0
 92
1
 93
2
 72
2
 10
54.272019304038615
 20
27.9281457962915987
 40
0.4826009652019323
 50
180.0
 51
0.0
 73
1
 72
2
 10
54.272019304038615
 20
27.9281457962915987
 40
0.4826009652019323
 50
0.0
 51
180.0
 73
1
 97
0
 75
0
 76
1
 98
0
1001
ACAD
1010
0.0
1020
0.0
1030
0
  0
HATCH
  5
271
100
AcDbEntity
  8
Top Solder Mask Layer
 62
256
370
-1
 48
1.0
  6
ByLayer
100
AcDbHatch
 10
0.0
 20
0.0
 30
0.0
210
0.0
220
0.0
230
1.0
  2
SOLID
 70
1
 71
0
 91
2
 92
1
 93
0
 97
0
 92
1
 93
2
 72
2
 10
54.272019304038615
 20
27.9281457962915987
 40
0.4826009652019323
 50
180.0
 51
0.0
 73
1
 72
2
 10
54.272019304038615
 20
27.9281457962915987
 40
0.4826009652019323
 50
0.0
 51
180.0
 73
1
 97
0
 75
0
 76
1
 98
0
1001
ACAD
1010
0.0
1020
0.0
1030
0
  0
HATCH
  5
272
100
AcDbEntity
  8
Top Solder Mask Layer
 62
256
370
-1
 48
1.0
  6
ByLayer
100
AcDbHatch
 10
0.0
 20
0.0
 30
0.0
210
0.0
220
0.0
230
1.0
  2
SOLID
 70
1
 71
0
 91
2
 92
1
 93
0
 97
0
 92
1
 93
2
 72
2
 10
56.0001117602235254
 20
26.2000533401066882
 40
3.3516014732029475
 50
180.0
 51
0.0
 73
1
 72
2
 10
56.0001117602235254
 20
26.2000533401066882
 40
3.3516014732029475
 50
0.0
 51
180.0
 73
1
 97
0
 75
0
 76
1
 98
0
1001
ACAD
1010
0.0
1020
0.0
1030
0
  0
HATCH
  5
273
100
AcDbEntity
  8
Top Solder Mask Layer
 62
256
370
-1
 48
1.0
  6
ByLayer
100
AcDbHatch
 10
0.0
 20
0.0
 30
0.0
210
0.0
220
0.0
230
1.0
  2
SOLID
 70
1
 71
0
 91
2
 92
1
 93
0
 97
0
 92
1
 93
2
 72
2
 10
56.0001117602235254
 20
26.2000533401066882
 40
3.3516014732029475
 50
180.0
 51
0.0
 73
1
 72
2
 10
56.0001117602235254
 20
26.2000533401066882
 40
3.3516014732029475
 50
0.0
 51
180.0
 73
1
 97
0
 75
0
 76
1
 98
0
1001
ACAD
1010
0.0
1020
0.0
1030
0
  0
HATCH
  5
274
100
AcDbEntity
  8
Top Solder Mask Layer
 62
256
370
-1
 48
1.0
  6
ByLayer
100
AcDbHatch
 10
0.0
 20
0.0
 30
0.0
210
0.0
220
0.0
230
1.0
  2
SOLID
 70
1
 71
0
 91
2
 92
1
 93
0
 97
0
 92
1
 93
2
 72
2
 10
19.6850393700787443
 20
24.3840487680975393
 40
1.0508001016002027
 50
180.0
 51
0.0
 73
1
 72
2
 10
19.6850393700787443
 20
24.3840487680975393
 40
1.0508001016002027
 50
0.0
 51
180.0
 73
1
 97
0
 75
0
 76
1
 98
0
1001
ACAD
1010
0.0
1020
0.0
1030
0
  0
HATCH
  5
275
100
AcDbEntity
  8
Top Solder Mask Layer
 62
256
370
-1
 48
1.0
  6
ByLayer
100
AcDbHatch
 10
0.0
 20
0.0
 30
0.0
210
0.0
220
0.0
230
1.0
  2
SOLID
 70
1
 71
0
 91
2
 92
1
 93
0
 97
0
 92
1
 93
2
 72
2
 10
19.6850393700787443
 20
24.3840487680975393
 40
1.0508001016002027
 50
180.0
 51
0.0
 73
1
 72
2
 10
19.6850393700787443
 20
24.3840487680975393
 40
1.0508001016002027
 50
0.0
 51
180.0
 73
1
 97
0
 75
0
 76
1
 98
0
1001
ACAD
1010
0.0
1020
0.0
1030
0
  0
HATCH
  5
276
100
AcDbEntity
  8
Top Solder Mask Layer
 62
256
370
-1
 48
1.0
  6
ByLayer
100
AcDbHatch
 10
0.0
 20
0.0
 30
0.0
210
0.0
220
0.0
230
1.0
  2
SOLID
 70
1
 71
0
 91
2
 92
1
 93
0
 97
0
 92
1
 93
2
 72
2
 10
14.6050292100584223
 20
24.3840487680975393
 40
1.0508001016002027
 50
180.0
 51
0.0
 73
1
 72
2
 10
14.6050292100584223
 20
24.3840487680975393
 40
1.0508001016002027
 50
0.0
 51
180.0
 73
1
 97
0
 75
0
 76
1
 98
0
1001
ACAD
1010
0.0
1020
0.0
1030
0
  0
HATCH
  5
277
100
AcDbEntity
  8
Top Solder Mask Layer
 62
256
370
-1
 48
1.0
  6
ByLayer
100
AcDbHatch
 10
0.0
 20
0.0
 30
0.0
210
0.0
220
0.0
230
1.0
  2
SOLID
 70
1
 71
0
 91
2
 92
1
 93
0
 97
0
 92
1
 93
2
 72
2
 10
14.6050292100584223
 20
24.3840487680975393
 40
1.0508001016002027
 50
180.0
 51
0.0
 73
1
 72
2
 10
14.6050292100584223
 20
24.3840487680975393
 40
1.0508001016002027
 50
0.0
 51
180.0
 73
1
 97
0
 75
0
 76
1
 98
0
1001
ACAD
1010
0.0
1020
0.0
1030
0
  0
LWPOLYLINE
  5
278
100
AcDbEntity
  8
Top Solder Mask Layer
 62
256
370
-1
 48
1.0
  6
ByLayer
100
AcDbPolyline
 90
4
 70
1
 10
7.6208128016255969
 20
28.5508559817119725
 10
5.9192125984251938
 20
28.5508559817119725
 10
5.9192125984251938
 20
26.8492557785115658
 10
7.6208128016255969
 20
26.8492557785115658
  0
HATCH
  5
279
100
AcDbEntity
  8
Top Solder Mask Layer
 62
256
370
-1
 48
1.0
  6
ByLayer
100
AcDbHatch
 10
0.0
 20
0.0
 30
0.0
210
0.0
220
0.0
230
1.0
  2
SOLID
 70
1
 71
0
 91
2
 92
1
 93
0
 97
0
 92
1
 93
4
 72
1
 10
7.6208128016255969
 20
28.5508559817119725
 11
5.9192125984251938
 21
28.5508559817119725
 72
1
 10
5.9192125984251938
 20
28.5508559817119725
 11
5.9192125984251938
 21
26.8492557785115658
 72
1
 10
5.9192125984251938
 20
26.8492557785115658
 11
7.6208128016255969
 21
26.8492557785115658
 72
1
 10
7.6208128016255969
 20
26.8492557785115658
 11
7.6208128016255969
 21
28.5508559817119725
 97
0
 75
0
 76
1
 98
0
1001
ACAD
1010
0.0
1020
0.0
1030
0
  0
HATCH
  5
27A
100
AcDbEntity
  8
Top Solder Mask Layer
 62
256
370
-1
 48
1.0
  6
ByLayer
100
AcDbHatch
 10
0.0
 20
0.0
 30
0.0
210
0.0
220
0.0
230
1.0
  2
SOLID
 70
1
 71
0
 91
2
 92
1
 93
0
 97
0
 92
1
 93
2
 72
2
 10
4.2300076200152343
 20
27.7000558801117691
 40
0.8508001016002034
 50
180.0
 51
0.0
 73
1
 72
2
 10
4.2300076200152343
 20
27.7000558801117691
 40
0.8508001016002034
 50
0.0
 51
180.0
 73
1
 97
0
 75
0
 76
1
 98
0
1001
ACAD
1010
0.0
1020
0.0
1030
0
  0
HATCH
  5
27B
100
AcDbEntity
  8
Top Solder Mask Layer
 62
256
370
-1
 48
1.0
  6
ByLayer
100
AcDbHatch
 10
0.0
 20
0.0
 30
0.0
210
0.0
220
0.0
230
1.0
  2
SOLID
 70
1
 71
0
 91
2
 92
1
 93
0
 97
0
 92
1
 93
2
 72
2
 10
4.2300076200152343
 20
27.7000558801117691
 40
0.8508001016002034
 50
180.0
 51
0.0
 73
1
 72
2
 10
4.2300076200152343
 20
27.7000558801117691
 40
0.8508001016002034
 50
0.0
 51
180.0
 73
1
 97
0
 75
0
 76
1
 98
0
1001
ACAD
1010
0.0
1020
0.0
1030
0
  0
HATCH
  5
27C
100
AcDbEntity
  8
Top Solder Mask Layer
 62
256
370
-1
 48
1.0
  6
ByLayer
100
AcDbHatch
 10
0.0
 20
0.0
 30
0.0
210
0.0
220
0.0
230
1.0
  2
SOLID
 70
1
 71
0
 91
2
 92
1
 93
0
 97
0
 92
1
 93
2
 72
2
 10
6.7700127000254007
 20
25.1600508001016081
 40
0.8508001016002034
 50
180.0
 51
0.0
 73
1
 72
2
 10
6.7700127000254007
 20
25.1600508001016081
 40
0.8508001016002034
 50
0.0
 51
180.0
 73
1
 97
0
 75
0
 76
1
 98
0
1001
ACAD
1010
0.0
1020
0.0
1030
0
  0
HATCH
  5
27D
100
AcDbEntity
  8
Top Solder Mask Layer
 62
256
370
-1
 48
1.0
  6
ByLayer
100
AcDbHatch
 10
0.0
 20
0.0
 30
0.0
210
0.0
220
0.0
230
1.0
  2
SOLID
 70
1
 71
0
 91
2
 92
1
 93
0
 97
0
 92
1
 93
2
 72
2
 10
6.7700127000254007
 20
25.1600508001016081
 40
0.8508001016002034
 50
180.0
 51
0.0
 73
1
 72
2
 10
6.7700127000254007
 20
25.1600508001016081
 40
0.8508001016002034
 50
0.0
 51
180.0
 73
1
 97
0
 75
0
 76
1
 98
0
1001
ACAD
1010
0.0
1020
0.0
1030
0
  0
HATCH
  5
27E
100
AcDbEntity
  8
Top Solder Mask Layer
 62
256
370
-1
 48
1.0
  6
ByLayer
100
AcDbHatch
 10
0.0
 20
0.0
 30
0.0
210
0.0
220
0.0
230
1.0
  2
SOLID
 70
1
 71
0
 91
2
 92
1
 93
0
 97
0
 92
1
 93
2
 72
2
 10
4.2300076200152343
 20
25.1600508001016081
 40
0.8508001016002034
 50
180.0
 51
0.0
 73
1
 72
2
 10
4.2300076200152343
 20
25.1600508001016081
 40
0.8508001016002034
 50
0.0
 51
180.0
 73
1
 97
0
 75
0
 76
1
 98
0
1001
ACAD
1010
0.0
1020
0.0
1030
0
  0
HATCH
  5
27F
100
AcDbEntity
  8
Top Solder Mask Layer
 62
256
370
-1
 48
1.0
  6
ByLayer
100
AcDbHatch
 10
0.0
 20
0.0
 30
0.0
210
0.0
220
0.0
230
1.0
  2
SOLID
 70
1
 71
0
 91
2
 92
1
 93
0
 97
0
 92
1
 93
2
 72
2
 10
4.2300076200152343
 20
25.1600508001016081
 40
0.8508001016002034
 50
180.0
 51
0.0
 73
1
 72
2
 10
4.2300076200152343
 20
25.1600508001016081
 40
0.8508001016002034
 50
0.0
 51
180.0
 73
1
 97
0
 75
0
 76
1
 98
0
1001
ACAD
1010
0.0
1020
0.0
1030
0
  0
HATCH
  5
280
100
AcDbEntity
  8
Top Solder Mask Layer
 62
256
370
-1
 48
1.0
  6
ByLayer
100
AcDbHatch
 10
0.0
 20
0.0
 30
0.0
210
0.0
220
0.0
230
1.0
  2
SOLID
 70
1
 71
0
 91
2
 92
1
 93
0
 97
0
 92
1
 93
2
 72
2
 10
6.7700127000254007
 20
22.6200457200914471
 40
0.8508001016002034
 50
180.0
 51
0.0
 73
1
 72
2
 10
6.7700127000254007
 20
22.6200457200914471
 40
0.8508001016002034
 50
0.0
 51
180.0
 73
1
 97
0
 75
0
 76
1
 98
0
1001
ACAD
1010
0.0
1020
0.0
1030
0
  0
HATCH
  5
281
100
AcDbEntity
  8
Top Solder Mask Layer
 62
256
370
-1
 48
1.0
  6
ByLayer
100
AcDbHatch
 10
0.0
 20
0.0
 30
0.0
210
0.0
220
0.0
230
1.0
  2
SOLID
 70
1
 71
0
 91
2
 92
1
 93
0
 97
0
 92
1
 93
2
 72
2
 10
6.7700127000254007
 20
22.6200457200914471
 40
0.8508001016002034
 50
180.0
 51
0.0
 73
1
 72
2
 10
6.7700127000254007
 20
22.6200457200914471
 40
0.8508001016002034
 50
0.0
 51
180.0
 73
1
 97
0
 75
0
 76
1
 98
0
1001
ACAD
1010
0.0
1020
0.0
1030
0
  0
HATCH
  5
282
100
AcDbEntity
  8
Top Solder Mask Layer
 62
256
370
-1
 48
1.0
  6
ByLayer
100
AcDbHatch
 10
0.0
 20
0.0
 30
0.0
210
0.0
220
0.0
230
1.0
  2
SOLID
 70
1
 71
0
 91
2
 92
1
 93
0
 97
0
 92
1
 93
2
 72
2
 10
4.2300076200152379
 20
22.6200457200914471
 40
0.8508001016002034
 50
180.0
 51
0.0
 73
1
 72
2
 10
4.2300076200152379
 20
22.6200457200914471
 40
0.8508001016002034
 50
0.0
 51
180.0
 73
1
 97
0
 75
0
 76
1
 98
0
1001
ACAD
1010
0.0
1020
0.0
1030
0
  0
HATCH
  5
283
100
AcDbEntity
  8
Top Solder Mask Layer
 62
256
370
-1
 48
1.0
  6
ByLayer
100
AcDbHatch
 10
0.0
 20
0.0
 30
0.0
210
0.0
220
0.0
230
1.0
  2
SOLID
 70
1
 71
0
 91
2
 92
1
 93
0
 97
0
 92
1
 93
2
 72
2
 10
4.2300076200152379
 20
22.6200457200914471
 40
0.8508001016002034
 50
180.0
 51
0.0
 73
1
 72
2
 10
4.2300076200152379
 20
22.6200457200914471
 40
0.8508001016002034
 50
0.0
 51
180.0
 73
1
 97
0
 75
0
 76
1
 98
0
1001
ACAD
1010
0.0
1020
0.0
1030
0
  0
HATCH
  5
284
100
AcDbEntity
  8
Top Solder Mask Layer
 62
256
370
-1
 48
1.0
  6
ByLayer
100
AcDbHatch
 10
0.0
 20
0.0
 30
0.0
210
0.0
220
0.0
230
1.0
  2
SOLID
 70
1
 71
0
 91
2
 92
1
 93
0
 97
0
 92
1
 93
2
 72
2
 10
6.7700127000254007
 20
20.0800406400812861
 40
0.8508001016002034
 50
180.0
 51
0.0
 73
1
 72
2
 10
6.7700127000254007
 20
20.0800406400812861
 40
0.8508001016002034
 50
0.0
 51
180.0
 73
1
 97
0
 75
0
 76
1
 98
0
1001
ACAD
1010
0.0
1020
0.0
1030
0
  0
HATCH
  5
285
100
AcDbEntity
  8
Top Solder Mask Layer
 62
256
370
-1
 48
1.0
  6
ByLayer
100
AcDbHatch
 10
0.0
 20
0.0
 30
0.0
210
0.0
220
0.0
230
1.0
  2
SOLID
 70
1
 71
0
 91
2
 92
1
 93
0
 97
0
 92
1
 93
2
 72
2
 10
6.7700127000254007
 20
20.0800406400812861
 40
0.8508001016002034
 50
180.0
 51
0.0
 73
1
 72
2
 10
6.7700127000254007
 20
20.0800406400812861
 40
0.8508001016002034
 50
0.0
 51
180.0
 73
1
 97
0
 75
0
 76
1
 98
0
1001
ACAD
1010
0.0
1020
0.0
1030
0
  0
HATCH
  5
286
100
AcDbEntity
  8
Top Solder Mask Layer
 62
256
370
-1
 48
1.0
  6
ByLayer
100
AcDbHatch
 10
0.0
 20
0.0
 30
0.0
210
0.0
220
0.0
230
1.0
  2
SOLID
 70
1
 71
0
 91
2
 92
1
 93
0
 97
0
 92
1
 93
2
 72
2
 10
4.2300076200152379
 20
20.0800406400812861
 40
0.8508001016002034
 50
180.0
 51
0.0
 73
1
 72
2
 10
4.2300076200152379
 20
20.0800406400812861
 40
0.8508001016002034
 50
0.0
 51
180.0
 73
1
 97
0
 75
0
 76
1
 98
0
1001
ACAD
1010
0.0
1020
0.0
1030
0
  0
HATCH
  5
287
100
AcDbEntity
  8
Top Solder Mask Layer
 62
256
370
-1
 48
1.0
  6
ByLayer
100
AcDbHatch
 10
0.0
 20
0.0
 30
0.0
210
0.0
220
0.0
230
1.0
  2
SOLID
 70
1
 71
0
 91
2
 92
1
 93
0
 97
0
 92
1
 93
2
 72
2
 10
4.2300076200152379
 20
20.0800406400812861
 40
0.8508001016002034
 50
180.0
 51
0.0
 73
1
 72
2
 10
4.2300076200152379
 20
20.0800406400812861
 40
0.8508001016002034
 50
0.0
 51
180.0
 73
1
 97
0
 75
0
 76
1
 98
0
1001
ACAD
1010
0.0
1020
0.0
1030
0
  0
HATCH
  5
288
100
AcDbEntity
  8
Top Solder Mask Layer
 62
256
370
-1
 48
1.0
  6
ByLayer
100
AcDbHatch
 10
0.0
 20
0.0
 30
0.0
210
0.0
220
0.0
230
1.0
  2
SOLID
 70
1
 71
0
 91
2
 92
1
 93
0
 97
0
 92
1
 93
2
 72
2
 10
6.7700127000254007
 20
17.5400355600711251
 40
0.8508001016002034
 50
180.0
 51
0.0
 73
1
 72
2
 10
6.7700127000254007
 20
17.5400355600711251
 40
0.8508001016002034
 50
0.0
 51
180.0
 73
1
 97
0
 75
0
 76
1
 98
0
1001
ACAD
1010
0.0
1020
0.0
1030
0
  0
HATCH
  5
289
100
AcDbEntity
  8
Top Solder Mask Layer
 62
256
370
-1
 48
1.0
  6
ByLayer
100
AcDbHatch
 10
0.0
 20
0.0
 30
0.0
210
0.0
220
0.0
230
1.0
  2
SOLID
 70
1
 71
0
 91
2
 92
1
 93
0
 97
0
 92
1
 93
2
 72
2
 10
6.7700127000254007
 20
17.5400355600711251
 40
0.8508001016002034
 50
180.0
 51
0.0
 73
1
 72
2
 10
6.7700127000254007
 20
17.5400355600711251
 40
0.8508001016002034
 50
0.0
 51
180.0
 73
1
 97
0
 75
0
 76
1
 98
0
1001
ACAD
1010
0.0
1020
0.0
1030
0
  0
HATCH
  5
28A
100
AcDbEntity
  8
Top Solder Mask Layer
 62
256
370
-1
 48
1.0
  6
ByLayer
100
AcDbHatch
 10
0.0
 20
0.0
 30
0.0
210
0.0
220
0.0
230
1.0
  2
SOLID
 70
1
 71
0
 91
2
 92
1
 93
0
 97
0
 92
1
 93
2
 72
2
 10
4.2300076200152379
 20
17.5400355600711251
 40
0.8508001016002034
 50
180.0
 51
0.0
 73
1
 72
2
 10
4.2300076200152379
 20
17.5400355600711251
 40
0.8508001016002034
 50
0.0
 51
180.0
 73
1
 97
0
 75
0
 76
1
 98
0
1001
ACAD
1010
0.0
1020
0.0
1030
0
  0
HATCH
  5
28B
100
AcDbEntity
  8
Top Solder Mask Layer
 62
256
370
-1
 48
1.0
  6
ByLayer
100
AcDbHatch
 10
0.0
 20
0.0
 30
0.0
210
0.0
220
0.0
230
1.0
  2
SOLID
 70
1
 71
0
 91
2
 92
1
 93
0
 97
0
 92
1
 93
2
 72
2
 10
4.2300076200152379
 20
17.5400355600711251
 40
0.8508001016002034
 50
180.0
 51
0.0
 73
1
 72
2
 10
4.2300076200152379
 20
17.5400355600711251
 40
0.8508001016002034
 50
0.0
 51
180.0
 73
1
 97
0
 75
0
 76
1
 98
0
1001
ACAD
1010
0.0
1020
0.0
1030
0
  0
HATCH
  5
28C
100
AcDbEntity
  8
Top Solder Mask Layer
 62
256
370
-1
 48
1.0
  6
ByLayer
100
AcDbHatch
 10
0.0
 20
0.0
 30
0.0
210
0.0
220
0.0
230
1.0
  2
SOLID
 70
1
 71
0
 91
2
 92
1
 93
0
 97
0
 92
1
 93
2
 72
2
 10
6.7700127000254007
 20
15.0000304800609641
 40
0.8508001016002034
 50
180.0
 51
0.0
 73
1
 72
2
 10
6.7700127000254007
 20
15.0000304800609641
 40
0.8508001016002034
 50
0.0
 51
180.0
 73
1
 97
0
 75
0
 76
1
 98
0
1001
ACAD
1010
0.0
1020
0.0
1030
0
  0
HATCH
  5
28D
100
AcDbEntity
  8
Top Solder Mask Layer
 62
256
370
-1
 48
1.0
  6
ByLayer
100
AcDbHatch
 10
0.0
 20
0.0
 30
0.0
210
0.0
220
0.0
230
1.0
  2
SOLID
 70
1
 71
0
 91
2
 92
1
 93
0
 97
0
 92
1
 93
2
 72
2
 10
6.7700127000254007
 20
15.0000304800609641
 40
0.8508001016002034
 50
180.0
 51
0.0
 73
1
 72
2
 10
6.7700127000254007
 20
15.0000304800609641
 40
0.8508001016002034
 50
0.0
 51
180.0
 73
1
 97
0
 75
0
 76
1
 98
0
1001
ACAD
1010
0.0
1020
0.0
1030
0
  0
HATCH
  5
28E
100
AcDbEntity
  8
Top Solder Mask Layer
 62
256
370
-1
 48
1.0
  6
ByLayer
100
AcDbHatch
 10
0.0
 20
0.0
 30
0.0
210
0.0
220
0.0
230
1.0
  2
SOLID
 70
1
 71
0
 91
2
 92
1
 93
0
 97
0
 92
1
 93
2
 72
2
 10
4.2300076200152379
 20
15.0000304800609641
 40
0.8508001016002034
 50
180.0
 51
0.0
 73
1
 72
2
 10
4.2300076200152379
 20
15.0000304800609641
 40
0.8508001016002034
 50
0.0
 51
180.0
 73
1
 97
0
 75
0
 76
1
 98
0
1001
ACAD
1010
0.0
1020
0.0
1030
0
  0
HATCH
  5
28F
100
AcDbEntity
  8
Top Solder Mask Layer
 62
256
370
-1
 48
1.0
  6
ByLayer
100
AcDbHatch
 10
0.0
 20
0.0
 30
0.0
210
0.0
220
0.0
230
1.0
  2
SOLID
 70
1
 71
0
 91
2
 92
1
 93
0
 97
0
 92
1
 93
2
 72
2
 10
4.2300076200152379
 20
15.0000304800609641
 40
0.8508001016002034
 50
180.0
 51
0.0
 73
1
 72
2
 10
4.2300076200152379
 20
15.0000304800609641
 40
0.8508001016002034
 50
0.0
 51
180.0
 73
1
 97
0
 75
0
 76
1
 98
0
1001
ACAD
1010
0.0
1020
0.0
1030
0
  0
HATCH
  5
290
100
AcDbEntity
  8
Top Solder Mask Layer
 62
256
370
-1
 48
1.0
  6
ByLayer
100
AcDbHatch
 10
0.0
 20
0.0
 30
0.0
210
0.0
220
0.0
230
1.0
  2
SOLID
 70
1
 71
0
 91
2
 92
1
 93
0
 97
0
 92
1
 93
2
 72
2
 10
6.7700127000254007
 20
12.4600254000508102
 40
0.8508001016002034
 50
180.0
 51
0.0
 73
1
 72
2
 10
6.7700127000254007
 20
12.4600254000508102
 40
0.8508001016002034
 50
0.0
 51
180.0
 73
1
 97
0
 75
0
 76
1
 98
0
1001
ACAD
1010
0.0
1020
0.0
1030
0
  0
HATCH
  5
291
100
AcDbEntity
  8
Top Solder Mask Layer
 62
256
370
-1
 48
1.0
  6
ByLayer
100
AcDbHatch
 10
0.0
 20
0.0
 30
0.0
210
0.0
220
0.0
230
1.0
  2
SOLID
 70
1
 71
0
 91
2
 92
1
 93
0
 97
0
 92
1
 93
2
 72
2
 10
6.7700127000254007
 20
12.4600254000508102
 40
0.8508001016002034
 50
180.0
 51
0.0
 73
1
 72
2
 10
6.7700127000254007
 20
12.4600254000508102
 40
0.8508001016002034
 50
0.0
 51
180.0
 73
1
 97
0
 75
0
 76
1
 98
0
1001
ACAD
1010
0.0
1020
0.0
1030
0
  0
HATCH
  5
292
100
AcDbEntity
  8
Top Solder Mask Layer
 62
256
370
-1
 48
1.0
  6
ByLayer
100
AcDbHatch
 10
0.0
 20
0.0
 30
0.0
210
0.0
220
0.0
230
1.0
  2
SOLID
 70
1
 71
0
 91
2
 92
1
 93
0
 97
0
 92
1
 93
2
 72
2
 10
4.2300076200152379
 20
12.4600254000508102
 40
0.8508001016002034
 50
180.0
 51
0.0
 73
1
 72
2
 10
4.2300076200152379
 20
12.4600254000508102
 40
0.8508001016002034
 50
0.0
 51
180.0
 73
1
 97
0
 75
0
 76
1
 98
0
1001
ACAD
1010
0.0
1020
0.0
1030
0
  0
HATCH
  5
293
100
AcDbEntity
  8
Top Solder Mask Layer
 62
256
370
-1
 48
1.0
  6
ByLayer
100
AcDbHatch
 10
0.0
 20
0.0
 30
0.0
210
0.0
220
0.0
230
1.0
  2
SOLID
 70
1
 71
0
 91
2
 92
1
 93
0
 97
0
 92
1
 93
2
 72
2
 10
4.2300076200152379
 20
12.4600254000508102
 40
0.8508001016002034
 50
180.0
 51
0.0
 73
1
 72
2
 10
4.2300076200152379
 20
12.4600254000508102
 40
0.8508001016002034
 50
0.0
 51
180.0
 73
1
 97
0
 75
0
 76
1
 98
0
1001
ACAD
1010
0.0
1020
0.0
1030
0
  0
HATCH
  5
294
100
AcDbEntity
  8
Top Solder Mask Layer
 62
256
370
-1
 48
1.0
  6
ByLayer
100
AcDbHatch
 10
0.0
 20
0.0
 30
0.0
210
0.0
220
0.0
230
1.0
  2
SOLID
 70
1
 71
0
 91
2
 92
1
 93
0
 97
0
 92
1
 93
2
 72
2
 10
6.7700127000254007
 20
9.9200203200406492
 40
0.8508001016002034
 50
180.0
 51
0.0
 73
1
 72
2
 10
6.7700127000254007
 20
9.9200203200406492
 40
0.8508001016002034
 50
0.0
 51
180.0
 73
1
 97
0
 75
0
 76
1
 98
0
1001
ACAD
1010
0.0
1020
0.0
1030
0
  0
HATCH
  5
295
100
AcDbEntity
  8
Top Solder Mask Layer
 62
256
370
-1
 48
1.0
  6
ByLayer
100
AcDbHatch
 10
0.0
 20
0.0
 30
0.0
210
0.0
220
0.0
230
1.0
  2
SOLID
 70
1
 71
0
 91
2
 92
1
 93
0
 97
0
 92
1
 93
2
 72
2
 10
6.7700127000254007
 20
9.9200203200406492
 40
0.8508001016002034
 50
180.0
 51
0.0
 73
1
 72
2
 10
6.7700127000254007
 20
9.9200203200406492
 40
0.8508001016002034
 50
0.0
 51
180.0
 73
1
 97
0
 75
0
 76
1
 98
0
1001
ACAD
1010
0.0
1020
0.0
1030
0
  0
HATCH
  5
296
100
AcDbEntity
  8
Top Solder Mask Layer
 62
256
370
-1
 48
1.0
  6
ByLayer
100
AcDbHatch
 10
0.0
 20
0.0
 30
0.0
210
0.0
220
0.0
230
1.0
  2
SOLID
 70
1
 71
0
 91
2
 92
1
 93
0
 97
0
 92
1
 93
2
 72
2
 10
4.2300076200152379
 20
9.9200203200406492
 40
0.8508001016002034
 50
180.0
 51
0.0
 73
1
 72
2
 10
4.2300076200152379
 20
9.9200203200406492
 40
0.8508001016002034
 50
0.0
 51
180.0
 73
1
 97
0
 75
0
 76
1
 98
0
1001
ACAD
1010
0.0
1020
0.0
1030
0
  0
HATCH
  5
297
100
AcDbEntity
  8
Top Solder Mask Layer
 62
256
370
-1
 48
1.0
  6
ByLayer
100
AcDbHatch
 10
0.0
 20
0.0
 30
0.0
210
0.0
220
0.0
230
1.0
  2
SOLID
 70
1
 71
0
 91
2
 92
1
 93
0
 97
0
 92
1
 93
2
 72
2
 10
4.2300076200152379
 20
9.9200203200406492
 40
0.8508001016002034
 50
180.0
 51
0.0
 73
1
 72
2
 10
4.2300076200152379
 20
9.9200203200406492
 40
0.8508001016002034
 50
0.0
 51
180.0
 73
1
 97
0
 75
0
 76
1
 98
0
1001
ACAD
1010
0.0
1020
0.0
1030
0
  0
HATCH
  5
298
100
AcDbEntity
  8
Top Solder Mask Layer
 62
256
370
-1
 48
1.0
  6
ByLayer
100
AcDbHatch
 10
0.0
 20
0.0
 30
0.0
210
0.0
220
0.0
230
1.0
  2
SOLID
 70
1
 71
0
 91
2
 92
1
 93
0
 97
0
 92
1
 93
2
 72
2
 10
6.7700127000254007
 20
7.3800152400304881
 40
0.8508001016002034
 50
180.0
 51
0.0
 73
1
 72
2
 10
6.7700127000254007
 20
7.3800152400304881
 40
0.8508001016002034
 50
0.0
 51
180.0
 73
1
 97
0
 75
0
 76
1
 98
0
1001
ACAD
1010
0.0
1020
0.0
1030
0
  0
HATCH
  5
299
100
AcDbEntity
  8
Top Solder Mask Layer
 62
256
370
-1
 48
1.0
  6
ByLayer
100
AcDbHatch
 10
0.0
 20
0.0
 30
0.0
210
0.0
220
0.0
230
1.0
  2
SOLID
 70
1
 71
0
 91
2
 92
1
 93
0
 97
0
 92
1
 93
2
 72
2
 10
6.7700127000254007
 20
7.3800152400304881
 40
0.8508001016002034
 50
180.0
 51
0.0
 73
1
 72
2
 10
6.7700127000254007
 20
7.3800152400304881
 40
0.8508001016002034
 50
0.0
 51
180.0
 73
1
 97
0
 75
0
 76
1
 98
0
1001
ACAD
1010
0.0
1020
0.0
1030
0
  0
HATCH
  5
29A
100
AcDbEntity
  8
Top Solder Mask Layer
 62
256
370
-1
 48
1.0
  6
ByLayer
100
AcDbHatch
 10
0.0
 20
0.0
 30
0.0
210
0.0
220
0.0
230
1.0
  2
SOLID
 70
1
 71
0
 91
2
 92
1
 93
0
 97
0
 92
1
 93
2
 72
2
 10
4.2300076200152379
 20
7.3800152400304881
 40
0.8508001016002034
 50
180.0
 51
0.0
 73
1
 72
2
 10
4.2300076200152379
 20
7.3800152400304881
 40
0.8508001016002034
 50
0.0
 51
180.0
 73
1
 97
0
 75
0
 76
1
 98
0
1001
ACAD
1010
0.0
1020
0.0
1030
0
  0
HATCH
  5
29B
100
AcDbEntity
  8
Top Solder Mask Layer
 62
256
370
-1
 48
1.0
  6
ByLayer
100
AcDbHatch
 10
0.0
 20
0.0
 30
0.0
210
0.0
220
0.0
230
1.0
  2
SOLID
 70
1
 71
0
 91
2
 92
1
 93
0
 97
0
 92
1
 93
2
 72
2
 10
4.2300076200152379
 20
7.3800152400304881
 40
0.8508001016002034
 50
180.0
 51
0.0
 73
1
 72
2
 10
4.2300076200152379
 20
7.3800152400304881
 40
0.8508001016002034
 50
0.0
 51
180.0
 73
1
 97
0
 75
0
 76
1
 98
0
1001
ACAD
1010
0.0
1020
0.0
1030
0
  0
HATCH
  5
29C
100
AcDbEntity
  8
Top Solder Mask Layer
 62
256
370
-1
 48
1.0
  6
ByLayer
100
AcDbHatch
 10
0.0
 20
0.0
 30
0.0
210
0.0
220
0.0
230
1.0
  2
SOLID
 70
1
 71
0
 91
2
 92
1
 93
0
 97
0
 92
1
 93
2
 72
2
 10
6.7700127000254007
 20
4.8400101600203271
 40
0.8508001016002034
 50
180.0
 51
0.0
 73
1
 72
2
 10
6.7700127000254007
 20
4.8400101600203271
 40
0.8508001016002034
 50
0.0
 51
180.0
 73
1
 97
0
 75
0
 76
1
 98
0
1001
ACAD
1010
0.0
1020
0.0
1030
0
  0
HATCH
  5
29D
100
AcDbEntity
  8
Top Solder Mask Layer
 62
256
370
-1
 48
1.0
  6
ByLayer
100
AcDbHatch
 10
0.0
 20
0.0
 30
0.0
210
0.0
220
0.0
230
1.0
  2
SOLID
 70
1
 71
0
 91
2
 92
1
 93
0
 97
0
 92
1
 93
2
 72
2
 10
6.7700127000254007
 20
4.8400101600203271
 40
0.8508001016002034
 50
180.0
 51
0.0
 73
1
 72
2
 10
6.7700127000254007
 20
4.8400101600203271
 40
0.8508001016002034
 50
0.0
 51
180.0
 73
1
 97
0
 75
0
 76
1
 98
0
1001
ACAD
1010
0.0
1020
0.0
1030
0
  0
HATCH
  5
29E
100
AcDbEntity
  8
Top Solder Mask Layer
 62
256
370
-1
 48
1.0
  6
ByLayer
100
AcDbHatch
 10
0.0
 20
0.0
 30
0.0
210
0.0
220
0.0
230
1.0
  2
SOLID
 70
1
 71
0
 91
2
 92
1
 93
0
 97
0
 92
1
 93
2
 72
2
 10
4.2300076200152379
 20
4.8400101600203271
 40
0.8508001016002034
 50
180.0
 51
0.0
 73
1
 72
2
 10
4.2300076200152379
 20
4.8400101600203271
 40
0.8508001016002034
 50
0.0
 51
180.0
 73
1
 97
0
 75
0
 76
1
 98
0
1001
ACAD
1010
0.0
1020
0.0
1030
0
  0
HATCH
  5
29F
100
AcDbEntity
  8
Top Solder Mask Layer
 62
256
370
-1
 48
1.0
  6
ByLayer
100
AcDbHatch
 10
0.0
 20
0.0
 30
0.0
210
0.0
220
0.0
230
1.0
  2
SOLID
 70
1
 71
0
 91
2
 92
1
 93
0
 97
0
 92
1
 93
2
 72
2
 10
4.2300076200152379
 20
4.8400101600203271
 40
0.8508001016002034
 50
180.0
 51
0.0
 73
1
 72
2
 10
4.2300076200152379
 20
4.8400101600203271
 40
0.8508001016002034
 50
0.0
 51
180.0
 73
1
 97
0
 75
0
 76
1
 98
0
1001
ACAD
1010
0.0
1020
0.0
1030
0
  0
HATCH
  5
2A0
100
AcDbEntity
  8
Top Solder Mask Layer
 62
256
370
-1
 48
1.0
  6
ByLayer
100
AcDbHatch
 10
0.0
 20
0.0
 30
0.0
210
0.0
220
0.0
230
1.0
  2
SOLID
 70
1
 71
0
 91
2
 92
1
 93
0
 97
0
 92
1
 93
2
 72
2
 10
6.7700127000254007
 20
2.3000050800101661
 40
0.8508001016002034
 50
180.0
 51
0.0
 73
1
 72
2
 10
6.7700127000254007
 20
2.3000050800101661
 40
0.8508001016002034
 50
0.0
 51
180.0
 73
1
 97
0
 75
0
 76
1
 98
0
1001
ACAD
1010
0.0
1020
0.0
1030
0
  0
HATCH
  5
2A1
100
AcDbEntity
  8
Top Solder Mask Layer
 62
256
370
-1
 48
1.0
  6
ByLayer
100
AcDbHatch
 10
0.0
 20
0.0
 30
0.0
210
0.0
220
0.0
230
1.0
  2
SOLID
 70
1
 71
0
 91
2
 92
1
 93
0
 97
0
 92
1
 93
2
 72
2
 10
6.7700127000254007
 20
2.3000050800101661
 40
0.8508001016002034
 50
180.0
 51
0.0
 73
1
 72
2
 10
6.7700127000254007
 20
2.3000050800101661
 40
0.8508001016002034
 50
0.0
 51
180.0
 73
1
 97
0
 75
0
 76
1
 98
0
1001
ACAD
1010
0.0
1020
0.0
1030
0
  0
HATCH
  5
2A2
100
AcDbEntity
  8
Top Solder Mask Layer
 62
256
370
-1
 48
1.0
  6
ByLayer
100
AcDbHatch
 10
0.0
 20
0.0
 30
0.0
210
0.0
220
0.0
230
1.0
  2
SOLID
 70
1
 71
0
 91
2
 92
1
 93
0
 97
0
 92
1
 93
2
 72
2
 10
4.2300076200152379
 20
2.3000050800101661
 40
0.8508001016002034
 50
180.0
 51
0.0
 73
1
 72
2
 10
4.2300076200152379
 20
2.3000050800101661
 40
0.8508001016002034
 50
0.0
 51
180.0
 73
1
 97
0
 75
0
 76
1
 98
0
1001
ACAD
1010
0.0
1020
0.0
1030
0
  0
HATCH
  5
2A3
100
AcDbEntity
  8
Top Solder Mask Layer
 62
256
370
-1
 48
1.0
  6
ByLayer
100
AcDbHatch
 10
0.0
 20
0.0
 30
0.0
210
0.0
220
0.0
230
1.0
  2
SOLID
 70
1
 71
0
 91
2
 92
1
 93
0
 97
0
 92
1
 93
2
 72
2
 10
4.2300076200152379
 20
2.3000050800101661
 40
0.8508001016002034
 50
180.0
 51
0.0
 73
1
 72
2
 10
4.2300076200152379
 20
2.3000050800101661
 40
0.8508001016002034
 50
0.0
 51
180.0
 73
1
 97
0
 75
0
 76
1
 98
0
1001
ACAD
1010
0.0
1020
0.0
1030
0
  0
LWPOLYLINE
  5
2A4
100
AcDbEntity
  8
Top Solder Mask Layer
 62
256
370
-1
 48
1.0
  6
ByLayer
100
AcDbPolyline
 90
4
 70
1
 10
31.5592659385318797
 20
29.4008559817119703
 10
31.5592659385318797
 20
27.5992557785115586
 10
33.3608661417322807
 20
27.5992557785115586
 10
33.3608661417322807
 20
29.4008559817119703
  0
HATCH
  5
2A5
100
AcDbEntity
  8
Top Solder Mask Layer
 62
256
370
-1
 48
1.0
  6
ByLayer
100
AcDbHatch
 10
0.0
 20
0.0
 30
0.0
210
0.0
220
0.0
230
1.0
  2
SOLID
 70
1
 71
0
 91
2
 92
1
 93
0
 97
0
 92
1
 93
4
 72
1
 10
31.5592659385318797
 20
29.4008559817119703
 11
31.5592659385318797
 21
27.5992557785115586
 72
1
 10
31.5592659385318797
 20
27.5992557785115586
 11
33.3608661417322807
 21
27.5992557785115586
 72
1
 10
33.3608661417322807
 20
27.5992557785115586
 11
33.3608661417322807
 21
29.4008559817119703
 72
1
 10
33.3608661417322807
 20
29.4008559817119703
 11
31.5592659385318797
 21
29.4008559817119703
 97
0
 75
0
 76
1
 98
0
1001
ACAD
1010
0.0
1020
0.0
1030
0
  0
HATCH
  5
2A6
100
AcDbEntity
  8
Top Solder Mask Layer
 62
256
370
-1
 48
1.0
  6
ByLayer
100
AcDbHatch
 10
0.0
 20
0.0
 30
0.0
210
0.0
220
0.0
230
1.0
  2
SOLID
 70
1
 71
0
 91
2
 92
1
 93
0
 97
0
 92
1
 93
2
 72
2
 10
35.0000711201422448
 20
28.5000558801117627
 40
0.9008001016002041
 50
180.0
 51
0.0
 73
1
 72
2
 10
35.0000711201422448
 20
28.5000558801117627
 40
0.9008001016002041
 50
0.0
 51
180.0
 73
1
 97
0
 75
0
 76
1
 98
0
1001
ACAD
1010
0.0
1020
0.0
1030
0
  0
HATCH
  5
2A7
100
AcDbEntity
  8
Top Solder Mask Layer
 62
256
370
-1
 48
1.0
  6
ByLayer
100
AcDbHatch
 10
0.0
 20
0.0
 30
0.0
210
0.0
220
0.0
230
1.0
  2
SOLID
 70
1
 71
0
 91
2
 92
1
 93
0
 97
0
 92
1
 93
2
 72
2
 10
35.0000711201422448
 20
28.5000558801117627
 40
0.9008001016002041
 50
180.0
 51
0.0
 73
1
 72
2
 10
35.0000711201422448
 20
28.5000558801117627
 40
0.9008001016002041
 50
0.0
 51
180.0
 73
1
 97
0
 75
0
 76
1
 98
0
1001
ACAD
1010
0.0
1020
0.0
1030
0
  0
HATCH
  5
2A8
100
AcDbEntity
  8
Top Solder Mask Layer
 62
256
370
-1
 48
1.0
  6
ByLayer
100
AcDbHatch
 10
0.0
 20
0.0
 30
0.0
210
0.0
220
0.0
230
1.0
  2
SOLID
 70
1
 71
0
 91
2
 92
1
 93
0
 97
0
 92
1
 93
2
 72
2
 10
37.5400762001524058
 20
28.5000558801117627
 40
0.9008001016002041
 50
180.0
 51
0.0
 73
1
 72
2
 10
37.5400762001524058
 20
28.5000558801117627
 40
0.9008001016002041
 50
0.0
 51
180.0
 73
1
 97
0
 75
0
 76
1
 98
0
1001
ACAD
1010
0.0
1020
0.0
1030
0
  0
HATCH
  5
2A9
100
AcDbEntity
  8
Top Solder Mask Layer
 62
256
370
-1
 48
1.0
  6
ByLayer
100
AcDbHatch
 10
0.0
 20
0.0
 30
0.0
210
0.0
220
0.0
230
1.0
  2
SOLID
 70
1
 71
0
 91
2
 92
1
 93
0
 97
0
 92
1
 93
2
 72
2
 10
37.5400762001524058
 20
28.5000558801117627
 40
0.9008001016002041
 50
180.0
 51
0.0
 73
1
 72
2
 10
37.5400762001524058
 20
28.5000558801117627
 40
0.9008001016002041
 50
0.0
 51
180.0
 73
1
 97
0
 75
0
 76
1
 98
0
1001
ACAD
1010
0.0
1020
0.0
1030
0
  0
HATCH
  5
2AA
100
AcDbEntity
  8
Top Solder Mask Layer
 62
256
370
-1
 48
1.0
  6
ByLayer
100
AcDbHatch
 10
0.0
 20
0.0
 30
0.0
210
0.0
220
0.0
230
1.0
  2
SOLID
 70
1
 71
0
 91
2
 92
1
 93
0
 97
0
 92
1
 93
2
 72
2
 10
65.0001295402590813
 20
6.0000127000254011
 40
1.3008001016002027
 50
180.0
 51
0.0
 73
1
 72
2
 10
65.0001295402590813
 20
6.0000127000254011
 40
1.3008001016002027
 50
0.0
 51
180.0
 73
1
 97
0
 75
0
 76
1
 98
0
1001
ACAD
1010
0.0
1020
0.0
1030
0
  0
HATCH
  5
2AB
100
AcDbEntity
  8
Top Solder Mask Layer
 62
256
370
-1
 48
1.0
  6
ByLayer
100
AcDbHatch
 10
0.0
 20
0.0
 30
0.0
210
0.0
220
0.0
230
1.0
  2
SOLID
 70
1
 71
0
 91
2
 92
1
 93
0
 97
0
 92
1
 93
2
 72
2
 10
65.0001295402590813
 20
6.0000127000254011
 40
1.3008001016002027
 50
180.0
 51
0.0
 73
1
 72
2
 10
65.0001295402590813
 20
6.0000127000254011
 40
1.3008001016002027
 50
0.0
 51
180.0
 73
1
 97
0
 75
0
 76
1
 98
0
1001
ACAD
1010
0.0
1020
0.0
1030
0
  0
HATCH
  5
2AC
100
AcDbEntity
  8
Top Solder Mask Layer
 62
256
370
-1
 48
1.0
  6
ByLayer
100
AcDbHatch
 10
0.0
 20
0.0
 30
0.0
210
0.0
220
0.0
230
1.0
  2
SOLID
 70
1
 71
0
 91
2
 92
1
 93
0
 97
0
 92
1
 93
2
 72
2
 10
67.5500406400812778
 20
3.4501016002032046
 40
1.3008001016002027
 50
180.0
 51
0.0
 73
1
 72
2
 10
67.5500406400812778
 20
3.4501016002032046
 40
1.3008001016002027
 50
0.0
 51
180.0
 73
1
 97
0
 75
0
 76
1
 98
0
1001
ACAD
1010
0.0
1020
0.0
1030
0
  0
HATCH
  5
2AD
100
AcDbEntity
  8
Top Solder Mask Layer
 62
256
370
-1
 48
1.0
  6
ByLayer
100
AcDbHatch
 10
0.0
 20
0.0
 30
0.0
210
0.0
220
0.0
230
1.0
  2
SOLID
 70
1
 71
0
 91
2
 92
1
 93
0
 97
0
 92
1
 93
2
 72
2
 10
67.5500406400812778
 20
3.4501016002032046
 40
1.3008001016002027
 50
180.0
 51
0.0
 73
1
 72
2
 10
67.5500406400812778
 20
3.4501016002032046
 40
1.3008001016002027
 50
0.0
 51
180.0
 73
1
 97
0
 75
0
 76
1
 98
0
1001
ACAD
1010
0.0
1020
0.0
1030
0
  0
HATCH
  5
2AE
100
AcDbEntity
  8
Top Solder Mask Layer
 62
256
370
-1
 48
1.0
  6
ByLayer
100
AcDbHatch
 10
0.0
 20
0.0
 30
0.0
210
0.0
220
0.0
230
1.0
  2
SOLID
 70
1
 71
0
 91
2
 92
1
 93
0
 97
0
 92
1
 93
2
 72
2
 10
67.5500406400812778
 20
8.5499237998475976
 40
1.3008001016002027
 50
180.0
 51
0.0
 73
1
 72
2
 10
67.5500406400812778
 20
8.5499237998475976
 40
1.3008001016002027
 50
0.0
 51
180.0
 73
1
 97
0
 75
0
 76
1
 98
0
1001
ACAD
1010
0.0
1020
0.0
1030
0
  0
HATCH
  5
2AF
100
AcDbEntity
  8
Top Solder Mask Layer
 62
256
370
-1
 48
1.0
  6
ByLayer
100
AcDbHatch
 10
0.0
 20
0.0
 30
0.0
210
0.0
220
0.0
230
1.0
  2
SOLID
 70
1
 71
0
 91
2
 92
1
 93
0
 97
0
 92
1
 93
2
 72
2
 10
67.5500406400812778
 20
8.5499237998475976
 40
1.3008001016002027
 50
180.0
 51
0.0
 73
1
 72
2
 10
67.5500406400812778
 20
8.5499237998475976
 40
1.3008001016002027
 50
0.0
 51
180.0
 73
1
 97
0
 75
0
 76
1
 98
0
1001
ACAD
1010
0.0
1020
0.0
1030
0
  0
HATCH
  5
2B0
100
AcDbEntity
  8
Top Solder Mask Layer
 62
256
370
-1
 48
1.0
  6
ByLayer
100
AcDbHatch
 10
0.0
 20
0.0
 30
0.0
210
0.0
220
0.0
230
1.0
  2
SOLID
 70
1
 71
0
 91
2
 92
1
 93
0
 97
0
 92
1
 93
2
 72
2
 10
62.4502184404368919
 20
8.5499237998475976
 40
1.3008001016002027
 50
180.0
 51
0.0
 73
1
 72
2
 10
62.4502184404368919
 20
8.5499237998475976
 40
1.3008001016002027
 50
0.0
 51
180.0
 73
1
 97
0
 75
0
 76
1
 98
0
1001
ACAD
1010
0.0
1020
0.0
1030
0
  0
HATCH
  5
2B1
100
AcDbEntity
  8
Top Solder Mask Layer
 62
256
370
-1
 48
1.0
  6
ByLayer
100
AcDbHatch
 10
0.0
 20
0.0
 30
0.0
210
0.0
220
0.0
230
1.0
  2
SOLID
 70
1
 71
0
 91
2
 92
1
 93
0
 97
0
 92
1
 93
2
 72
2
 10
62.4502184404368919
 20
8.5499237998475976
 40
1.3008001016002027
 50
180.0
 51
0.0
 73
1
 72
2
 10
62.4502184404368919
 20
8.5499237998475976
 40
1.3008001016002027
 50
0.0
 51
180.0
 73
1
 97
0
 75
0
 76
1
 98
0
1001
ACAD
1010
0.0
1020
0.0
1030
0
  0
HATCH
  5
2B2
100
AcDbEntity
  8
Top Solder Mask Layer
 62
256
370
-1
 48
1.0
  6
ByLayer
100
AcDbHatch
 10
0.0
 20
0.0
 30
0.0
210
0.0
220
0.0
230
1.0
  2
SOLID
 70
1
 71
0
 91
2
 92
1
 93
0
 97
0
 92
1
 93
2
 72
2
 10
62.4502184404368919
 20
3.4501016002032046
 40
1.3008001016002027
 50
180.0
 51
0.0
 73
1
 72
2
 10
62.4502184404368919
 20
3.4501016002032046
 40
1.3008001016002027
 50
0.0
 51
180.0
 73
1
 97
0
 75
0
 76
1
 98
0
1001
ACAD
1010
0.0
1020
0.0
1030
0
  0
HATCH
  5
2B3
100
AcDbEntity
  8
Top Solder Mask Layer
 62
256
370
-1
 48
1.0
  6
ByLayer
100
AcDbHatch
 10
0.0
 20
0.0
 30
0.0
210
0.0
220
0.0
230
1.0
  2
SOLID
 70
1
 71
0
 91
2
 92
1
 93
0
 97
0
 92
1
 93
2
 72
2
 10
62.4502184404368919
 20
3.4501016002032046
 40
1.3008001016002027
 50
180.0
 51
0.0
 73
1
 72
2
 10
62.4502184404368919
 20
3.4501016002032046
 40
1.3008001016002027
 50
0.0
 51
180.0
 73
1
 97
0
 75
0
 76
1
 98
0
1001
ACAD
1010
0.0
1020
0.0
1030
0
  0
HATCH
  5
2B4
100
AcDbEntity
  8
Top Solder Mask Layer
 62
256
370
-1
 48
1.0
  6
ByLayer
100
AcDbHatch
 10
0.0
 20
0.0
 30
0.0
210
0.0
220
0.0
230
1.0
  2
SOLID
 70
1
 71
0
 91
2
 92
1
 93
0
 97
0
 92
1
 93
2
 72
2
 10
65.0001295402590813
 20
24.000048260096527
 40
1.3008001016002027
 50
180.0
 51
0.0
 73
1
 72
2
 10
65.0001295402590813
 20
24.000048260096527
 40
1.3008001016002027
 50
0.0
 51
180.0
 73
1
 97
0
 75
0
 76
1
 98
0
1001
ACAD
1010
0.0
1020
0.0
1030
0
  0
HATCH
  5
2B5
100
AcDbEntity
  8
Top Solder Mask Layer
 62
256
370
-1
 48
1.0
  6
ByLayer
100
AcDbHatch
 10
0.0
 20
0.0
 30
0.0
210
0.0
220
0.0
230
1.0
  2
SOLID
 70
1
 71
0
 91
2
 92
1
 93
0
 97
0
 92
1
 93
2
 72
2
 10
65.0001295402590813
 20
24.000048260096527
 40
1.3008001016002027
 50
180.0
 51
0.0
 73
1
 72
2
 10
65.0001295402590813
 20
24.000048260096527
 40
1.3008001016002027
 50
0.0
 51
180.0
 73
1
 97
0
 75
0
 76
1
 98
0
1001
ACAD
1010
0.0
1020
0.0
1030
0
  0
HATCH
  5
2B6
100
AcDbEntity
  8
Top Solder Mask Layer
 62
256
370
-1
 48
1.0
  6
ByLayer
100
AcDbHatch
 10
0.0
 20
0.0
 30
0.0
210
0.0
220
0.0
230
1.0
  2
SOLID
 70
1
 71
0
 91
2
 92
1
 93
0
 97
0
 92
1
 93
2
 72
2
 10
67.5500406400812778
 20
21.4501371602743234
 40
1.3008001016002027
 50
180.0
 51
0.0
 73
1
 72
2
 10
67.5500406400812778
 20
21.4501371602743234
 40
1.3008001016002027
 50
0.0
 51
180.0
 73
1
 97
0
 75
0
 76
1
 98
0
1001
ACAD
1010
0.0
1020
0.0
1030
0
  0
HATCH
  5
2B7
100
AcDbEntity
  8
Top Solder Mask Layer
 62
256
370
-1
 48
1.0
  6
ByLayer
100
AcDbHatch
 10
0.0
 20
0.0
 30
0.0
210
0.0
220
0.0
230
1.0
  2
SOLID
 70
1
 71
0
 91
2
 92
1
 93
0
 97
0
 92
1
 93
2
 72
2
 10
67.5500406400812778
 20
21.4501371602743234
 40
1.3008001016002027
 50
180.0
 51
0.0
 73
1
 72
2
 10
67.5500406400812778
 20
21.4501371602743234
 40
1.3008001016002027
 50
0.0
 51
180.0
 73
1
 97
0
 75
0
 76
1
 98
0
1001
ACAD
1010
0.0
1020
0.0
1030
0
  0
HATCH
  5
2B8
100
AcDbEntity
  8
Top Solder Mask Layer
 62
256
370
-1
 48
1.0
  6
ByLayer
100
AcDbHatch
 10
0.0
 20
0.0
 30
0.0
210
0.0
220
0.0
230
1.0
  2
SOLID
 70
1
 71
0
 91
2
 92
1
 93
0
 97
0
 92
1
 93
2
 72
2
 10
67.5500406400812778
 20
26.5499593599187271
 40
1.3008001016002027
 50
180.0
 51
0.0
 73
1
 72
2
 10
67.5500406400812778
 20
26.5499593599187271
 40
1.3008001016002027
 50
0.0
 51
180.0
 73
1
 97
0
 75
0
 76
1
 98
0
1001
ACAD
1010
0.0
1020
0.0
1030
0
  0
HATCH
  5
2B9
100
AcDbEntity
  8
Top Solder Mask Layer
 62
256
370
-1
 48
1.0
  6
ByLayer
100
AcDbHatch
 10
0.0
 20
0.0
 30
0.0
210
0.0
220
0.0
230
1.0
  2
SOLID
 70
1
 71
0
 91
2
 92
1
 93
0
 97
0
 92
1
 93
2
 72
2
 10
67.5500406400812778
 20
26.5499593599187271
 40
1.3008001016002027
 50
180.0
 51
0.0
 73
1
 72
2
 10
67.5500406400812778
 20
26.5499593599187271
 40
1.3008001016002027
 50
0.0
 51
180.0
 73
1
 97
0
 75
0
 76
1
 98
0
1001
ACAD
1010
0.0
1020
0.0
1030
0
  0
HATCH
  5
2BA
100
AcDbEntity
  8
Top Solder Mask Layer
 62
256
370
-1
 48
1.0
  6
ByLayer
100
AcDbHatch
 10
0.0
 20
0.0
 30
0.0
210
0.0
220
0.0
230
1.0
  2
SOLID
 70
1
 71
0
 91
2
 92
1
 93
0
 97
0
 92
1
 93
2
 72
2
 10
62.4502184404368919
 20
26.5499593599187236
 40
1.3008001016002027
 50
180.0
 51
0.0
 73
1
 72
2
 10
62.4502184404368919
 20
26.5499593599187236
 40
1.3008001016002027
 50
0.0
 51
180.0
 73
1
 97
0
 75
0
 76
1
 98
0
1001
ACAD
1010
0.0
1020
0.0
1030
0
  0
HATCH
  5
2BB
100
AcDbEntity
  8
Top Solder Mask Layer
 62
256
370
-1
 48
1.0
  6
ByLayer
100
AcDbHatch
 10
0.0
 20
0.0
 30
0.0
210
0.0
220
0.0
230
1.0
  2
SOLID
 70
1
 71
0
 91
2
 92
1
 93
0
 97
0
 92
1
 93
2
 72
2
 10
62.4502184404368919
 20
26.5499593599187236
 40
1.3008001016002027
 50
180.0
 51
0.0
 73
1
 72
2
 10
62.4502184404368919
 20
26.5499593599187236
 40
1.3008001016002027
 50
0.0
 51
180.0
 73
1
 97
0
 75
0
 76
1
 98
0
1001
ACAD
1010
0.0
1020
0.0
1030
0
  0
HATCH
  5
2BC
100
AcDbEntity
  8
Top Solder Mask Layer
 62
256
370
-1
 48
1.0
  6
ByLayer
100
AcDbHatch
 10
0.0
 20
0.0
 30
0.0
210
0.0
220
0.0
230
1.0
  2
SOLID
 70
1
 71
0
 91
2
 92
1
 93
0
 97
0
 92
1
 93
2
 72
2
 10
62.4502184404368919
 20
21.4501371602743234
 40
1.3008001016002027
 50
180.0
 51
0.0
 73
1
 72
2
 10
62.4502184404368919
 20
21.4501371602743234
 40
1.3008001016002027
 50
0.0
 51
180.0
 73
1
 97
0
 75
0
 76
1
 98
0
1001
ACAD
1010
0.0
1020
0.0
1030
0
  0
HATCH
  5
2BD
100
AcDbEntity
  8
Top Solder Mask Layer
 62
256
370
-1
 48
1.0
  6
ByLayer
100
AcDbHatch
 10
0.0
 20
0.0
 30
0.0
210
0.0
220
0.0
230
1.0
  2
SOLID
 70
1
 71
0
 91
2
 92
1
 93
0
 97
0
 92
1
 93
2
 72
2
 10
62.4502184404368919
 20
21.4501371602743234
 40
1.3008001016002027
 50
180.0
 51
0.0
 73
1
 72
2
 10
62.4502184404368919
 20
21.4501371602743234
 40
1.3008001016002027
 50
0.0
 51
180.0
 73
1
 97
0
 75
0
 76
1
 98
0
1001
ACAD
1010
0.0
1020
0.0
1030
0
  0
LWPOLYLINE
  5
2BE
100
AcDbEntity
  8
Top Solder Mask Layer
 62
256
370
-1
 48
1.0
  6
ByLayer
100
AcDbPolyline
 90
4
 70
1
 10
9.1092202184404378
 20
24.0698501397002858
 10
11.2108204216408431
 20
24.0698501397002822
 10
11.2108204216408431
 20
26.1714503429006875
 10
9.1092202184404378
 20
26.1714503429006911
  0
HATCH
  5
2BF
100
AcDbEntity
  8
Top Solder Mask Layer
 62
256
370
-1
 48
1.0
  6
ByLayer
100
AcDbHatch
 10
0.0
 20
0.0
 30
0.0
210
0.0
220
0.0
230
1.0
  2
SOLID
 70
1
 71
0
 91
2
 92
1
 93
0
 97
0
 92
1
 93
4
 72
1
 10
9.1092202184404378
 20
24.0698501397002858
 11
11.2108204216408431
 21
24.0698501397002822
 72
1
 10
11.2108204216408431
 20
24.0698501397002822
 11
11.2108204216408431
 21
26.1714503429006875
 72
1
 10
11.2108204216408431
 20
26.1714503429006875
 11
9.1092202184404378
 21
26.1714503429006911
 72
1
 10
9.1092202184404378
 20
26.1714503429006911
 11
9.1092202184404378
 21
24.0698501397002858
 97
0
 75
0
 76
1
 98
0
1001
ACAD
1010
0.0
1020
0.0
1030
0
  0
HATCH
  5
2C0
100
AcDbEntity
  8
Top Solder Mask Layer
 62
256
370
-1
 48
1.0
  6
ByLayer
100
AcDbHatch
 10
0.0
 20
0.0
 30
0.0
210
0.0
220
0.0
230
1.0
  2
SOLID
 70
1
 71
0
 91
2
 92
1
 93
0
 97
0
 92
1
 93
2
 72
2
 10
10.1600203200406405
 20
27.6606553213106494
 40
1.0508001016002027
 50
180.0
 51
0.0
 73
1
 72
2
 10
10.1600203200406405
 20
27.6606553213106494
 40
1.0508001016002027
 50
0.0
 51
180.0
 73
1
 97
0
 75
0
 76
1
 98
0
1001
ACAD
1010
0.0
1020
0.0
1030
0
  0
HATCH
  5
2C1
100
AcDbEntity
  8
Top Solder Mask Layer
 62
256
370
-1
 48
1.0
  6
ByLayer
100
AcDbHatch
 10
0.0
 20
0.0
 30
0.0
210
0.0
220
0.0
230
1.0
  2
SOLID
 70
1
 71
0
 91
2
 92
1
 93
0
 97
0
 92
1
 93
2
 72
2
 10
10.1600203200406405
 20
27.6606553213106494
 40
1.0508001016002027
 50
180.0
 51
0.0
 73
1
 72
2
 10
10.1600203200406405
 20
27.6606553213106494
 40
1.0508001016002027
 50
0.0
 51
180.0
 73
1
 97
0
 75
0
 76
1
 98
0
1001
ACAD
1010
0.0
1020
0.0
1030
0
  0
HATCH
  5
2C2
100
AcDbEntity
  8
Top Paste Mask Layer
 62
256
370
-1
 48
1.0
  6
ByLayer
100
AcDbHatch
 10
0.0
 20
0.0
 30
0.0
210
0.0
220
0.0
230
1.0
  2
SOLID
 70
1
 71
0
 91
2
 92
1
 93
0
 97
0
 92
1
 93
2
 72
2
 10
53.5363068326136826
 20
3.8000076200152364
 40
0.381000762001527
 50
180.0
 51
0.0
 73
1
 72
2
 10
53.5363068326136826
 20
3.8000076200152364
 40
0.381000762001527
 50
0.0
 51
180.0
 73
1
 97
0
 75
0
 76
1
 98
0
1001
ACAD
1010
0.0
1020
0.0
1030
0
  0
HATCH
  5
2C3
100
AcDbEntity
  8
Top Paste Mask Layer
 62
256
370
-1
 48
1.0
  6
ByLayer
100
AcDbHatch
 10
0.0
 20
0.0
 30
0.0
210
0.0
220
0.0
230
1.0
  2
SOLID
 70
1
 71
0
 91
2
 92
1
 93
0
 97
0
 92
1
 93
2
 72
2
 10
53.5363068326136826
 20
3.8000076200152364
 40
0.381000762001527
 50
180.0
 51
0.0
 73
1
 72
2
 10
53.5363068326136826
 20
3.8000076200152364
 40
0.381000762001527
 50
0.0
 51
180.0
 73
1
 97
0
 75
0
 76
1
 98
0
1001
ACAD
1010
0.0
1020
0.0
1030
0
  0
HATCH
  5
2C4
100
AcDbEntity
  8
Top Paste Mask Layer
 62
256
370
-1
 48
1.0
  6
ByLayer
100
AcDbHatch
 10
0.0
 20
0.0
 30
0.0
210
0.0
220
0.0
230
1.0
  2
SOLID
 70
1
 71
0
 91
2
 92
1
 93
0
 97
0
 92
1
 93
2
 72
2
 10
54.2720142240284602
 20
2.0719100838201641
 40
0.381000762001527
 50
180.0
 51
0.0
 73
1
 72
2
 10
54.2720142240284602
 20
2.0719100838201641
 40
0.381000762001527
 50
0.0
 51
180.0
 73
1
 97
0
 75
0
 76
1
 98
0
1001
ACAD
1010
0.0
1020
0.0
1030
0
  0
HATCH
  5
2C5
100
AcDbEntity
  8
Top Paste Mask Layer
 62
256
370
-1
 48
1.0
  6
ByLayer
100
AcDbHatch
 10
0.0
 20
0.0
 30
0.0
210
0.0
220
0.0
230
1.0
  2
SOLID
 70
1
 71
0
 91
2
 92
1
 93
0
 97
0
 92
1
 93
2
 72
2
 10
54.2720142240284602
 20
2.0719100838201641
 40
0.381000762001527
 50
180.0
 51
0.0
 73
1
 72
2
 10
54.2720142240284602
 20
2.0719100838201641
 40
0.381000762001527
 50
0.0
 51
180.0
 73
1
 97
0
 75
0
 76
1
 98
0
1001
ACAD
1010
0.0
1020
0.0
1030
0
  0
HATCH
  5
2C6
100
AcDbEntity
  8
Top Paste Mask Layer
 62
256
370
-1
 48
1.0
  6
ByLayer
100
AcDbHatch
 10
0.0
 20
0.0
 30
0.0
210
0.0
220
0.0
230
1.0
  2
SOLID
 70
1
 71
0
 91
2
 92
1
 93
0
 97
0
 92
1
 93
2
 72
2
 10
56.0001117602235254
 20
1.3561163322326593
 40
0.381000762001527
 50
180.0
 51
0.0
 73
1
 72
2
 10
56.0001117602235254
 20
1.3561163322326593
 40
0.381000762001527
 50
0.0
 51
180.0
 73
1
 97
0
 75
0
 76
1
 98
0
1001
ACAD
1010
0.0
1020
0.0
1030
0
  0
HATCH
  5
2C7
100
AcDbEntity
  8
Top Paste Mask Layer
 62
256
370
-1
 48
1.0
  6
ByLayer
100
AcDbHatch
 10
0.0
 20
0.0
 30
0.0
210
0.0
220
0.0
230
1.0
  2
SOLID
 70
1
 71
0
 91
2
 92
1
 93
0
 97
0
 92
1
 93
2
 72
2
 10
56.0001117602235254
 20
1.3561163322326593
 40
0.381000762001527
 50
180.0
 51
0.0
 73
1
 72
2
 10
56.0001117602235254
 20
1.3561163322326593
 40
0.381000762001527
 50
0.0
 51
180.0
 73
1
 97
0
 75
0
 76
1
 98
0
1001
ACAD
1010
0.0
1020
0.0
1030
0
  0
HATCH
  5
2C8
100
AcDbEntity
  8
Top Paste Mask Layer
 62
256
370
-1
 48
1.0
  6
ByLayer
100
AcDbHatch
 10
0.0
 20
0.0
 30
0.0
210
0.0
220
0.0
230
1.0
  2
SOLID
 70
1
 71
0
 91
2
 92
1
 93
0
 97
0
 92
1
 93
2
 72
2
 10
57.7282042164084359
 20
2.0719151638303259
 40
0.381000762001527
 50
180.0
 51
0.0
 73
1
 72
2
 10
57.7282042164084359
 20
2.0719151638303259
 40
0.381000762001527
 50
0.0
 51
180.0
 73
1
 97
0
 75
0
 76
1
 98
0
1001
ACAD
1010
0.0
1020
0.0
1030
0
  0
HATCH
  5
2C9
100
AcDbEntity
  8
Top Paste Mask Layer
 62
256
370
-1
 48
1.0
  6
ByLayer
100
AcDbHatch
 10
0.0
 20
0.0
 30
0.0
210
0.0
220
0.0
230
1.0
  2
SOLID
 70
1
 71
0
 91
2
 92
1
 93
0
 97
0
 92
1
 93
2
 72
2
 10
57.7282042164084359
 20
2.0719151638303259
 40
0.381000762001527
 50
180.0
 51
0.0
 73
1
 72
2
 10
57.7282042164084359
 20
2.0719151638303259
 40
0.381000762001527
 50
0.0
 51
180.0
 73
1
 97
0
 75
0
 76
1
 98
0
1001
ACAD
1010
0.0
1020
0.0
1030
0
  0
HATCH
  5
2CA
100
AcDbEntity
  8
Top Paste Mask Layer
 62
256
370
-1
 48
1.0
  6
ByLayer
100
AcDbHatch
 10
0.0
 20
0.0
 30
0.0
210
0.0
220
0.0
230
1.0
  2
SOLID
 70
1
 71
0
 91
2
 92
1
 93
0
 97
0
 92
1
 93
2
 72
2
 10
58.4440055880111728
 20
3.8000076200152364
 40
0.381000762001527
 50
180.0
 51
0.0
 73
1
 72
2
 10
58.4440055880111728
 20
3.8000076200152364
 40
0.381000762001527
 50
0.0
 51
180.0
 73
1
 97
0
 75
0
 76
1
 98
0
1001
ACAD
1010
0.0
1020
0.0
1030
0
  0
HATCH
  5
2CB
100
AcDbEntity
  8
Top Paste Mask Layer
 62
256
370
-1
 48
1.0
  6
ByLayer
100
AcDbHatch
 10
0.0
 20
0.0
 30
0.0
210
0.0
220
0.0
230
1.0
  2
SOLID
 70
1
 71
0
 91
2
 92
1
 93
0
 97
0
 92
1
 93
2
 72
2
 10
58.4440055880111728
 20
3.8000076200152364
 40
0.381000762001527
 50
180.0
 51
0.0
 73
1
 72
2
 10
58.4440055880111728
 20
3.8000076200152364
 40
0.381000762001527
 50
0.0
 51
180.0
 73
1
 97
0
 75
0
 76
1
 98
0
1001
ACAD
1010
0.0
1020
0.0
1030
0
  0
HATCH
  5
2CC
100
AcDbEntity
  8
Top Paste Mask Layer
 62
256
370
-1
 48
1.0
  6
ByLayer
100
AcDbHatch
 10
0.0
 20
0.0
 30
0.0
210
0.0
220
0.0
230
1.0
  2
SOLID
 70
1
 71
0
 91
2
 92
1
 93
0
 97
0
 92
1
 93
2
 72
2
 10
57.7282092964186049
 20
5.5281051562103087
 40
0.381000762001527
 50
180.0
 51
0.0
 73
1
 72
2
 10
57.7282092964186049
 20
5.5281051562103087
 40
0.381000762001527
 50
0.0
 51
180.0
 73
1
 97
0
 75
0
 76
1
 98
0
1001
ACAD
1010
0.0
1020
0.0
1030
0
  0
HATCH
  5
2CD
100
AcDbEntity
  8
Top Paste Mask Layer
 62
256
370
-1
 48
1.0
  6
ByLayer
100
AcDbHatch
 10
0.0
 20
0.0
 30
0.0
210
0.0
220
0.0
230
1.0
  2
SOLID
 70
1
 71
0
 91
2
 92
1
 93
0
 97
0
 92
1
 93
2
 72
2
 10
57.7282092964186049
 20
5.5281051562103087
 40
0.381000762001527
 50
180.0
 51
0.0
 73
1
 72
2
 10
57.7282092964186049
 20
5.5281051562103087
 40
0.381000762001527
 50
0.0
 51
180.0
 73
1
 97
0
 75
0
 76
1
 98
0
1001
ACAD
1010
0.0
1020
0.0
1030
0
  0
HATCH
  5
2CE
100
AcDbEntity
  8
Top Paste Mask Layer
 62
256
370
-1
 48
1.0
  6
ByLayer
100
AcDbHatch
 10
0.0
 20
0.0
 30
0.0
210
0.0
220
0.0
230
1.0
  2
SOLID
 70
1
 71
0
 91
2
 92
1
 93
0
 97
0
 92
1
 93
2
 72
2
 10
56.0001117602235254
 20
6.2439014478028909
 40
0.381000762001527
 50
180.0
 51
0.0
 73
1
 72
2
 10
56.0001117602235254
 20
6.2439014478028909
 40
0.381000762001527
 50
0.0
 51
180.0
 73
1
 97
0
 75
0
 76
1
 98
0
1001
ACAD
1010
0.0
1020
0.0
1030
0
  0
HATCH
  5
2CF
100
AcDbEntity
  8
Top Paste Mask Layer
 62
256
370
-1
 48
1.0
  6
ByLayer
100
AcDbHatch
 10
0.0
 20
0.0
 30
0.0
210
0.0
220
0.0
230
1.0
  2
SOLID
 70
1
 71
0
 91
2
 92
1
 93
0
 97
0
 92
1
 93
2
 72
2
 10
56.0001117602235254
 20
6.2439014478028909
 40
0.381000762001527
 50
180.0
 51
0.0
 73
1
 72
2
 10
56.0001117602235254
 20
6.2439014478028909
 40
0.381000762001527
 50
0.0
 51
180.0
 73
1
 97
0
 75
0
 76
1
 98
0
1001
ACAD
1010
0.0
1020
0.0
1030
0
  0
HATCH
  5
2D0
100
AcDbEntity
  8
Top Paste Mask Layer
 62
256
370
-1
 48
1.0
  6
ByLayer
100
AcDbHatch
 10
0.0
 20
0.0
 30
0.0
210
0.0
220
0.0
230
1.0
  2
SOLID
 70
1
 71
0
 91
2
 92
1
 93
0
 97
0
 92
1
 93
2
 72
2
 10
54.272019304038615
 20
5.5281000762001469
 40
0.381000762001527
 50
180.0
 51
0.0
 73
1
 72
2
 10
54.272019304038615
 20
5.5281000762001469
 40
0.381000762001527
 50
0.0
 51
180.0
 73
1
 97
0
 75
0
 76
1
 98
0
1001
ACAD
1010
0.0
1020
0.0
1030
0
  0
HATCH
  5
2D1
100
AcDbEntity
  8
Top Paste Mask Layer
 62
256
370
-1
 48
1.0
  6
ByLayer
100
AcDbHatch
 10
0.0
 20
0.0
 30
0.0
210
0.0
220
0.0
230
1.0
  2
SOLID
 70
1
 71
0
 91
2
 92
1
 93
0
 97
0
 92
1
 93
2
 72
2
 10
54.272019304038615
 20
5.5281000762001469
 40
0.381000762001527
 50
180.0
 51
0.0
 73
1
 72
2
 10
54.272019304038615
 20
5.5281000762001469
 40
0.381000762001527
 50
0.0
 51
180.0
 73
1
 97
0
 75
0
 76
1
 98
0
1001
ACAD
1010
0.0
1020
0.0
1030
0
  0
HATCH
  5
2D2
100
AcDbEntity
  8
Top Paste Mask Layer
 62
256
370
-1
 48
1.0
  6
ByLayer
100
AcDbHatch
 10
0.0
 20
0.0
 30
0.0
210
0.0
220
0.0
230
1.0
  2
SOLID
 70
1
 71
0
 91
2
 92
1
 93
0
 97
0
 92
1
 93
2
 72
2
 10
56.0001117602235254
 20
3.8000076200152364
 40
3.2500012700025422
 50
180.0
 51
0.0
 73
1
 72
2
 10
56.0001117602235254
 20
3.8000076200152364
 40
3.2500012700025422
 50
0.0
 51
180.0
 73
1
 97
0
 75
0
 76
1
 98
0
1001
ACAD
1010
0.0
1020
0.0
1030
0
  0
HATCH
  5
2D3
100
AcDbEntity
  8
Top Paste Mask Layer
 62
256
370
-1
 48
1.0
  6
ByLayer
100
AcDbHatch
 10
0.0
 20
0.0
 30
0.0
210
0.0
220
0.0
230
1.0
  2
SOLID
 70
1
 71
0
 91
2
 92
1
 93
0
 97
0
 92
1
 93
2
 72
2
 10
56.0001117602235254
 20
3.8000076200152364
 40
3.2500012700025422
 50
180.0
 51
0.0
 73
1
 72
2
 10
56.0001117602235254
 20
3.8000076200152364
 40
3.2500012700025422
 50
0.0
 51
180.0
 73
1
 97
0
 75
0
 76
1
 98
0
1001
ACAD
1010
0.0
1020
0.0
1030
0
  0
HATCH
  5
2D4
100
AcDbEntity
  8
Top Paste Mask Layer
 62
256
370
-1
 48
1.0
  6
ByLayer
100
AcDbHatch
 10
0.0
 20
0.0
 30
0.0
210
0.0
220
0.0
230
1.0
  2
SOLID
 70
1
 71
0
 91
2
 92
1
 93
0
 97
0
 92
1
 93
2
 72
2
 10
53.5363068326136826
 20
26.2000533401066882
 40
0.381000762001527
 50
180.0
 51
0.0
 73
1
 72
2
 10
53.5363068326136826
 20
26.2000533401066882
 40
0.381000762001527
 50
0.0
 51
180.0
 73
1
 97
0
 75
0
 76
1
 98
0
1001
ACAD
1010
0.0
1020
0.0
1030
0
  0
HATCH
  5
2D5
100
AcDbEntity
  8
Top Paste Mask Layer
 62
256
370
-1
 48
1.0
  6
ByLayer
100
AcDbHatch
 10
0.0
 20
0.0
 30
0.0
210
0.0
220
0.0
230
1.0
  2
SOLID
 70
1
 71
0
 91
2
 92
1
 93
0
 97
0
 92
1
 93
2
 72
2
 10
53.5363068326136826
 20
26.2000533401066882
 40
0.381000762001527
 50
180.0
 51
0.0
 73
1
 72
2
 10
53.5363068326136826
 20
26.2000533401066882
 40
0.381000762001527
 50
0.0
 51
180.0
 73
1
 97
0
 75
0
 76
1
 98
0
1001
ACAD
1010
0.0
1020
0.0
1030
0
  0
HATCH
  5
2D6
100
AcDbEntity
  8
Top Paste Mask Layer
 62
256
370
-1
 48
1.0
  6
ByLayer
100
AcDbHatch
 10
0.0
 20
0.0
 30
0.0
210
0.0
220
0.0
230
1.0
  2
SOLID
 70
1
 71
0
 91
2
 92
1
 93
0
 97
0
 92
1
 93
2
 72
2
 10
54.2720142240284602
 20
24.4719558039116123
 40
0.381000762001527
 50
180.0
 51
0.0
 73
1
 72
2
 10
54.2720142240284602
 20
24.4719558039116123
 40
0.381000762001527
 50
0.0
 51
180.0
 73
1
 97
0
 75
0
 76
1
 98
0
1001
ACAD
1010
0.0
1020
0.0
1030
0
  0
HATCH
  5
2D7
100
AcDbEntity
  8
Top Paste Mask Layer
 62
256
370
-1
 48
1.0
  6
ByLayer
100
AcDbHatch
 10
0.0
 20
0.0
 30
0.0
210
0.0
220
0.0
230
1.0
  2
SOLID
 70
1
 71
0
 91
2
 92
1
 93
0
 97
0
 92
1
 93
2
 72
2
 10
54.2720142240284602
 20
24.4719558039116123
 40
0.381000762001527
 50
180.0
 51
0.0
 73
1
 72
2
 10
54.2720142240284602
 20
24.4719558039116123
 40
0.381000762001527
 50
0.0
 51
180.0
 73
1
 97
0
 75
0
 76
1
 98
0
1001
ACAD
1010
0.0
1020
0.0
1030
0
  0
HATCH
  5
2D8
100
AcDbEntity
  8
Top Paste Mask Layer
 62
256
370
-1
 48
1.0
  6
ByLayer
100
AcDbHatch
 10
0.0
 20
0.0
 30
0.0
210
0.0
220
0.0
230
1.0
  2
SOLID
 70
1
 71
0
 91
2
 92
1
 93
0
 97
0
 92
1
 93
2
 72
2
 10
56.0001117602235254
 20
23.756162052324111
 40
0.381000762001527
 50
180.0
 51
0.0
 73
1
 72
2
 10
56.0001117602235254
 20
23.756162052324111
 40
0.381000762001527
 50
0.0
 51
180.0
 73
1
 97
0
 75
0
 76
1
 98
0
1001
ACAD
1010
0.0
1020
0.0
1030
0
  0
HATCH
  5
2D9
100
AcDbEntity
  8
Top Paste Mask Layer
 62
256
370
-1
 48
1.0
  6
ByLayer
100
AcDbHatch
 10
0.0
 20
0.0
 30
0.0
210
0.0
220
0.0
230
1.0
  2
SOLID
 70
1
 71
0
 91
2
 92
1
 93
0
 97
0
 92
1
 93
2
 72
2
 10
56.0001117602235254
 20
23.756162052324111
 40
0.381000762001527
 50
180.0
 51
0.0
 73
1
 72
2
 10
56.0001117602235254
 20
23.756162052324111
 40
0.381000762001527
 50
0.0
 51
180.0
 73
1
 97
0
 75
0
 76
1
 98
0
1001
ACAD
1010
0.0
1020
0.0
1030
0
  0
HATCH
  5
2DA
100
AcDbEntity
  8
Top Paste Mask Layer
 62
256
370
-1
 48
1.0
  6
ByLayer
100
AcDbHatch
 10
0.0
 20
0.0
 30
0.0
210
0.0
220
0.0
230
1.0
  2
SOLID
 70
1
 71
0
 91
2
 92
1
 93
0
 97
0
 92
1
 93
2
 72
2
 10
57.7282042164084359
 20
24.4719608839217742
 40
0.381000762001527
 50
180.0
 51
0.0
 73
1
 72
2
 10
57.7282042164084359
 20
24.4719608839217742
 40
0.381000762001527
 50
0.0
 51
180.0
 73
1
 97
0
 75
0
 76
1
 98
0
1001
ACAD
1010
0.0
1020
0.0
1030
0
  0
HATCH
  5
2DB
100
AcDbEntity
  8
Top Paste Mask Layer
 62
256
370
-1
 48
1.0
  6
ByLayer
100
AcDbHatch
 10
0.0
 20
0.0
 30
0.0
210
0.0
220
0.0
230
1.0
  2
SOLID
 70
1
 71
0
 91
2
 92
1
 93
0
 97
0
 92
1
 93
2
 72
2
 10
57.7282042164084359
 20
24.4719608839217742
 40
0.381000762001527
 50
180.0
 51
0.0
 73
1
 72
2
 10
57.7282042164084359
 20
24.4719608839217742
 40
0.381000762001527
 50
0.0
 51
180.0
 73
1
 97
0
 75
0
 76
1
 98
0
1001
ACAD
1010
0.0
1020
0.0
1030
0
  0
HATCH
  5
2DC
100
AcDbEntity
  8
Top Paste Mask Layer
 62
256
370
-1
 48
1.0
  6
ByLayer
100
AcDbHatch
 10
0.0
 20
0.0
 30
0.0
210
0.0
220
0.0
230
1.0
  2
SOLID
 70
1
 71
0
 91
2
 92
1
 93
0
 97
0
 92
1
 93
2
 72
2
 10
58.4440055880111728
 20
26.2000533401066882
 40
0.381000762001527
 50
180.0
 51
0.0
 73
1
 72
2
 10
58.4440055880111728
 20
26.2000533401066882
 40
0.381000762001527
 50
0.0
 51
180.0
 73
1
 97
0
 75
0
 76
1
 98
0
1001
ACAD
1010
0.0
1020
0.0
1030
0
  0
HATCH
  5
2DD
100
AcDbEntity
  8
Top Paste Mask Layer
 62
256
370
-1
 48
1.0
  6
ByLayer
100
AcDbHatch
 10
0.0
 20
0.0
 30
0.0
210
0.0
220
0.0
230
1.0
  2
SOLID
 70
1
 71
0
 91
2
 92
1
 93
0
 97
0
 92
1
 93
2
 72
2
 10
58.4440055880111728
 20
26.2000533401066882
 40
0.381000762001527
 50
180.0
 51
0.0
 73
1
 72
2
 10
58.4440055880111728
 20
26.2000533401066882
 40
0.381000762001527
 50
0.0
 51
180.0
 73
1
 97
0
 75
0
 76
1
 98
0
1001
ACAD
1010
0.0
1020
0.0
1030
0
  0
HATCH
  5
2DE
100
AcDbEntity
  8
Top Paste Mask Layer
 62
256
370
-1
 48
1.0
  6
ByLayer
100
AcDbHatch
 10
0.0
 20
0.0
 30
0.0
210
0.0
220
0.0
230
1.0
  2
SOLID
 70
1
 71
0
 91
2
 92
1
 93
0
 97
0
 92
1
 93
2
 72
2
 10
57.7282092964186049
 20
27.9281508763017605
 40
0.381000762001527
 50
180.0
 51
0.0
 73
1
 72
2
 10
57.7282092964186049
 20
27.9281508763017605
 40
0.381000762001527
 50
0.0
 51
180.0
 73
1
 97
0
 75
0
 76
1
 98
0
1001
ACAD
1010
0.0
1020
0.0
1030
0
  0
HATCH
  5
2DF
100
AcDbEntity
  8
Top Paste Mask Layer
 62
256
370
-1
 48
1.0
  6
ByLayer
100
AcDbHatch
 10
0.0
 20
0.0
 30
0.0
210
0.0
220
0.0
230
1.0
  2
SOLID
 70
1
 71
0
 91
2
 92
1
 93
0
 97
0
 92
1
 93
2
 72
2
 10
57.7282092964186049
 20
27.9281508763017605
 40
0.381000762001527
 50
180.0
 51
0.0
 73
1
 72
2
 10
57.7282092964186049
 20
27.9281508763017605
 40
0.381000762001527
 50
0.0
 51
180.0
 73
1
 97
0
 75
0
 76
1
 98
0
1001
ACAD
1010
0.0
1020
0.0
1030
0
  0
HATCH
  5
2E0
100
AcDbEntity
  8
Top Paste Mask Layer
 62
256
370
-1
 48
1.0
  6
ByLayer
100
AcDbHatch
 10
0.0
 20
0.0
 30
0.0
210
0.0
220
0.0
230
1.0
  2
SOLID
 70
1
 71
0
 91
2
 92
1
 93
0
 97
0
 92
1
 93
2
 72
2
 10
56.0001117602235254
 20
28.6439471678943427
 40
0.381000762001527
 50
180.0
 51
0.0
 73
1
 72
2
 10
56.0001117602235254
 20
28.6439471678943427
 40
0.381000762001527
 50
0.0
 51
180.0
 73
1
 97
0
 75
0
 76
1
 98
0
1001
ACAD
1010
0.0
1020
0.0
1030
0
  0
HATCH
  5
2E1
100
AcDbEntity
  8
Top Paste Mask Layer
 62
256
370
-1
 48
1.0
  6
ByLayer
100
AcDbHatch
 10
0.0
 20
0.0
 30
0.0
210
0.0
220
0.0
230
1.0
  2
SOLID
 70
1
 71
0
 91
2
 92
1
 93
0
 97
0
 92
1
 93
2
 72
2
 10
56.0001117602235254
 20
28.6439471678943427
 40
0.381000762001527
 50
180.0
 51
0.0
 73
1
 72
2
 10
56.0001117602235254
 20
28.6439471678943427
 40
0.381000762001527
 50
0.0
 51
180.0
 73
1
 97
0
 75
0
 76
1
 98
0
1001
ACAD
1010
0.0
1020
0.0
1030
0
  0
HATCH
  5
2E2
100
AcDbEntity
  8
Top Paste Mask Layer
 62
256
370
-1
 48
1.0
  6
ByLayer
100
AcDbHatch
 10
0.0
 20
0.0
 30
0.0
210
0.0
220
0.0
230
1.0
  2
SOLID
 70
1
 71
0
 91
2
 92
1
 93
0
 97
0
 92
1
 93
2
 72
2
 10
54.272019304038615
 20
27.9281457962915987
 40
0.381000762001527
 50
180.0
 51
0.0
 73
1
 72
2
 10
54.272019304038615
 20
27.9281457962915987
 40
0.381000762001527
 50
0.0
 51
180.0
 73
1
 97
0
 75
0
 76
1
 98
0
1001
ACAD
1010
0.0
1020
0.0
1030
0
  0
HATCH
  5
2E3
100
AcDbEntity
  8
Top Paste Mask Layer
 62
256
370
-1
 48
1.0
  6
ByLayer
100
AcDbHatch
 10
0.0
 20
0.0
 30
0.0
210
0.0
220
0.0
230
1.0
  2
SOLID
 70
1
 71
0
 91
2
 92
1
 93
0
 97
0
 92
1
 93
2
 72
2
 10
54.272019304038615
 20
27.9281457962915987
 40
0.381000762001527
 50
180.0
 51
0.0
 73
1
 72
2
 10
54.272019304038615
 20
27.9281457962915987
 40
0.381000762001527
 50
0.0
 51
180.0
 73
1
 97
0
 75
0
 76
1
 98
0
1001
ACAD
1010
0.0
1020
0.0
1030
0
  0
HATCH
  5
2E4
100
AcDbEntity
  8
Top Paste Mask Layer
 62
256
370
-1
 48
1.0
  6
ByLayer
100
AcDbHatch
 10
0.0
 20
0.0
 30
0.0
210
0.0
220
0.0
230
1.0
  2
SOLID
 70
1
 71
0
 91
2
 92
1
 93
0
 97
0
 92
1
 93
2
 72
2
 10
56.0001117602235254
 20
26.2000533401066882
 40
3.2500012700025422
 50
180.0
 51
0.0
 73
1
 72
2
 10
56.0001117602235254
 20
26.2000533401066882
 40
3.2500012700025422
 50
0.0
 51
180.0
 73
1
 97
0
 75
0
 76
1
 98
0
1001
ACAD
1010
0.0
1020
0.0
1030
0
  0
HATCH
  5
2E5
100
AcDbEntity
  8
Top Paste Mask Layer
 62
256
370
-1
 48
1.0
  6
ByLayer
100
AcDbHatch
 10
0.0
 20
0.0
 30
0.0
210
0.0
220
0.0
230
1.0
  2
SOLID
 70
1
 71
0
 91
2
 92
1
 93
0
 97
0
 92
1
 93
2
 72
2
 10
56.0001117602235254
 20
26.2000533401066882
 40
3.2500012700025422
 50
180.0
 51
0.0
 73
1
 72
2
 10
56.0001117602235254
 20
26.2000533401066882
 40
3.2500012700025422
 50
0.0
 51
180.0
 73
1
 97
0
 75
0
 76
1
 98
0
1001
ACAD
1010
0.0
1020
0.0
1030
0
  0
HATCH
  5
2E6
100
AcDbEntity
  8
Top Paste Mask Layer
 62
256
370
-1
 48
1.0
  6
ByLayer
100
AcDbHatch
 10
0.0
 20
0.0
 30
0.0
210
0.0
220
0.0
230
1.0
  2
SOLID
 70
1
 71
0
 91
2
 92
1
 93
0
 97
0
 92
1
 93
2
 72
2
 10
19.6850393700787443
 20
24.3840487680975393
 40
1.0
 50
180.0
 51
0.0
 73
1
 72
2
 10
19.6850393700787443
 20
24.3840487680975393
 40
1.0
 50
0.0
 51
180.0
 73
1
 97
0
 75
0
 76
1
 98
0
1001
ACAD
1010
0.0
1020
0.0
1030
0
  0
HATCH
  5
2E7
100
AcDbEntity
  8
Top Paste Mask Layer
 62
256
370
-1
 48
1.0
  6
ByLayer
100
AcDbHatch
 10
0.0
 20
0.0
 30
0.0
210
0.0
220
0.0
230
1.0
  2
SOLID
 70
1
 71
0
 91
2
 92
1
 93
0
 97
0
 92
1
 93
2
 72
2
 10
19.6850393700787443
 20
24.3840487680975393
 40
1.0
 50
180.0
 51
0.0
 73
1
 72
2
 10
19.6850393700787443
 20
24.3840487680975393
 40
1.0
 50
0.0
 51
180.0
 73
1
 97
0
 75
0
 76
1
 98
0
1001
ACAD
1010
0.0
1020
0.0
1030
0
  0
HATCH
  5
2E8
100
AcDbEntity
  8
Top Paste Mask Layer
 62
256
370
-1
 48
1.0
  6
ByLayer
100
AcDbHatch
 10
0.0
 20
0.0
 30
0.0
210
0.0
220
0.0
230
1.0
  2
SOLID
 70
1
 71
0
 91
2
 92
1
 93
0
 97
0
 92
1
 93
2
 72
2
 10
14.6050292100584223
 20
24.3840487680975393
 40
1.0
 50
180.0
 51
0.0
 73
1
 72
2
 10
14.6050292100584223
 20
24.3840487680975393
 40
1.0
 50
0.0
 51
180.0
 73
1
 97
0
 75
0
 76
1
 98
0
1001
ACAD
1010
0.0
1020
0.0
1030
0
  0
HATCH
  5
2E9
100
AcDbEntity
  8
Top Paste Mask Layer
 62
256
370
-1
 48
1.0
  6
ByLayer
100
AcDbHatch
 10
0.0
 20
0.0
 30
0.0
210
0.0
220
0.0
230
1.0
  2
SOLID
 70
1
 71
0
 91
2
 92
1
 93
0
 97
0
 92
1
 93
2
 72
2
 10
14.6050292100584223
 20
24.3840487680975393
 40
1.0
 50
180.0
 51
0.0
 73
1
 72
2
 10
14.6050292100584223
 20
24.3840487680975393
 40
1.0
 50
0.0
 51
180.0
 73
1
 97
0
 75
0
 76
1
 98
0
1001
ACAD
1010
0.0
1020
0.0
1030
0
  0
LWPOLYLINE
  5
2EA
100
AcDbEntity
  8
Top Paste Mask Layer
 62
256
370
-1
 48
1.0
  6
ByLayer
100
AcDbPolyline
 90
4
 70
1
 10
7.5700127000253978
 20
28.5000558801117698
 10
5.9700127000253929
 20
28.5000558801117698
 10
5.9700127000253929
 20
26.9000558801117684
 10
7.5700127000253978
 20
26.9000558801117684
  0
HATCH
  5
2EB
100
AcDbEntity
  8
Top Paste Mask Layer
 62
256
370
-1
 48
1.0
  6
ByLayer
100
AcDbHatch
 10
0.0
 20
0.0
 30
0.0
210
0.0
220
0.0
230
1.0
  2
SOLID
 70
1
 71
0
 91
2
 92
1
 93
0
 97
0
 92
1
 93
4
 72
1
 10
7.5700127000253978
 20
28.5000558801117698
 11
5.9700127000253929
 21
28.5000558801117698
 72
1
 10
5.9700127000253929
 20
28.5000558801117698
 11
5.9700127000253929
 21
26.9000558801117684
 72
1
 10
5.9700127000253929
 20
26.9000558801117684
 11
7.5700127000253978
 21
26.9000558801117684
 72
1
 10
7.5700127000253978
 20
26.9000558801117684
 11
7.5700127000253978
 21
28.5000558801117698
 97
0
 75
0
 76
1
 98
0
1001
ACAD
1010
0.0
1020
0.0
1030
0
  0
HATCH
  5
2EC
100
AcDbEntity
  8
Top Paste Mask Layer
 62
256
370
-1
 48
1.0
  6
ByLayer
100
AcDbHatch
 10
0.0
 20
0.0
 30
0.0
210
0.0
220
0.0
230
1.0
  2
SOLID
 70
1
 71
0
 91
2
 92
1
 93
0
 97
0
 92
1
 93
2
 72
2
 10
4.2300076200152343
 20
27.7000558801117691
 40
0.7999999999999998
 50
180.0
 51
0.0
 73
1
 72
2
 10
4.2300076200152343
 20
27.7000558801117691
 40
0.7999999999999998
 50
0.0
 51
180.0
 73
1
 97
0
 75
0
 76
1
 98
0
1001
ACAD
1010
0.0
1020
0.0
1030
0
  0
HATCH
  5
2ED
100
AcDbEntity
  8
Top Paste Mask Layer
 62
256
370
-1
 48
1.0
  6
ByLayer
100
AcDbHatch
 10
0.0
 20
0.0
 30
0.0
210
0.0
220
0.0
230
1.0
  2
SOLID
 70
1
 71
0
 91
2
 92
1
 93
0
 97
0
 92
1
 93
2
 72
2
 10
4.2300076200152343
 20
27.7000558801117691
 40
0.7999999999999998
 50
180.0
 51
0.0
 73
1
 72
2
 10
4.2300076200152343
 20
27.7000558801117691
 40
0.7999999999999998
 50
0.0
 51
180.0
 73
1
 97
0
 75
0
 76
1
 98
0
1001
ACAD
1010
0.0
1020
0.0
1030
0
  0
HATCH
  5
2EE
100
AcDbEntity
  8
Top Paste Mask Layer
 62
256
370
-1
 48
1.0
  6
ByLayer
100
AcDbHatch
 10
0.0
 20
0.0
 30
0.0
210
0.0
220
0.0
230
1.0
  2
SOLID
 70
1
 71
0
 91
2
 92
1
 93
0
 97
0
 92
1
 93
2
 72
2
 10
6.7700127000254007
 20
25.1600508001016081
 40
0.7999999999999998
 50
180.0
 51
0.0
 73
1
 72
2
 10
6.7700127000254007
 20
25.1600508001016081
 40
0.7999999999999998
 50
0.0
 51
180.0
 73
1
 97
0
 75
0
 76
1
 98
0
1001
ACAD
1010
0.0
1020
0.0
1030
0
  0
HATCH
  5
2EF
100
AcDbEntity
  8
Top Paste Mask Layer
 62
256
370
-1
 48
1.0
  6
ByLayer
100
AcDbHatch
 10
0.0
 20
0.0
 30
0.0
210
0.0
220
0.0
230
1.0
  2
SOLID
 70
1
 71
0
 91
2
 92
1
 93
0
 97
0
 92
1
 93
2
 72
2
 10
6.7700127000254007
 20
25.1600508001016081
 40
0.7999999999999998
 50
180.0
 51
0.0
 73
1
 72
2
 10
6.7700127000254007
 20
25.1600508001016081
 40
0.7999999999999998
 50
0.0
 51
180.0
 73
1
 97
0
 75
0
 76
1
 98
0
1001
ACAD
1010
0.0
1020
0.0
1030
0
  0
HATCH
  5
2F0
100
AcDbEntity
  8
Top Paste Mask Layer
 62
256
370
-1
 48
1.0
  6
ByLayer
100
AcDbHatch
 10
0.0
 20
0.0
 30
0.0
210
0.0
220
0.0
230
1.0
  2
SOLID
 70
1
 71
0
 91
2
 92
1
 93
0
 97
0
 92
1
 93
2
 72
2
 10
4.2300076200152343
 20
25.1600508001016081
 40
0.7999999999999998
 50
180.0
 51
0.0
 73
1
 72
2
 10
4.2300076200152343
 20
25.1600508001016081
 40
0.7999999999999998
 50
0.0
 51
180.0
 73
1
 97
0
 75
0
 76
1
 98
0
1001
ACAD
1010
0.0
1020
0.0
1030
0
  0
HATCH
  5
2F1
100
AcDbEntity
  8
Top Paste Mask Layer
 62
256
370
-1
 48
1.0
  6
ByLayer
100
AcDbHatch
 10
0.0
 20
0.0
 30
0.0
210
0.0
220
0.0
230
1.0
  2
SOLID
 70
1
 71
0
 91
2
 92
1
 93
0
 97
0
 92
1
 93
2
 72
2
 10
4.2300076200152343
 20
25.1600508001016081
 40
0.7999999999999998
 50
180.0
 51
0.0
 73
1
 72
2
 10
4.2300076200152343
 20
25.1600508001016081
 40
0.7999999999999998
 50
0.0
 51
180.0
 73
1
 97
0
 75
0
 76
1
 98
0
1001
ACAD
1010
0.0
1020
0.0
1030
0
  0
HATCH
  5
2F2
100
AcDbEntity
  8
Top Paste Mask Layer
 62
256
370
-1
 48
1.0
  6
ByLayer
100
AcDbHatch
 10
0.0
 20
0.0
 30
0.0
210
0.0
220
0.0
230
1.0
  2
SOLID
 70
1
 71
0
 91
2
 92
1
 93
0
 97
0
 92
1
 93
2
 72
2
 10
6.7700127000254007
 20
22.6200457200914471
 40
0.7999999999999998
 50
180.0
 51
0.0
 73
1
 72
2
 10
6.7700127000254007
 20
22.6200457200914471
 40
0.7999999999999998
 50
0.0
 51
180.0
 73
1
 97
0
 75
0
 76
1
 98
0
1001
ACAD
1010
0.0
1020
0.0
1030
0
  0
HATCH
  5
2F3
100
AcDbEntity
  8
Top Paste Mask Layer
 62
256
370
-1
 48
1.0
  6
ByLayer
100
AcDbHatch
 10
0.0
 20
0.0
 30
0.0
210
0.0
220
0.0
230
1.0
  2
SOLID
 70
1
 71
0
 91
2
 92
1
 93
0
 97
0
 92
1
 93
2
 72
2
 10
6.7700127000254007
 20
22.6200457200914471
 40
0.7999999999999998
 50
180.0
 51
0.0
 73
1
 72
2
 10
6.7700127000254007
 20
22.6200457200914471
 40
0.7999999999999998
 50
0.0
 51
180.0
 73
1
 97
0
 75
0
 76
1
 98
0
1001
ACAD
1010
0.0
1020
0.0
1030
0
  0
HATCH
  5
2F4
100
AcDbEntity
  8
Top Paste Mask Layer
 62
256
370
-1
 48
1.0
  6
ByLayer
100
AcDbHatch
 10
0.0
 20
0.0
 30
0.0
210
0.0
220
0.0
230
1.0
  2
SOLID
 70
1
 71
0
 91
2
 92
1
 93
0
 97
0
 92
1
 93
2
 72
2
 10
4.2300076200152379
 20
22.6200457200914471
 40
0.7999999999999998
 50
180.0
 51
0.0
 73
1
 72
2
 10
4.2300076200152379
 20
22.6200457200914471
 40
0.7999999999999998
 50
0.0
 51
180.0
 73
1
 97
0
 75
0
 76
1
 98
0
1001
ACAD
1010
0.0
1020
0.0
1030
0
  0
HATCH
  5
2F5
100
AcDbEntity
  8
Top Paste Mask Layer
 62
256
370
-1
 48
1.0
  6
ByLayer
100
AcDbHatch
 10
0.0
 20
0.0
 30
0.0
210
0.0
220
0.0
230
1.0
  2
SOLID
 70
1
 71
0
 91
2
 92
1
 93
0
 97
0
 92
1
 93
2
 72
2
 10
4.2300076200152379
 20
22.6200457200914471
 40
0.7999999999999998
 50
180.0
 51
0.0
 73
1
 72
2
 10
4.2300076200152379
 20
22.6200457200914471
 40
0.7999999999999998
 50
0.0
 51
180.0
 73
1
 97
0
 75
0
 76
1
 98
0
1001
ACAD
1010
0.0
1020
0.0
1030
0
  0
HATCH
  5
2F6
100
AcDbEntity
  8
Top Paste Mask Layer
 62
256
370
-1
 48
1.0
  6
ByLayer
100
AcDbHatch
 10
0.0
 20
0.0
 30
0.0
210
0.0
220
0.0
230
1.0
  2
SOLID
 70
1
 71
0
 91
2
 92
1
 93
0
 97
0
 92
1
 93
2
 72
2
 10
6.7700127000254007
 20
20.0800406400812861
 40
0.7999999999999998
 50
180.0
 51
0.0
 73
1
 72
2
 10
6.7700127000254007
 20
20.0800406400812861
 40
0.7999999999999998
 50
0.0
 51
180.0
 73
1
 97
0
 75
0
 76
1
 98
0
1001
ACAD
1010
0.0
1020
0.0
1030
0
  0
HATCH
  5
2F7
100
AcDbEntity
  8
Top Paste Mask Layer
 62
256
370
-1
 48
1.0
  6
ByLayer
100
AcDbHatch
 10
0.0
 20
0.0
 30
0.0
210
0.0
220
0.0
230
1.0
  2
SOLID
 70
1
 71
0
 91
2
 92
1
 93
0
 97
0
 92
1
 93
2
 72
2
 10
6.7700127000254007
 20
20.0800406400812861
 40
0.7999999999999998
 50
180.0
 51
0.0
 73
1
 72
2
 10
6.7700127000254007
 20
20.0800406400812861
 40
0.7999999999999998
 50
0.0
 51
180.0
 73
1
 97
0
 75
0
 76
1
 98
0
1001
ACAD
1010
0.0
1020
0.0
1030
0
  0
HATCH
  5
2F8
100
AcDbEntity
  8
Top Paste Mask Layer
 62
256
370
-1
 48
1.0
  6
ByLayer
100
AcDbHatch
 10
0.0
 20
0.0
 30
0.0
210
0.0
220
0.0
230
1.0
  2
SOLID
 70
1
 71
0
 91
2
 92
1
 93
0
 97
0
 92
1
 93
2
 72
2
 10
4.2300076200152379
 20
20.0800406400812861
 40
0.7999999999999998
 50
180.0
 51
0.0
 73
1
 72
2
 10
4.2300076200152379
 20
20.0800406400812861
 40
0.7999999999999998
 50
0.0
 51
180.0
 73
1
 97
0
 75
0
 76
1
 98
0
1001
ACAD
1010
0.0
1020
0.0
1030
0
  0
HATCH
  5
2F9
100
AcDbEntity
  8
Top Paste Mask Layer
 62
256
370
-1
 48
1.0
  6
ByLayer
100
AcDbHatch
 10
0.0
 20
0.0
 30
0.0
210
0.0
220
0.0
230
1.0
  2
SOLID
 70
1
 71
0
 91
2
 92
1
 93
0
 97
0
 92
1
 93
2
 72
2
 10
4.2300076200152379
 20
20.0800406400812861
 40
0.7999999999999998
 50
180.0
 51
0.0
 73
1
 72
2
 10
4.2300076200152379
 20
20.0800406400812861
 40
0.7999999999999998
 50
0.0
 51
180.0
 73
1
 97
0
 75
0
 76
1
 98
0
1001
ACAD
1010
0.0
1020
0.0
1030
0
  0
HATCH
  5
2FA
100
AcDbEntity
  8
Top Paste Mask Layer
 62
256
370
-1
 48
1.0
  6
ByLayer
100
AcDbHatch
 10
0.0
 20
0.0
 30
0.0
210
0.0
220
0.0
230
1.0
  2
SOLID
 70
1
 71
0
 91
2
 92
1
 93
0
 97
0
 92
1
 93
2
 72
2
 10
6.7700127000254007
 20
17.5400355600711251
 40
0.7999999999999998
 50
180.0
 51
0.0
 73
1
 72
2
 10
6.7700127000254007
 20
17.5400355600711251
 40
0.7999999999999998
 50
0.0
 51
180.0
 73
1
 97
0
 75
0
 76
1
 98
0
1001
ACAD
1010
0.0
1020
0.0
1030
0
  0
HATCH
  5
2FB
100
AcDbEntity
  8
Top Paste Mask Layer
 62
256
370
-1
 48
1.0
  6
ByLayer
100
AcDbHatch
 10
0.0
 20
0.0
 30
0.0
210
0.0
220
0.0
230
1.0
  2
SOLID
 70
1
 71
0
 91
2
 92
1
 93
0
 97
0
 92
1
 93
2
 72
2
 10
6.7700127000254007
 20
17.5400355600711251
 40
0.7999999999999998
 50
180.0
 51
0.0
 73
1
 72
2
 10
6.7700127000254007
 20
17.5400355600711251
 40
0.7999999999999998
 50
0.0
 51
180.0
 73
1
 97
0
 75
0
 76
1
 98
0
1001
ACAD
1010
0.0
1020
0.0
1030
0
  0
HATCH
  5
2FC
100
AcDbEntity
  8
Top Paste Mask Layer
 62
256
370
-1
 48
1.0
  6
ByLayer
100
AcDbHatch
 10
0.0
 20
0.0
 30
0.0
210
0.0
220
0.0
230
1.0
  2
SOLID
 70
1
 71
0
 91
2
 92
1
 93
0
 97
0
 92
1
 93
2
 72
2
 10
4.2300076200152379
 20
17.5400355600711251
 40
0.7999999999999998
 50
180.0
 51
0.0
 73
1
 72
2
 10
4.2300076200152379
 20
17.5400355600711251
 40
0.7999999999999998
 50
0.0
 51
180.0
 73
1
 97
0
 75
0
 76
1
 98
0
1001
ACAD
1010
0.0
1020
0.0
1030
0
  0
HATCH
  5
2FD
100
AcDbEntity
  8
Top Paste Mask Layer
 62
256
370
-1
 48
1.0
  6
ByLayer
100
AcDbHatch
 10
0.0
 20
0.0
 30
0.0
210
0.0
220
0.0
230
1.0
  2
SOLID
 70
1
 71
0
 91
2
 92
1
 93
0
 97
0
 92
1
 93
2
 72
2
 10
4.2300076200152379
 20
17.5400355600711251
 40
0.7999999999999998
 50
180.0
 51
0.0
 73
1
 72
2
 10
4.2300076200152379
 20
17.5400355600711251
 40
0.7999999999999998
 50
0.0
 51
180.0
 73
1
 97
0
 75
0
 76
1
 98
0
1001
ACAD
1010
0.0
1020
0.0
1030
0
  0
HATCH
  5
2FE
100
AcDbEntity
  8
Top Paste Mask Layer
 62
256
370
-1
 48
1.0
  6
ByLayer
100
AcDbHatch
 10
0.0
 20
0.0
 30
0.0
210
0.0
220
0.0
230
1.0
  2
SOLID
 70
1
 71
0
 91
2
 92
1
 93
0
 97
0
 92
1
 93
2
 72
2
 10
6.7700127000254007
 20
15.0000304800609641
 40
0.7999999999999998
 50
180.0
 51
0.0
 73
1
 72
2
 10
6.7700127000254007
 20
15.0000304800609641
 40
0.7999999999999998
 50
0.0
 51
180.0
 73
1
 97
0
 75
0
 76
1
 98
0
1001
ACAD
1010
0.0
1020
0.0
1030
0
  0
HATCH
  5
2FF
100
AcDbEntity
  8
Top Paste Mask Layer
 62
256
370
-1
 48
1.0
  6
ByLayer
100
AcDbHatch
 10
0.0
 20
0.0
 30
0.0
210
0.0
220
0.0
230
1.0
  2
SOLID
 70
1
 71
0
 91
2
 92
1
 93
0
 97
0
 92
1
 93
2
 72
2
 10
6.7700127000254007
 20
15.0000304800609641
 40
0.7999999999999998
 50
180.0
 51
0.0
 73
1
 72
2
 10
6.7700127000254007
 20
15.0000304800609641
 40
0.7999999999999998
 50
0.0
 51
180.0
 73
1
 97
0
 75
0
 76
1
 98
0
1001
ACAD
1010
0.0
1020
0.0
1030
0
  0
HATCH
  5
300
100
AcDbEntity
  8
Top Paste Mask Layer
 62
256
370
-1
 48
1.0
  6
ByLayer
100
AcDbHatch
 10
0.0
 20
0.0
 30
0.0
210
0.0
220
0.0
230
1.0
  2
SOLID
 70
1
 71
0
 91
2
 92
1
 93
0
 97
0
 92
1
 93
2
 72
2
 10
4.2300076200152379
 20
15.0000304800609641
 40
0.7999999999999998
 50
180.0
 51
0.0
 73
1
 72
2
 10
4.2300076200152379
 20
15.0000304800609641
 40
0.7999999999999998
 50
0.0
 51
180.0
 73
1
 97
0
 75
0
 76
1
 98
0
1001
ACAD
1010
0.0
1020
0.0
1030
0
  0
HATCH
  5
301
100
AcDbEntity
  8
Top Paste Mask Layer
 62
256
370
-1
 48
1.0
  6
ByLayer
100
AcDbHatch
 10
0.0
 20
0.0
 30
0.0
210
0.0
220
0.0
230
1.0
  2
SOLID
 70
1
 71
0
 91
2
 92
1
 93
0
 97
0
 92
1
 93
2
 72
2
 10
4.2300076200152379
 20
15.0000304800609641
 40
0.7999999999999998
 50
180.0
 51
0.0
 73
1
 72
2
 10
4.2300076200152379
 20
15.0000304800609641
 40
0.7999999999999998
 50
0.0
 51
180.0
 73
1
 97
0
 75
0
 76
1
 98
0
1001
ACAD
1010
0.0
1020
0.0
1030
0
  0
HATCH
  5
302
100
AcDbEntity
  8
Top Paste Mask Layer
 62
256
370
-1
 48
1.0
  6
ByLayer
100
AcDbHatch
 10
0.0
 20
0.0
 30
0.0
210
0.0
220
0.0
230
1.0
  2
SOLID
 70
1
 71
0
 91
2
 92
1
 93
0
 97
0
 92
1
 93
2
 72
2
 10
6.7700127000254007
 20
12.4600254000508102
 40
0.7999999999999998
 50
180.0
 51
0.0
 73
1
 72
2
 10
6.7700127000254007
 20
12.4600254000508102
 40
0.7999999999999998
 50
0.0
 51
180.0
 73
1
 97
0
 75
0
 76
1
 98
0
1001
ACAD
1010
0.0
1020
0.0
1030
0
  0
HATCH
  5
303
100
AcDbEntity
  8
Top Paste Mask Layer
 62
256
370
-1
 48
1.0
  6
ByLayer
100
AcDbHatch
 10
0.0
 20
0.0
 30
0.0
210
0.0
220
0.0
230
1.0
  2
SOLID
 70
1
 71
0
 91
2
 92
1
 93
0
 97
0
 92
1
 93
2
 72
2
 10
6.7700127000254007
 20
12.4600254000508102
 40
0.7999999999999998
 50
180.0
 51
0.0
 73
1
 72
2
 10
6.7700127000254007
 20
12.4600254000508102
 40
0.7999999999999998
 50
0.0
 51
180.0
 73
1
 97
0
 75
0
 76
1
 98
0
1001
ACAD
1010
0.0
1020
0.0
1030
0
  0
HATCH
  5
304
100
AcDbEntity
  8
Top Paste Mask Layer
 62
256
370
-1
 48
1.0
  6
ByLayer
100
AcDbHatch
 10
0.0
 20
0.0
 30
0.0
210
0.0
220
0.0
230
1.0
  2
SOLID
 70
1
 71
0
 91
2
 92
1
 93
0
 97
0
 92
1
 93
2
 72
2
 10
4.2300076200152379
 20
12.4600254000508102
 40
0.7999999999999998
 50
180.0
 51
0.0
 73
1
 72
2
 10
4.2300076200152379
 20
12.4600254000508102
 40
0.7999999999999998
 50
0.0
 51
180.0
 73
1
 97
0
 75
0
 76
1
 98
0
1001
ACAD
1010
0.0
1020
0.0
1030
0
  0
HATCH
  5
305
100
AcDbEntity
  8
Top Paste Mask Layer
 62
256
370
-1
 48
1.0
  6
ByLayer
100
AcDbHatch
 10
0.0
 20
0.0
 30
0.0
210
0.0
220
0.0
230
1.0
  2
SOLID
 70
1
 71
0
 91
2
 92
1
 93
0
 97
0
 92
1
 93
2
 72
2
 10
4.2300076200152379
 20
12.4600254000508102
 40
0.7999999999999998
 50
180.0
 51
0.0
 73
1
 72
2
 10
4.2300076200152379
 20
12.4600254000508102
 40
0.7999999999999998
 50
0.0
 51
180.0
 73
1
 97
0
 75
0
 76
1
 98
0
1001
ACAD
1010
0.0
1020
0.0
1030
0
  0
HATCH
  5
306
100
AcDbEntity
  8
Top Paste Mask Layer
 62
256
370
-1
 48
1.0
  6
ByLayer
100
AcDbHatch
 10
0.0
 20
0.0
 30
0.0
210
0.0
220
0.0
230
1.0
  2
SOLID
 70
1
 71
0
 91
2
 92
1
 93
0
 97
0
 92
1
 93
2
 72
2
 10
6.7700127000254007
 20
9.9200203200406492
 40
0.7999999999999998
 50
180.0
 51
0.0
 73
1
 72
2
 10
6.7700127000254007
 20
9.9200203200406492
 40
0.7999999999999998
 50
0.0
 51
180.0
 73
1
 97
0
 75
0
 76
1
 98
0
1001
ACAD
1010
0.0
1020
0.0
1030
0
  0
HATCH
  5
307
100
AcDbEntity
  8
Top Paste Mask Layer
 62
256
370
-1
 48
1.0
  6
ByLayer
100
AcDbHatch
 10
0.0
 20
0.0
 30
0.0
210
0.0
220
0.0
230
1.0
  2
SOLID
 70
1
 71
0
 91
2
 92
1
 93
0
 97
0
 92
1
 93
2
 72
2
 10
6.7700127000254007
 20
9.9200203200406492
 40
0.7999999999999998
 50
180.0
 51
0.0
 73
1
 72
2
 10
6.7700127000254007
 20
9.9200203200406492
 40
0.7999999999999998
 50
0.0
 51
180.0
 73
1
 97
0
 75
0
 76
1
 98
0
1001
ACAD
1010
0.0
1020
0.0
1030
0
  0
HATCH
  5
308
100
AcDbEntity
  8
Top Paste Mask Layer
 62
256
370
-1
 48
1.0
  6
ByLayer
100
AcDbHatch
 10
0.0
 20
0.0
 30
0.0
210
0.0
220
0.0
230
1.0
  2
SOLID
 70
1
 71
0
 91
2
 92
1
 93
0
 97
0
 92
1
 93
2
 72
2
 10
4.2300076200152379
 20
9.9200203200406492
 40
0.7999999999999998
 50
180.0
 51
0.0
 73
1
 72
2
 10
4.2300076200152379
 20
9.9200203200406492
 40
0.7999999999999998
 50
0.0
 51
180.0
 73
1
 97
0
 75
0
 76
1
 98
0
1001
ACAD
1010
0.0
1020
0.0
1030
0
  0
HATCH
  5
309
100
AcDbEntity
  8
Top Paste Mask Layer
 62
256
370
-1
 48
1.0
  6
ByLayer
100
AcDbHatch
 10
0.0
 20
0.0
 30
0.0
210
0.0
220
0.0
230
1.0
  2
SOLID
 70
1
 71
0
 91
2
 92
1
 93
0
 97
0
 92
1
 93
2
 72
2
 10
4.2300076200152379
 20
9.9200203200406492
 40
0.7999999999999998
 50
180.0
 51
0.0
 73
1
 72
2
 10
4.2300076200152379
 20
9.9200203200406492
 40
0.7999999999999998
 50
0.0
 51
180.0
 73
1
 97
0
 75
0
 76
1
 98
0
1001
ACAD
1010
0.0
1020
0.0
1030
0
  0
HATCH
  5
30A
100
AcDbEntity
  8
Top Paste Mask Layer
 62
256
370
-1
 48
1.0
  6
ByLayer
100
AcDbHatch
 10
0.0
 20
0.0
 30
0.0
210
0.0
220
0.0
230
1.0
  2
SOLID
 70
1
 71
0
 91
2
 92
1
 93
0
 97
0
 92
1
 93
2
 72
2
 10
6.7700127000254007
 20
7.3800152400304881
 40
0.7999999999999998
 50
180.0
 51
0.0
 73
1
 72
2
 10
6.7700127000254007
 20
7.3800152400304881
 40
0.7999999999999998
 50
0.0
 51
180.0
 73
1
 97
0
 75
0
 76
1
 98
0
1001
ACAD
1010
0.0
1020
0.0
1030
0
  0
HATCH
  5
30B
100
AcDbEntity
  8
Top Paste Mask Layer
 62
256
370
-1
 48
1.0
  6
ByLayer
100
AcDbHatch
 10
0.0
 20
0.0
 30
0.0
210
0.0
220
0.0
230
1.0
  2
SOLID
 70
1
 71
0
 91
2
 92
1
 93
0
 97
0
 92
1
 93
2
 72
2
 10
6.7700127000254007
 20
7.3800152400304881
 40
0.7999999999999998
 50
180.0
 51
0.0
 73
1
 72
2
 10
6.7700127000254007
 20
7.3800152400304881
 40
0.7999999999999998
 50
0.0
 51
180.0
 73
1
 97
0
 75
0
 76
1
 98
0
1001
ACAD
1010
0.0
1020
0.0
1030
0
  0
HATCH
  5
30C
100
AcDbEntity
  8
Top Paste Mask Layer
 62
256
370
-1
 48
1.0
  6
ByLayer
100
AcDbHatch
 10
0.0
 20
0.0
 30
0.0
210
0.0
220
0.0
230
1.0
  2
SOLID
 70
1
 71
0
 91
2
 92
1
 93
0
 97
0
 92
1
 93
2
 72
2
 10
4.2300076200152379
 20
7.3800152400304881
 40
0.7999999999999998
 50
180.0
 51
0.0
 73
1
 72
2
 10
4.2300076200152379
 20
7.3800152400304881
 40
0.7999999999999998
 50
0.0
 51
180.0
 73
1
 97
0
 75
0
 76
1
 98
0
1001
ACAD
1010
0.0
1020
0.0
1030
0
  0
HATCH
  5
30D
100
AcDbEntity
  8
Top Paste Mask Layer
 62
256
370
-1
 48
1.0
  6
ByLayer
100
AcDbHatch
 10
0.0
 20
0.0
 30
0.0
210
0.0
220
0.0
230
1.0
  2
SOLID
 70
1
 71
0
 91
2
 92
1
 93
0
 97
0
 92
1
 93
2
 72
2
 10
4.2300076200152379
 20
7.3800152400304881
 40
0.7999999999999998
 50
180.0
 51
0.0
 73
1
 72
2
 10
4.2300076200152379
 20
7.3800152400304881
 40
0.7999999999999998
 50
0.0
 51
180.0
 73
1
 97
0
 75
0
 76
1
 98
0
1001
ACAD
1010
0.0
1020
0.0
1030
0
  0
HATCH
  5
30E
100
AcDbEntity
  8
Top Paste Mask Layer
 62
256
370
-1
 48
1.0
  6
ByLayer
100
AcDbHatch
 10
0.0
 20
0.0
 30
0.0
210
0.0
220
0.0
230
1.0
  2
SOLID
 70
1
 71
0
 91
2
 92
1
 93
0
 97
0
 92
1
 93
2
 72
2
 10
6.7700127000254007
 20
4.8400101600203271
 40
0.7999999999999998
 50
180.0
 51
0.0
 73
1
 72
2
 10
6.7700127000254007
 20
4.8400101600203271
 40
0.7999999999999998
 50
0.0
 51
180.0
 73
1
 97
0
 75
0
 76
1
 98
0
1001
ACAD
1010
0.0
1020
0.0
1030
0
  0
HATCH
  5
30F
100
AcDbEntity
  8
Top Paste Mask Layer
 62
256
370
-1
 48
1.0
  6
ByLayer
100
AcDbHatch
 10
0.0
 20
0.0
 30
0.0
210
0.0
220
0.0
230
1.0
  2
SOLID
 70
1
 71
0
 91
2
 92
1
 93
0
 97
0
 92
1
 93
2
 72
2
 10
6.7700127000254007
 20
4.8400101600203271
 40
0.7999999999999998
 50
180.0
 51
0.0
 73
1
 72
2
 10
6.7700127000254007
 20
4.8400101600203271
 40
0.7999999999999998
 50
0.0
 51
180.0
 73
1
 97
0
 75
0
 76
1
 98
0
1001
ACAD
1010
0.0
1020
0.0
1030
0
  0
HATCH
  5
310
100
AcDbEntity
  8
Top Paste Mask Layer
 62
256
370
-1
 48
1.0
  6
ByLayer
100
AcDbHatch
 10
0.0
 20
0.0
 30
0.0
210
0.0
220
0.0
230
1.0
  2
SOLID
 70
1
 71
0
 91
2
 92
1
 93
0
 97
0
 92
1
 93
2
 72
2
 10
4.2300076200152379
 20
4.8400101600203271
 40
0.7999999999999998
 50
180.0
 51
0.0
 73
1
 72
2
 10
4.2300076200152379
 20
4.8400101600203271
 40
0.7999999999999998
 50
0.0
 51
180.0
 73
1
 97
0
 75
0
 76
1
 98
0
1001
ACAD
1010
0.0
1020
0.0
1030
0
  0
HATCH
  5
311
100
AcDbEntity
  8
Top Paste Mask Layer
 62
256
370
-1
 48
1.0
  6
ByLayer
100
AcDbHatch
 10
0.0
 20
0.0
 30
0.0
210
0.0
220
0.0
230
1.0
  2
SOLID
 70
1
 71
0
 91
2
 92
1
 93
0
 97
0
 92
1
 93
2
 72
2
 10
4.2300076200152379
 20
4.8400101600203271
 40
0.7999999999999998
 50
180.0
 51
0.0
 73
1
 72
2
 10
4.2300076200152379
 20
4.8400101600203271
 40
0.7999999999999998
 50
0.0
 51
180.0
 73
1
 97
0
 75
0
 76
1
 98
0
1001
ACAD
1010
0.0
1020
0.0
1030
0
  0
HATCH
  5
312
100
AcDbEntity
  8
Top Paste Mask Layer
 62
256
370
-1
 48
1.0
  6
ByLayer
100
AcDbHatch
 10
0.0
 20
0.0
 30
0.0
210
0.0
220
0.0
230
1.0
  2
SOLID
 70
1
 71
0
 91
2
 92
1
 93
0
 97
0
 92
1
 93
2
 72
2
 10
6.7700127000254007
 20
2.3000050800101661
 40
0.7999999999999998
 50
180.0
 51
0.0
 73
1
 72
2
 10
6.7700127000254007
 20
2.3000050800101661
 40
0.7999999999999998
 50
0.0
 51
180.0
 73
1
 97
0
 75
0
 76
1
 98
0
1001
ACAD
1010
0.0
1020
0.0
1030
0
  0
HATCH
  5
313
100
AcDbEntity
  8
Top Paste Mask Layer
 62
256
370
-1
 48
1.0
  6
ByLayer
100
AcDbHatch
 10
0.0
 20
0.0
 30
0.0
210
0.0
220
0.0
230
1.0
  2
SOLID
 70
1
 71
0
 91
2
 92
1
 93
0
 97
0
 92
1
 93
2
 72
2
 10
6.7700127000254007
 20
2.3000050800101661
 40
0.7999999999999998
 50
180.0
 51
0.0
 73
1
 72
2
 10
6.7700127000254007
 20
2.3000050800101661
 40
0.7999999999999998
 50
0.0
 51
180.0
 73
1
 97
0
 75
0
 76
1
 98
0
1001
ACAD
1010
0.0
1020
0.0
1030
0
  0
HATCH
  5
314
100
AcDbEntity
  8
Top Paste Mask Layer
 62
256
370
-1
 48
1.0
  6
ByLayer
100
AcDbHatch
 10
0.0
 20
0.0
 30
0.0
210
0.0
220
0.0
230
1.0
  2
SOLID
 70
1
 71
0
 91
2
 92
1
 93
0
 97
0
 92
1
 93
2
 72
2
 10
4.2300076200152379
 20
2.3000050800101661
 40
0.7999999999999998
 50
180.0
 51
0.0
 73
1
 72
2
 10
4.2300076200152379
 20
2.3000050800101661
 40
0.7999999999999998
 50
0.0
 51
180.0
 73
1
 97
0
 75
0
 76
1
 98
0
1001
ACAD
1010
0.0
1020
0.0
1030
0
  0
HATCH
  5
315
100
AcDbEntity
  8
Top Paste Mask Layer
 62
256
370
-1
 48
1.0
  6
ByLayer
100
AcDbHatch
 10
0.0
 20
0.0
 30
0.0
210
0.0
220
0.0
230
1.0
  2
SOLID
 70
1
 71
0
 91
2
 92
1
 93
0
 97
0
 92
1
 93
2
 72
2
 10
4.2300076200152379
 20
2.3000050800101661
 40
0.7999999999999998
 50
180.0
 51
0.0
 73
1
 72
2
 10
4.2300076200152379
 20
2.3000050800101661
 40
0.7999999999999998
 50
0.0
 51
180.0
 73
1
 97
0
 75
0
 76
1
 98
0
1001
ACAD
1010
0.0
1020
0.0
1030
0
  0
LWPOLYLINE
  5
316
100
AcDbEntity
  8
Top Paste Mask Layer
 62
256
370
-1
 48
1.0
  6
ByLayer
100
AcDbPolyline
 90
4
 70
1
 10
31.6100660401320823
 20
29.3500558801117641
 10
31.6100660401320823
 20
27.6500558801117613
 10
33.3100660401320852
 20
27.6500558801117613
 10
33.3100660401320852
 20
29.3500558801117641
  0
HATCH
  5
317
100
AcDbEntity
  8
Top Paste Mask Layer
 62
256
370
-1
 48
1.0
  6
ByLayer
100
AcDbHatch
 10
0.0
 20
0.0
 30
0.0
210
0.0
220
0.0
230
1.0
  2
SOLID
 70
1
 71
0
 91
2
 92
1
 93
0
 97
0
 92
1
 93
4
 72
1
 10
31.6100660401320823
 20
29.3500558801117641
 11
31.6100660401320823
 21
27.6500558801117613
 72
1
 10
31.6100660401320823
 20
27.6500558801117613
 11
33.3100660401320852
 21
27.6500558801117613
 72
1
 10
33.3100660401320852
 20
27.6500558801117613
 11
33.3100660401320852
 21
29.3500558801117641
 72
1
 10
33.3100660401320852
 20
29.3500558801117641
 11
31.6100660401320823
 21
29.3500558801117641
 97
0
 75
0
 76
1
 98
0
1001
ACAD
1010
0.0
1020
0.0
1030
0
  0
HATCH
  5
318
100
AcDbEntity
  8
Top Paste Mask Layer
 62
256
370
-1
 48
1.0
  6
ByLayer
100
AcDbHatch
 10
0.0
 20
0.0
 30
0.0
210
0.0
220
0.0
230
1.0
  2
SOLID
 70
1
 71
0
 91
2
 92
1
 93
0
 97
0
 92
1
 93
2
 72
2
 10
35.0000711201422448
 20
28.5000558801117627
 40
0.8500000000000014
 50
180.0
 51
0.0
 73
1
 72
2
 10
35.0000711201422448
 20
28.5000558801117627
 40
0.8500000000000014
 50
0.0
 51
180.0
 73
1
 97
0
 75
0
 76
1
 98
0
1001
ACAD
1010
0.0
1020
0.0
1030
0
  0
HATCH
  5
319
100
AcDbEntity
  8
Top Paste Mask Layer
 62
256
370
-1
 48
1.0
  6
ByLayer
100
AcDbHatch
 10
0.0
 20
0.0
 30
0.0
210
0.0
220
0.0
230
1.0
  2
SOLID
 70
1
 71
0
 91
2
 92
1
 93
0
 97
0
 92
1
 93
2
 72
2
 10
35.0000711201422448
 20
28.5000558801117627
 40
0.8500000000000014
 50
180.0
 51
0.0
 73
1
 72
2
 10
35.0000711201422448
 20
28.5000558801117627
 40
0.8500000000000014
 50
0.0
 51
180.0
 73
1
 97
0
 75
0
 76
1
 98
0
1001
ACAD
1010
0.0
1020
0.0
1030
0
  0
HATCH
  5
31A
100
AcDbEntity
  8
Top Paste Mask Layer
 62
256
370
-1
 48
1.0
  6
ByLayer
100
AcDbHatch
 10
0.0
 20
0.0
 30
0.0
210
0.0
220
0.0
230
1.0
  2
SOLID
 70
1
 71
0
 91
2
 92
1
 93
0
 97
0
 92
1
 93
2
 72
2
 10
37.5400762001524058
 20
28.5000558801117627
 40
0.8500000000000014
 50
180.0
 51
0.0
 73
1
 72
2
 10
37.5400762001524058
 20
28.5000558801117627
 40
0.8500000000000014
 50
0.0
 51
180.0
 73
1
 97
0
 75
0
 76
1
 98
0
1001
ACAD
1010
0.0
1020
0.0
1030
0
  0
HATCH
  5
31B
100
AcDbEntity
  8
Top Paste Mask Layer
 62
256
370
-1
 48
1.0
  6
ByLayer
100
AcDbHatch
 10
0.0
 20
0.0
 30
0.0
210
0.0
220
0.0
230
1.0
  2
SOLID
 70
1
 71
0
 91
2
 92
1
 93
0
 97
0
 92
1
 93
2
 72
2
 10
37.5400762001524058
 20
28.5000558801117627
 40
0.8500000000000014
 50
180.0
 51
0.0
 73
1
 72
2
 10
37.5400762001524058
 20
28.5000558801117627
 40
0.8500000000000014
 50
0.0
 51
180.0
 73
1
 97
0
 75
0
 76
1
 98
0
1001
ACAD
1010
0.0
1020
0.0
1030
0
  0
HATCH
  5
31C
100
AcDbEntity
  8
Top Paste Mask Layer
 62
256
370
-1
 48
1.0
  6
ByLayer
100
AcDbHatch
 10
0.0
 20
0.0
 30
0.0
210
0.0
220
0.0
230
1.0
  2
SOLID
 70
1
 71
0
 91
2
 92
1
 93
0
 97
0
 92
1
 93
2
 72
2
 10
65.0001295402590813
 20
6.0000127000254011
 40
1.25
 50
180.0
 51
0.0
 73
1
 72
2
 10
65.0001295402590813
 20
6.0000127000254011
 40
1.25
 50
0.0
 51
180.0
 73
1
 97
0
 75
0
 76
1
 98
0
1001
ACAD
1010
0.0
1020
0.0
1030
0
  0
HATCH
  5
31D
100
AcDbEntity
  8
Top Paste Mask Layer
 62
256
370
-1
 48
1.0
  6
ByLayer
100
AcDbHatch
 10
0.0
 20
0.0
 30
0.0
210
0.0
220
0.0
230
1.0
  2
SOLID
 70
1
 71
0
 91
2
 92
1
 93
0
 97
0
 92
1
 93
2
 72
2
 10
65.0001295402590813
 20
6.0000127000254011
 40
1.25
 50
180.0
 51
0.0
 73
1
 72
2
 10
65.0001295402590813
 20
6.0000127000254011
 40
1.25
 50
0.0
 51
180.0
 73
1
 97
0
 75
0
 76
1
 98
0
1001
ACAD
1010
0.0
1020
0.0
1030
0
  0
HATCH
  5
31E
100
AcDbEntity
  8
Top Paste Mask Layer
 62
256
370
-1
 48
1.0
  6
ByLayer
100
AcDbHatch
 10
0.0
 20
0.0
 30
0.0
210
0.0
220
0.0
230
1.0
  2
SOLID
 70
1
 71
0
 91
2
 92
1
 93
0
 97
0
 92
1
 93
2
 72
2
 10
67.5500406400812778
 20
3.4501016002032046
 40
1.25
 50
180.0
 51
0.0
 73
1
 72
2
 10
67.5500406400812778
 20
3.4501016002032046
 40
1.25
 50
0.0
 51
180.0
 73
1
 97
0
 75
0
 76
1
 98
0
1001
ACAD
1010
0.0
1020
0.0
1030
0
  0
HATCH
  5
31F
100
AcDbEntity
  8
Top Paste Mask Layer
 62
256
370
-1
 48
1.0
  6
ByLayer
100
AcDbHatch
 10
0.0
 20
0.0
 30
0.0
210
0.0
220
0.0
230
1.0
  2
SOLID
 70
1
 71
0
 91
2
 92
1
 93
0
 97
0
 92
1
 93
2
 72
2
 10
67.5500406400812778
 20
3.4501016002032046
 40
1.25
 50
180.0
 51
0.0
 73
1
 72
2
 10
67.5500406400812778
 20
3.4501016002032046
 40
1.25
 50
0.0
 51
180.0
 73
1
 97
0
 75
0
 76
1
 98
0
1001
ACAD
1010
0.0
1020
0.0
1030
0
  0
HATCH
  5
320
100
AcDbEntity
  8
Top Paste Mask Layer
 62
256
370
-1
 48
1.0
  6
ByLayer
100
AcDbHatch
 10
0.0
 20
0.0
 30
0.0
210
0.0
220
0.0
230
1.0
  2
SOLID
 70
1
 71
0
 91
2
 92
1
 93
0
 97
0
 92
1
 93
2
 72
2
 10
67.5500406400812778
 20
8.5499237998475976
 40
1.25
 50
180.0
 51
0.0
 73
1
 72
2
 10
67.5500406400812778
 20
8.5499237998475976
 40
1.25
 50
0.0
 51
180.0
 73
1
 97
0
 75
0
 76
1
 98
0
1001
ACAD
1010
0.0
1020
0.0
1030
0
  0
HATCH
  5
321
100
AcDbEntity
  8
Top Paste Mask Layer
 62
256
370
-1
 48
1.0
  6
ByLayer
100
AcDbHatch
 10
0.0
 20
0.0
 30
0.0
210
0.0
220
0.0
230
1.0
  2
SOLID
 70
1
 71
0
 91
2
 92
1
 93
0
 97
0
 92
1
 93
2
 72
2
 10
67.5500406400812778
 20
8.5499237998475976
 40
1.25
 50
180.0
 51
0.0
 73
1
 72
2
 10
67.5500406400812778
 20
8.5499237998475976
 40
1.25
 50
0.0
 51
180.0
 73
1
 97
0
 75
0
 76
1
 98
0
1001
ACAD
1010
0.0
1020
0.0
1030
0
  0
HATCH
  5
322
100
AcDbEntity
  8
Top Paste Mask Layer
 62
256
370
-1
 48
1.0
  6
ByLayer
100
AcDbHatch
 10
0.0
 20
0.0
 30
0.0
210
0.0
220
0.0
230
1.0
  2
SOLID
 70
1
 71
0
 91
2
 92
1
 93
0
 97
0
 92
1
 93
2
 72
2
 10
62.4502184404368919
 20
8.5499237998475976
 40
1.25
 50
180.0
 51
0.0
 73
1
 72
2
 10
62.4502184404368919
 20
8.5499237998475976
 40
1.25
 50
0.0
 51
180.0
 73
1
 97
0
 75
0
 76
1
 98
0
1001
ACAD
1010
0.0
1020
0.0
1030
0
  0
HATCH
  5
323
100
AcDbEntity
  8
Top Paste Mask Layer
 62
256
370
-1
 48
1.0
  6
ByLayer
100
AcDbHatch
 10
0.0
 20
0.0
 30
0.0
210
0.0
220
0.0
230
1.0
  2
SOLID
 70
1
 71
0
 91
2
 92
1
 93
0
 97
0
 92
1
 93
2
 72
2
 10
62.4502184404368919
 20
8.5499237998475976
 40
1.25
 50
180.0
 51
0.0
 73
1
 72
2
 10
62.4502184404368919
 20
8.5499237998475976
 40
1.25
 50
0.0
 51
180.0
 73
1
 97
0
 75
0
 76
1
 98
0
1001
ACAD
1010
0.0
1020
0.0
1030
0
  0
HATCH
  5
324
100
AcDbEntity
  8
Top Paste Mask Layer
 62
256
370
-1
 48
1.0
  6
ByLayer
100
AcDbHatch
 10
0.0
 20
0.0
 30
0.0
210
0.0
220
0.0
230
1.0
  2
SOLID
 70
1
 71
0
 91
2
 92
1
 93
0
 97
0
 92
1
 93
2
 72
2
 10
62.4502184404368919
 20
3.4501016002032046
 40
1.25
 50
180.0
 51
0.0
 73
1
 72
2
 10
62.4502184404368919
 20
3.4501016002032046
 40
1.25
 50
0.0
 51
180.0
 73
1
 97
0
 75
0
 76
1
 98
0
1001
ACAD
1010
0.0
1020
0.0
1030
0
  0
HATCH
  5
325
100
AcDbEntity
  8
Top Paste Mask Layer
 62
256
370
-1
 48
1.0
  6
ByLayer
100
AcDbHatch
 10
0.0
 20
0.0
 30
0.0
210
0.0
220
0.0
230
1.0
  2
SOLID
 70
1
 71
0
 91
2
 92
1
 93
0
 97
0
 92
1
 93
2
 72
2
 10
62.4502184404368919
 20
3.4501016002032046
 40
1.25
 50
180.0
 51
0.0
 73
1
 72
2
 10
62.4502184404368919
 20
3.4501016002032046
 40
1.25
 50
0.0
 51
180.0
 73
1
 97
0
 75
0
 76
1
 98
0
1001
ACAD
1010
0.0
1020
0.0
1030
0
  0
HATCH
  5
326
100
AcDbEntity
  8
Top Paste Mask Layer
 62
256
370
-1
 48
1.0
  6
ByLayer
100
AcDbHatch
 10
0.0
 20
0.0
 30
0.0
210
0.0
220
0.0
230
1.0
  2
SOLID
 70
1
 71
0
 91
2
 92
1
 93
0
 97
0
 92
1
 93
2
 72
2
 10
65.0001295402590813
 20
24.000048260096527
 40
1.25
 50
180.0
 51
0.0
 73
1
 72
2
 10
65.0001295402590813
 20
24.000048260096527
 40
1.25
 50
0.0
 51
180.0
 73
1
 97
0
 75
0
 76
1
 98
0
1001
ACAD
1010
0.0
1020
0.0
1030
0
  0
HATCH
  5
327
100
AcDbEntity
  8
Top Paste Mask Layer
 62
256
370
-1
 48
1.0
  6
ByLayer
100
AcDbHatch
 10
0.0
 20
0.0
 30
0.0
210
0.0
220
0.0
230
1.0
  2
SOLID
 70
1
 71
0
 91
2
 92
1
 93
0
 97
0
 92
1
 93
2
 72
2
 10
65.0001295402590813
 20
24.000048260096527
 40
1.25
 50
180.0
 51
0.0
 73
1
 72
2
 10
65.0001295402590813
 20
24.000048260096527
 40
1.25
 50
0.0
 51
180.0
 73
1
 97
0
 75
0
 76
1
 98
0
1001
ACAD
1010
0.0
1020
0.0
1030
0
  0
HATCH
  5
328
100
AcDbEntity
  8
Top Paste Mask Layer
 62
256
370
-1
 48
1.0
  6
ByLayer
100
AcDbHatch
 10
0.0
 20
0.0
 30
0.0
210
0.0
220
0.0
230
1.0
  2
SOLID
 70
1
 71
0
 91
2
 92
1
 93
0
 97
0
 92
1
 93
2
 72
2
 10
67.5500406400812778
 20
21.4501371602743234
 40
1.25
 50
180.0
 51
0.0
 73
1
 72
2
 10
67.5500406400812778
 20
21.4501371602743234
 40
1.25
 50
0.0
 51
180.0
 73
1
 97
0
 75
0
 76
1
 98
0
1001
ACAD
1010
0.0
1020
0.0
1030
0
  0
HATCH
  5
329
100
AcDbEntity
  8
Top Paste Mask Layer
 62
256
370
-1
 48
1.0
  6
ByLayer
100
AcDbHatch
 10
0.0
 20
0.0
 30
0.0
210
0.0
220
0.0
230
1.0
  2
SOLID
 70
1
 71
0
 91
2
 92
1
 93
0
 97
0
 92
1
 93
2
 72
2
 10
67.5500406400812778
 20
21.4501371602743234
 40
1.25
 50
180.0
 51
0.0
 73
1
 72
2
 10
67.5500406400812778
 20
21.4501371602743234
 40
1.25
 50
0.0
 51
180.0
 73
1
 97
0
 75
0
 76
1
 98
0
1001
ACAD
1010
0.0
1020
0.0
1030
0
  0
HATCH
  5
32A
100
AcDbEntity
  8
Top Paste Mask Layer
 62
256
370
-1
 48
1.0
  6
ByLayer
100
AcDbHatch
 10
0.0
 20
0.0
 30
0.0
210
0.0
220
0.0
230
1.0
  2
SOLID
 70
1
 71
0
 91
2
 92
1
 93
0
 97
0
 92
1
 93
2
 72
2
 10
67.5500406400812778
 20
26.5499593599187271
 40
1.25
 50
180.0
 51
0.0
 73
1
 72
2
 10
67.5500406400812778
 20
26.5499593599187271
 40
1.25
 50
0.0
 51
180.0
 73
1
 97
0
 75
0
 76
1
 98
0
1001
ACAD
1010
0.0
1020
0.0
1030
0
  0
HATCH
  5
32B
100
AcDbEntity
  8
Top Paste Mask Layer
 62
256
370
-1
 48
1.0
  6
ByLayer
100
AcDbHatch
 10
0.0
 20
0.0
 30
0.0
210
0.0
220
0.0
230
1.0
  2
SOLID
 70
1
 71
0
 91
2
 92
1
 93
0
 97
0
 92
1
 93
2
 72
2
 10
67.5500406400812778
 20
26.5499593599187271
 40
1.25
 50
180.0
 51
0.0
 73
1
 72
2
 10
67.5500406400812778
 20
26.5499593599187271
 40
1.25
 50
0.0
 51
180.0
 73
1
 97
0
 75
0
 76
1
 98
0
1001
ACAD
1010
0.0
1020
0.0
1030
0
  0
HATCH
  5
32C
100
AcDbEntity
  8
Top Paste Mask Layer
 62
256
370
-1
 48
1.0
  6
ByLayer
100
AcDbHatch
 10
0.0
 20
0.0
 30
0.0
210
0.0
220
0.0
230
1.0
  2
SOLID
 70
1
 71
0
 91
2
 92
1
 93
0
 97
0
 92
1
 93
2
 72
2
 10
62.4502184404368919
 20
26.5499593599187236
 40
1.25
 50
180.0
 51
0.0
 73
1
 72
2
 10
62.4502184404368919
 20
26.5499593599187236
 40
1.25
 50
0.0
 51
180.0
 73
1
 97
0
 75
0
 76
1
 98
0
1001
ACAD
1010
0.0
1020
0.0
1030
0
  0
HATCH
  5
32D
100
AcDbEntity
  8
Top Paste Mask Layer
 62
256
370
-1
 48
1.0
  6
ByLayer
100
AcDbHatch
 10
0.0
 20
0.0
 30
0.0
210
0.0
220
0.0
230
1.0
  2
SOLID
 70
1
 71
0
 91
2
 92
1
 93
0
 97
0
 92
1
 93
2
 72
2
 10
62.4502184404368919
 20
26.5499593599187236
 40
1.25
 50
180.0
 51
0.0
 73
1
 72
2
 10
62.4502184404368919
 20
26.5499593599187236
 40
1.25
 50
0.0
 51
180.0
 73
1
 97
0
 75
0
 76
1
 98
0
1001
ACAD
1010
0.0
1020
0.0
1030
0
  0
HATCH
  5
32E
100
AcDbEntity
  8
Top Paste Mask Layer
 62
256
370
-1
 48
1.0
  6
ByLayer
100
AcDbHatch
 10
0.0
 20
0.0
 30
0.0
210
0.0
220
0.0
230
1.0
  2
SOLID
 70
1
 71
0
 91
2
 92
1
 93
0
 97
0
 92
1
 93
2
 72
2
 10
62.4502184404368919
 20
21.4501371602743234
 40
1.25
 50
180.0
 51
0.0
 73
1
 72
2
 10
62.4502184404368919
 20
21.4501371602743234
 40
1.25
 50
0.0
 51
180.0
 73
1
 97
0
 75
0
 76
1
 98
0
1001
ACAD
1010
0.0
1020
0.0
1030
0
  0
HATCH
  5
32F
100
AcDbEntity
  8
Top Paste Mask Layer
 62
256
370
-1
 48
1.0
  6
ByLayer
100
AcDbHatch
 10
0.0
 20
0.0
 30
0.0
210
0.0
220
0.0
230
1.0
  2
SOLID
 70
1
 71
0
 91
2
 92
1
 93
0
 97
0
 92
1
 93
2
 72
2
 10
62.4502184404368919
 20
21.4501371602743234
 40
1.25
 50
180.0
 51
0.0
 73
1
 72
2
 10
62.4502184404368919
 20
21.4501371602743234
 40
1.25
 50
0.0
 51
180.0
 73
1
 97
0
 75
0
 76
1
 98
0
1001
ACAD
1010
0.0
1020
0.0
1030
0
  0
LWPOLYLINE
  5
330
100
AcDbEntity
  8
Top Paste Mask Layer
 62
256
370
-1
 48
1.0
  6
ByLayer
100
AcDbPolyline
 90
4
 70
1
 10
9.1600203200406405
 20
24.1206502413004884
 10
11.1600203200406405
 20
24.1206502413004849
 10
11.1600203200406405
 20
26.1206502413004849
 10
9.1600203200406405
 20
26.1206502413004884
  0
HATCH
  5
331
100
AcDbEntity
  8
Top Paste Mask Layer
 62
256
370
-1
 48
1.0
  6
ByLayer
100
AcDbHatch
 10
0.0
 20
0.0
 30
0.0
210
0.0
220
0.0
230
1.0
  2
SOLID
 70
1
 71
0
 91
2
 92
1
 93
0
 97
0
 92
1
 93
4
 72
1
 10
9.1600203200406405
 20
24.1206502413004884
 11
11.1600203200406405
 21
24.1206502413004849
 72
1
 10
11.1600203200406405
 20
24.1206502413004849
 11
11.1600203200406405
 21
26.1206502413004849
 72
1
 10
11.1600203200406405
 20
26.1206502413004849
 11
9.1600203200406405
 21
26.1206502413004884
 72
1
 10
9.1600203200406405
 20
26.1206502413004884
 11
9.1600203200406405
 21
24.1206502413004884
 97
0
 75
0
 76
1
 98
0
1001
ACAD
1010
0.0
1020
0.0
1030
0
  0
HATCH
  5
332
100
AcDbEntity
  8
Top Paste Mask Layer
 62
256
370
-1
 48
1.0
  6
ByLayer
100
AcDbHatch
 10
0.0
 20
0.0
 30
0.0
210
0.0
220
0.0
230
1.0
  2
SOLID
 70
1
 71
0
 91
2
 92
1
 93
0
 97
0
 92
1
 93
2
 72
2
 10
10.1600203200406405
 20
27.6606553213106494
 40
1.0
 50
180.0
 51
0.0
 73
1
 72
2
 10
10.1600203200406405
 20
27.6606553213106494
 40
1.0
 50
0.0
 51
180.0
 73
1
 97
0
 75
0
 76
1
 98
0
1001
ACAD
1010
0.0
1020
0.0
1030
0
  0
HATCH
  5
333
100
AcDbEntity
  8
Top Paste Mask Layer
 62
256
370
-1
 48
1.0
  6
ByLayer
100
AcDbHatch
 10
0.0
 20
0.0
 30
0.0
210
0.0
220
0.0
230
1.0
  2
SOLID
 70
1
 71
0
 91
2
 92
1
 93
0
 97
0
 92
1
 93
2
 72
2
 10
10.1600203200406405
 20
27.6606553213106494
 40
1.0
 50
180.0
 51
0.0
 73
1
 72
2
 10
10.1600203200406405
 20
27.6606553213106494
 40
1.0
 50
0.0
 51
180.0
 73
1
 97
0
 75
0
 76
1
 98
0
1001
ACAD
1010
0.0
1020
0.0
1030
0
  0
LWPOLYLINE
  5
334
100
AcDbEntity
  8
Board Outline Layer
 62
256
370
-1
 48
1.0
  6
ByLayer
100
AcDbPolyline
 90
8
 70
1
 10
0.0
 20
28.0000558801117627
 10
0.0
 20
2.0000050800101548
 42
0.414213562373095
 10
2.0000050800101601
 20
-0.0000000000000071
 10
68.0001346202692503
 20
-0.0000000000000071
 42
0.414213562373095
 10
70.0001397002794192
 20
2.0000050800101548
 10
70.0001397002794192
 20
28.0000558801117627
 42
0.414213562373095
 10
68.0001346202692503
 20
30.0000609601219246
 10
2.0000050800101601
 20
30.0000609601219246
 42
0.414213562373095
  0
HATCH
  5
335
100
AcDbEntity
  8
Multi-Layer
 62
256
370
-1
 48
1.0
  6
ByLayer
100
AcDbHatch
 10
0.0
 20
0.0
 30
0.0
210
0.0
220
0.0
230
1.0
  2
SOLID
 70
1
 71
0
 91
2
 92
1
 93
0
 97
0
 92
1
 93
2
 72
2
 10
53.5363068326136826
 20
3.8000076200152364
 40
0.381000762001527
 50
180.0
 51
0.0
 73
1
 72
2
 10
53.5363068326136826
 20
3.8000076200152364
 40
0.381000762001527
 50
0.0
 51
180.0
 73
1
 97
0
 75
0
 76
1
 98
0
1001
ACAD
1010
0.0
1020
0.0
1030
0
  0
HATCH
  5
336
100
AcDbEntity
  8
Multi-Layer
 62
256
370
-1
 48
1.0
  6
ByLayer
100
AcDbHatch
 10
0.0
 20
0.0
 30
0.0
210
0.0
220
0.0
230
1.0
  2
SOLID
 70
1
 71
0
 91
2
 92
1
 93
0
 97
0
 92
1
 93
2
 72
2
 10
53.5363068326136826
 20
3.8000076200152364
 40
0.381000762001527
 50
180.0
 51
0.0
 73
1
 72
2
 10
53.5363068326136826
 20
3.8000076200152364
 40
0.381000762001527
 50
0.0
 51
180.0
 73
1
 97
0
 75
0
 76
1
 98
0
1001
ACAD
1010
0.0
1020
0.0
1030
0
  0
HATCH
  5
337
100
AcDbEntity
  8
Multi-Layer
 62
256
370
-1
 48
1.0
  6
ByLayer
100
AcDbHatch
 10
0.0
 20
0.0
 30
0.0
210
0.0
220
0.0
230
1.0
  2
SOLID
 70
1
 71
0
 91
2
 92
1
 93
0
 97
0
 92
1
 93
2
 72
2
 10
53.5363068326136826
 20
3.8000076200152364
 40
0.381000762001527
 50
180.0
 51
0.0
 73
1
 72
2
 10
53.5363068326136826
 20
3.8000076200152364
 40
0.381000762001527
 50
0.0
 51
180.0
 73
1
 97
0
 75
0
 76
1
 98
0
1001
ACAD
1010
0.0
1020
0.0
1030
0
  0
HATCH
  5
338
100
AcDbEntity
  8
Multi-Layer
 62
256
370
-1
 48
1.0
  6
ByLayer
100
AcDbHatch
 10
0.0
 20
0.0
 30
0.0
210
0.0
220
0.0
230
1.0
  2
SOLID
 70
1
 71
0
 91
2
 92
1
 93
0
 97
0
 92
1
 93
2
 72
2
 10
53.5363068326136826
 20
3.8000076200152364
 40
0.381000762001527
 50
180.0
 51
0.0
 73
1
 72
2
 10
53.5363068326136826
 20
3.8000076200152364
 40
0.381000762001527
 50
0.0
 51
180.0
 73
1
 97
0
 75
0
 76
1
 98
0
1001
ACAD
1010
0.0
1020
0.0
1030
0
  0
HATCH
  5
339
100
AcDbEntity
  8
Multi-Layer
 62
256
370
-1
 48
1.0
  6
ByLayer
100
AcDbHatch
 10
0.0
 20
0.0
 30
0.0
210
0.0
220
0.0
230
1.0
  2
SOLID
 70
1
 71
0
 91
2
 92
1
 93
0
 97
0
 92
1
 93
2
 72
2
 10
53.5363068326136826
 20
3.8000076200152364
 40
0.381000762001527
 50
180.0
 51
0.0
 73
1
 72
2
 10
53.5363068326136826
 20
3.8000076200152364
 40
0.381000762001527
 50
0.0
 51
180.0
 73
1
 97
0
 75
0
 76
1
 98
0
1001
ACAD
1010
0.0
1020
0.0
1030
0
  0
HATCH
  5
33A
100
AcDbEntity
  8
Multi-Layer
 62
256
370
-1
 48
1.0
  6
ByLayer
100
AcDbHatch
 10
0.0
 20
0.0
 30
0.0
210
0.0
220
0.0
230
1.0
  2
SOLID
 70
1
 71
0
 91
2
 92
1
 93
0
 97
0
 92
1
 93
2
 72
2
 10
53.5363068326136826
 20
3.8000076200152364
 40
0.381000762001527
 50
180.0
 51
0.0
 73
1
 72
2
 10
53.5363068326136826
 20
3.8000076200152364
 40
0.381000762001527
 50
0.0
 51
180.0
 73
1
 97
0
 75
0
 76
1
 98
0
1001
ACAD
1010
0.0
1020
0.0
1030
0
  0
HATCH
  5
33B
100
AcDbEntity
  8
Multi-Layer
 62
256
370
-1
 48
1.0
  6
ByLayer
100
AcDbHatch
 10
0.0
 20
0.0
 30
0.0
210
0.0
220
0.0
230
1.0
  2
SOLID
 70
1
 71
0
 91
2
 92
1
 93
0
 97
0
 92
1
 93
2
 72
2
 10
54.2720142240284602
 20
2.0719100838201641
 40
0.381000762001527
 50
180.0
 51
0.0
 73
1
 72
2
 10
54.2720142240284602
 20
2.0719100838201641
 40
0.381000762001527
 50
0.0
 51
180.0
 73
1
 97
0
 75
0
 76
1
 98
0
1001
ACAD
1010
0.0
1020
0.0
1030
0
  0
HATCH
  5
33C
100
AcDbEntity
  8
Multi-Layer
 62
256
370
-1
 48
1.0
  6
ByLayer
100
AcDbHatch
 10
0.0
 20
0.0
 30
0.0
210
0.0
220
0.0
230
1.0
  2
SOLID
 70
1
 71
0
 91
2
 92
1
 93
0
 97
0
 92
1
 93
2
 72
2
 10
54.2720142240284602
 20
2.0719100838201641
 40
0.381000762001527
 50
180.0
 51
0.0
 73
1
 72
2
 10
54.2720142240284602
 20
2.0719100838201641
 40
0.381000762001527
 50
0.0
 51
180.0
 73
1
 97
0
 75
0
 76
1
 98
0
1001
ACAD
1010
0.0
1020
0.0
1030
0
  0
HATCH
  5
33D
100
AcDbEntity
  8
Multi-Layer
 62
256
370
-1
 48
1.0
  6
ByLayer
100
AcDbHatch
 10
0.0
 20
0.0
 30
0.0
210
0.0
220
0.0
230
1.0
  2
SOLID
 70
1
 71
0
 91
2
 92
1
 93
0
 97
0
 92
1
 93
2
 72
2
 10
54.2720142240284602
 20
2.0719100838201641
 40
0.381000762001527
 50
180.0
 51
0.0
 73
1
 72
2
 10
54.2720142240284602
 20
2.0719100838201641
 40
0.381000762001527
 50
0.0
 51
180.0
 73
1
 97
0
 75
0
 76
1
 98
0
1001
ACAD
1010
0.0
1020
0.0
1030
0
  0
HATCH
  5
33E
100
AcDbEntity
  8
Multi-Layer
 62
256
370
-1
 48
1.0
  6
ByLayer
100
AcDbHatch
 10
0.0
 20
0.0
 30
0.0
210
0.0
220
0.0
230
1.0
  2
SOLID
 70
1
 71
0
 91
2
 92
1
 93
0
 97
0
 92
1
 93
2
 72
2
 10
54.2720142240284602
 20
2.0719100838201641
 40
0.381000762001527
 50
180.0
 51
0.0
 73
1
 72
2
 10
54.2720142240284602
 20
2.0719100838201641
 40
0.381000762001527
 50
0.0
 51
180.0
 73
1
 97
0
 75
0
 76
1
 98
0
1001
ACAD
1010
0.0
1020
0.0
1030
0
  0
HATCH
  5
33F
100
AcDbEntity
  8
Multi-Layer
 62
256
370
-1
 48
1.0
  6
ByLayer
100
AcDbHatch
 10
0.0
 20
0.0
 30
0.0
210
0.0
220
0.0
230
1.0
  2
SOLID
 70
1
 71
0
 91
2
 92
1
 93
0
 97
0
 92
1
 93
2
 72
2
 10
54.2720142240284602
 20
2.0719100838201641
 40
0.381000762001527
 50
180.0
 51
0.0
 73
1
 72
2
 10
54.2720142240284602
 20
2.0719100838201641
 40
0.381000762001527
 50
0.0
 51
180.0
 73
1
 97
0
 75
0
 76
1
 98
0
1001
ACAD
1010
0.0
1020
0.0
1030
0
  0
HATCH
  5
340
100
AcDbEntity
  8
Multi-Layer
 62
256
370
-1
 48
1.0
  6
ByLayer
100
AcDbHatch
 10
0.0
 20
0.0
 30
0.0
210
0.0
220
0.0
230
1.0
  2
SOLID
 70
1
 71
0
 91
2
 92
1
 93
0
 97
0
 92
1
 93
2
 72
2
 10
54.2720142240284602
 20
2.0719100838201641
 40
0.381000762001527
 50
180.0
 51
0.0
 73
1
 72
2
 10
54.2720142240284602
 20
2.0719100838201641
 40
0.381000762001527
 50
0.0
 51
180.0
 73
1
 97
0
 75
0
 76
1
 98
0
1001
ACAD
1010
0.0
1020
0.0
1030
0
  0
HATCH
  5
341
100
AcDbEntity
  8
Multi-Layer
 62
256
370
-1
 48
1.0
  6
ByLayer
100
AcDbHatch
 10
0.0
 20
0.0
 30
0.0
210
0.0
220
0.0
230
1.0
  2
SOLID
 70
1
 71
0
 91
2
 92
1
 93
0
 97
0
 92
1
 93
2
 72
2
 10
56.0001117602235254
 20
1.3561163322326593
 40
0.381000762001527
 50
180.0
 51
0.0
 73
1
 72
2
 10
56.0001117602235254
 20
1.3561163322326593
 40
0.381000762001527
 50
0.0
 51
180.0
 73
1
 97
0
 75
0
 76
1
 98
0
1001
ACAD
1010
0.0
1020
0.0
1030
0
  0
HATCH
  5
342
100
AcDbEntity
  8
Multi-Layer
 62
256
370
-1
 48
1.0
  6
ByLayer
100
AcDbHatch
 10
0.0
 20
0.0
 30
0.0
210
0.0
220
0.0
230
1.0
  2
SOLID
 70
1
 71
0
 91
2
 92
1
 93
0
 97
0
 92
1
 93
2
 72
2
 10
56.0001117602235254
 20
1.3561163322326593
 40
0.381000762001527
 50
180.0
 51
0.0
 73
1
 72
2
 10
56.0001117602235254
 20
1.3561163322326593
 40
0.381000762001527
 50
0.0
 51
180.0
 73
1
 97
0
 75
0
 76
1
 98
0
1001
ACAD
1010
0.0
1020
0.0
1030
0
  0
HATCH
  5
343
100
AcDbEntity
  8
Multi-Layer
 62
256
370
-1
 48
1.0
  6
ByLayer
100
AcDbHatch
 10
0.0
 20
0.0
 30
0.0
210
0.0
220
0.0
230
1.0
  2
SOLID
 70
1
 71
0
 91
2
 92
1
 93
0
 97
0
 92
1
 93
2
 72
2
 10
56.0001117602235254
 20
1.3561163322326593
 40
0.381000762001527
 50
180.0
 51
0.0
 73
1
 72
2
 10
56.0001117602235254
 20
1.3561163322326593
 40
0.381000762001527
 50
0.0
 51
180.0
 73
1
 97
0
 75
0
 76
1
 98
0
1001
ACAD
1010
0.0
1020
0.0
1030
0
  0
HATCH
  5
344
100
AcDbEntity
  8
Multi-Layer
 62
256
370
-1
 48
1.0
  6
ByLayer
100
AcDbHatch
 10
0.0
 20
0.0
 30
0.0
210
0.0
220
0.0
230
1.0
  2
SOLID
 70
1
 71
0
 91
2
 92
1
 93
0
 97
0
 92
1
 93
2
 72
2
 10
56.0001117602235254
 20
1.3561163322326593
 40
0.381000762001527
 50
180.0
 51
0.0
 73
1
 72
2
 10
56.0001117602235254
 20
1.3561163322326593
 40
0.381000762001527
 50
0.0
 51
180.0
 73
1
 97
0
 75
0
 76
1
 98
0
1001
ACAD
1010
0.0
1020
0.0
1030
0
  0
HATCH
  5
345
100
AcDbEntity
  8
Multi-Layer
 62
256
370
-1
 48
1.0
  6
ByLayer
100
AcDbHatch
 10
0.0
 20
0.0
 30
0.0
210
0.0
220
0.0
230
1.0
  2
SOLID
 70
1
 71
0
 91
2
 92
1
 93
0
 97
0
 92
1
 93
2
 72
2
 10
56.0001117602235254
 20
1.3561163322326593
 40
0.381000762001527
 50
180.0
 51
0.0
 73
1
 72
2
 10
56.0001117602235254
 20
1.3561163322326593
 40
0.381000762001527
 50
0.0
 51
180.0
 73
1
 97
0
 75
0
 76
1
 98
0
1001
ACAD
1010
0.0
1020
0.0
1030
0
  0
HATCH
  5
346
100
AcDbEntity
  8
Multi-Layer
 62
256
370
-1
 48
1.0
  6
ByLayer
100
AcDbHatch
 10
0.0
 20
0.0
 30
0.0
210
0.0
220
0.0
230
1.0
  2
SOLID
 70
1
 71
0
 91
2
 92
1
 93
0
 97
0
 92
1
 93
2
 72
2
 10
56.0001117602235254
 20
1.3561163322326593
 40
0.381000762001527
 50
180.0
 51
0.0
 73
1
 72
2
 10
56.0001117602235254
 20
1.3561163322326593
 40
0.381000762001527
 50
0.0
 51
180.0
 73
1
 97
0
 75
0
 76
1
 98
0
1001
ACAD
1010
0.0
1020
0.0
1030
0
  0
HATCH
  5
347
100
AcDbEntity
  8
Multi-Layer
 62
256
370
-1
 48
1.0
  6
ByLayer
100
AcDbHatch
 10
0.0
 20
0.0
 30
0.0
210
0.0
220
0.0
230
1.0
  2
SOLID
 70
1
 71
0
 91
2
 92
1
 93
0
 97
0
 92
1
 93
2
 72
2
 10
57.7282042164084359
 20
2.0719151638303259
 40
0.381000762001527
 50
180.0
 51
0.0
 73
1
 72
2
 10
57.7282042164084359
 20
2.0719151638303259
 40
0.381000762001527
 50
0.0
 51
180.0
 73
1
 97
0
 75
0
 76
1
 98
0
1001
ACAD
1010
0.0
1020
0.0
1030
0
  0
HATCH
  5
348
100
AcDbEntity
  8
Multi-Layer
 62
256
370
-1
 48
1.0
  6
ByLayer
100
AcDbHatch
 10
0.0
 20
0.0
 30
0.0
210
0.0
220
0.0
230
1.0
  2
SOLID
 70
1
 71
0
 91
2
 92
1
 93
0
 97
0
 92
1
 93
2
 72
2
 10
57.7282042164084359
 20
2.0719151638303259
 40
0.381000762001527
 50
180.0
 51
0.0
 73
1
 72
2
 10
57.7282042164084359
 20
2.0719151638303259
 40
0.381000762001527
 50
0.0
 51
180.0
 73
1
 97
0
 75
0
 76
1
 98
0
1001
ACAD
1010
0.0
1020
0.0
1030
0
  0
HATCH
  5
349
100
AcDbEntity
  8
Multi-Layer
 62
256
370
-1
 48
1.0
  6
ByLayer
100
AcDbHatch
 10
0.0
 20
0.0
 30
0.0
210
0.0
220
0.0
230
1.0
  2
SOLID
 70
1
 71
0
 91
2
 92
1
 93
0
 97
0
 92
1
 93
2
 72
2
 10
57.7282042164084359
 20
2.0719151638303259
 40
0.381000762001527
 50
180.0
 51
0.0
 73
1
 72
2
 10
57.7282042164084359
 20
2.0719151638303259
 40
0.381000762001527
 50
0.0
 51
180.0
 73
1
 97
0
 75
0
 76
1
 98
0
1001
ACAD
1010
0.0
1020
0.0
1030
0
  0
HATCH
  5
34A
100
AcDbEntity
  8
Multi-Layer
 62
256
370
-1
 48
1.0
  6
ByLayer
100
AcDbHatch
 10
0.0
 20
0.0
 30
0.0
210
0.0
220
0.0
230
1.0
  2
SOLID
 70
1
 71
0
 91
2
 92
1
 93
0
 97
0
 92
1
 93
2
 72
2
 10
57.7282042164084359
 20
2.0719151638303259
 40
0.381000762001527
 50
180.0
 51
0.0
 73
1
 72
2
 10
57.7282042164084359
 20
2.0719151638303259
 40
0.381000762001527
 50
0.0
 51
180.0
 73
1
 97
0
 75
0
 76
1
 98
0
1001
ACAD
1010
0.0
1020
0.0
1030
0
  0
HATCH
  5
34B
100
AcDbEntity
  8
Multi-Layer
 62
256
370
-1
 48
1.0
  6
ByLayer
100
AcDbHatch
 10
0.0
 20
0.0
 30
0.0
210
0.0
220
0.0
230
1.0
  2
SOLID
 70
1
 71
0
 91
2
 92
1
 93
0
 97
0
 92
1
 93
2
 72
2
 10
57.7282042164084359
 20
2.0719151638303259
 40
0.381000762001527
 50
180.0
 51
0.0
 73
1
 72
2
 10
57.7282042164084359
 20
2.0719151638303259
 40
0.381000762001527
 50
0.0
 51
180.0
 73
1
 97
0
 75
0
 76
1
 98
0
1001
ACAD
1010
0.0
1020
0.0
1030
0
  0
HATCH
  5
34C
100
AcDbEntity
  8
Multi-Layer
 62
256
370
-1
 48
1.0
  6
ByLayer
100
AcDbHatch
 10
0.0
 20
0.0
 30
0.0
210
0.0
220
0.0
230
1.0
  2
SOLID
 70
1
 71
0
 91
2
 92
1
 93
0
 97
0
 92
1
 93
2
 72
2
 10
57.7282042164084359
 20
2.0719151638303259
 40
0.381000762001527
 50
180.0
 51
0.0
 73
1
 72
2
 10
57.7282042164084359
 20
2.0719151638303259
 40
0.381000762001527
 50
0.0
 51
180.0
 73
1
 97
0
 75
0
 76
1
 98
0
1001
ACAD
1010
0.0
1020
0.0
1030
0
  0
HATCH
  5
34D
100
AcDbEntity
  8
Multi-Layer
 62
256
370
-1
 48
1.0
  6
ByLayer
100
AcDbHatch
 10
0.0
 20
0.0
 30
0.0
210
0.0
220
0.0
230
1.0
  2
SOLID
 70
1
 71
0
 91
2
 92
1
 93
0
 97
0
 92
1
 93
2
 72
2
 10
58.4440055880111728
 20
3.8000076200152364
 40
0.381000762001527
 50
180.0
 51
0.0
 73
1
 72
2
 10
58.4440055880111728
 20
3.8000076200152364
 40
0.381000762001527
 50
0.0
 51
180.0
 73
1
 97
0
 75
0
 76
1
 98
0
1001
ACAD
1010
0.0
1020
0.0
1030
0
  0
HATCH
  5
34E
100
AcDbEntity
  8
Multi-Layer
 62
256
370
-1
 48
1.0
  6
ByLayer
100
AcDbHatch
 10
0.0
 20
0.0
 30
0.0
210
0.0
220
0.0
230
1.0
  2
SOLID
 70
1
 71
0
 91
2
 92
1
 93
0
 97
0
 92
1
 93
2
 72
2
 10
58.4440055880111728
 20
3.8000076200152364
 40
0.381000762001527
 50
180.0
 51
0.0
 73
1
 72
2
 10
58.4440055880111728
 20
3.8000076200152364
 40
0.381000762001527
 50
0.0
 51
180.0
 73
1
 97
0
 75
0
 76
1
 98
0
1001
ACAD
1010
0.0
1020
0.0
1030
0
  0
HATCH
  5
34F
100
AcDbEntity
  8
Multi-Layer
 62
256
370
-1
 48
1.0
  6
ByLayer
100
AcDbHatch
 10
0.0
 20
0.0
 30
0.0
210
0.0
220
0.0
230
1.0
  2
SOLID
 70
1
 71
0
 91
2
 92
1
 93
0
 97
0
 92
1
 93
2
 72
2
 10
58.4440055880111728
 20
3.8000076200152364
 40
0.381000762001527
 50
180.0
 51
0.0
 73
1
 72
2
 10
58.4440055880111728
 20
3.8000076200152364
 40
0.381000762001527
 50
0.0
 51
180.0
 73
1
 97
0
 75
0
 76
1
 98
0
1001
ACAD
1010
0.0
1020
0.0
1030
0
  0
HATCH
  5
350
100
AcDbEntity
  8
Multi-Layer
 62
256
370
-1
 48
1.0
  6
ByLayer
100
AcDbHatch
 10
0.0
 20
0.0
 30
0.0
210
0.0
220
0.0
230
1.0
  2
SOLID
 70
1
 71
0
 91
2
 92
1
 93
0
 97
0
 92
1
 93
2
 72
2
 10
58.4440055880111728
 20
3.8000076200152364
 40
0.381000762001527
 50
180.0
 51
0.0
 73
1
 72
2
 10
58.4440055880111728
 20
3.8000076200152364
 40
0.381000762001527
 50
0.0
 51
180.0
 73
1
 97
0
 75
0
 76
1
 98
0
1001
ACAD
1010
0.0
1020
0.0
1030
0
  0
HATCH
  5
351
100
AcDbEntity
  8
Multi-Layer
 62
256
370
-1
 48
1.0
  6
ByLayer
100
AcDbHatch
 10
0.0
 20
0.0
 30
0.0
210
0.0
220
0.0
230
1.0
  2
SOLID
 70
1
 71
0
 91
2
 92
1
 93
0
 97
0
 92
1
 93
2
 72
2
 10
58.4440055880111728
 20
3.8000076200152364
 40
0.381000762001527
 50
180.0
 51
0.0
 73
1
 72
2
 10
58.4440055880111728
 20
3.8000076200152364
 40
0.381000762001527
 50
0.0
 51
180.0
 73
1
 97
0
 75
0
 76
1
 98
0
1001
ACAD
1010
0.0
1020
0.0
1030
0
  0
HATCH
  5
352
100
AcDbEntity
  8
Multi-Layer
 62
256
370
-1
 48
1.0
  6
ByLayer
100
AcDbHatch
 10
0.0
 20
0.0
 30
0.0
210
0.0
220
0.0
230
1.0
  2
SOLID
 70
1
 71
0
 91
2
 92
1
 93
0
 97
0
 92
1
 93
2
 72
2
 10
58.4440055880111728
 20
3.8000076200152364
 40
0.381000762001527
 50
180.0
 51
0.0
 73
1
 72
2
 10
58.4440055880111728
 20
3.8000076200152364
 40
0.381000762001527
 50
0.0
 51
180.0
 73
1
 97
0
 75
0
 76
1
 98
0
1001
ACAD
1010
0.0
1020
0.0
1030
0
  0
HATCH
  5
353
100
AcDbEntity
  8
Multi-Layer
 62
256
370
-1
 48
1.0
  6
ByLayer
100
AcDbHatch
 10
0.0
 20
0.0
 30
0.0
210
0.0
220
0.0
230
1.0
  2
SOLID
 70
1
 71
0
 91
2
 92
1
 93
0
 97
0
 92
1
 93
2
 72
2
 10
57.7282092964186049
 20
5.5281051562103087
 40
0.381000762001527
 50
180.0
 51
0.0
 73
1
 72
2
 10
57.7282092964186049
 20
5.5281051562103087
 40
0.381000762001527
 50
0.0
 51
180.0
 73
1
 97
0
 75
0
 76
1
 98
0
1001
ACAD
1010
0.0
1020
0.0
1030
0
  0
HATCH
  5
354
100
AcDbEntity
  8
Multi-Layer
 62
256
370
-1
 48
1.0
  6
ByLayer
100
AcDbHatch
 10
0.0
 20
0.0
 30
0.0
210
0.0
220
0.0
230
1.0
  2
SOLID
 70
1
 71
0
 91
2
 92
1
 93
0
 97
0
 92
1
 93
2
 72
2
 10
57.7282092964186049
 20
5.5281051562103087
 40
0.381000762001527
 50
180.0
 51
0.0
 73
1
 72
2
 10
57.7282092964186049
 20
5.5281051562103087
 40
0.381000762001527
 50
0.0
 51
180.0
 73
1
 97
0
 75
0
 76
1
 98
0
1001
ACAD
1010
0.0
1020
0.0
1030
0
  0
HATCH
  5
355
100
AcDbEntity
  8
Multi-Layer
 62
256
370
-1
 48
1.0
  6
ByLayer
100
AcDbHatch
 10
0.0
 20
0.0
 30
0.0
210
0.0
220
0.0
230
1.0
  2
SOLID
 70
1
 71
0
 91
2
 92
1
 93
0
 97
0
 92
1
 93
2
 72
2
 10
57.7282092964186049
 20
5.5281051562103087
 40
0.381000762001527
 50
180.0
 51
0.0
 73
1
 72
2
 10
57.7282092964186049
 20
5.5281051562103087
 40
0.381000762001527
 50
0.0
 51
180.0
 73
1
 97
0
 75
0
 76
1
 98
0
1001
ACAD
1010
0.0
1020
0.0
1030
0
  0
HATCH
  5
356
100
AcDbEntity
  8
Multi-Layer
 62
256
370
-1
 48
1.0
  6
ByLayer
100
AcDbHatch
 10
0.0
 20
0.0
 30
0.0
210
0.0
220
0.0
230
1.0
  2
SOLID
 70
1
 71
0
 91
2
 92
1
 93
0
 97
0
 92
1
 93
2
 72
2
 10
57.7282092964186049
 20
5.5281051562103087
 40
0.381000762001527
 50
180.0
 51
0.0
 73
1
 72
2
 10
57.7282092964186049
 20
5.5281051562103087
 40
0.381000762001527
 50
0.0
 51
180.0
 73
1
 97
0
 75
0
 76
1
 98
0
1001
ACAD
1010
0.0
1020
0.0
1030
0
  0
HATCH
  5
357
100
AcDbEntity
  8
Multi-Layer
 62
256
370
-1
 48
1.0
  6
ByLayer
100
AcDbHatch
 10
0.0
 20
0.0
 30
0.0
210
0.0
220
0.0
230
1.0
  2
SOLID
 70
1
 71
0
 91
2
 92
1
 93
0
 97
0
 92
1
 93
2
 72
2
 10
57.7282092964186049
 20
5.5281051562103087
 40
0.381000762001527
 50
180.0
 51
0.0
 73
1
 72
2
 10
57.7282092964186049
 20
5.5281051562103087
 40
0.381000762001527
 50
0.0
 51
180.0
 73
1
 97
0
 75
0
 76
1
 98
0
1001
ACAD
1010
0.0
1020
0.0
1030
0
  0
HATCH
  5
358
100
AcDbEntity
  8
Multi-Layer
 62
256
370
-1
 48
1.0
  6
ByLayer
100
AcDbHatch
 10
0.0
 20
0.0
 30
0.0
210
0.0
220
0.0
230
1.0
  2
SOLID
 70
1
 71
0
 91
2
 92
1
 93
0
 97
0
 92
1
 93
2
 72
2
 10
57.7282092964186049
 20
5.5281051562103087
 40
0.381000762001527
 50
180.0
 51
0.0
 73
1
 72
2
 10
57.7282092964186049
 20
5.5281051562103087
 40
0.381000762001527
 50
0.0
 51
180.0
 73
1
 97
0
 75
0
 76
1
 98
0
1001
ACAD
1010
0.0
1020
0.0
1030
0
  0
HATCH
  5
359
100
AcDbEntity
  8
Multi-Layer
 62
256
370
-1
 48
1.0
  6
ByLayer
100
AcDbHatch
 10
0.0
 20
0.0
 30
0.0
210
0.0
220
0.0
230
1.0
  2
SOLID
 70
1
 71
0
 91
2
 92
1
 93
0
 97
0
 92
1
 93
2
 72
2
 10
56.0001117602235254
 20
6.2439014478028909
 40
0.381000762001527
 50
180.0
 51
0.0
 73
1
 72
2
 10
56.0001117602235254
 20
6.2439014478028909
 40
0.381000762001527
 50
0.0
 51
180.0
 73
1
 97
0
 75
0
 76
1
 98
0
1001
ACAD
1010
0.0
1020
0.0
1030
0
  0
HATCH
  5
35A
100
AcDbEntity
  8
Multi-Layer
 62
256
370
-1
 48
1.0
  6
ByLayer
100
AcDbHatch
 10
0.0
 20
0.0
 30
0.0
210
0.0
220
0.0
230
1.0
  2
SOLID
 70
1
 71
0
 91
2
 92
1
 93
0
 97
0
 92
1
 93
2
 72
2
 10
56.0001117602235254
 20
6.2439014478028909
 40
0.381000762001527
 50
180.0
 51
0.0
 73
1
 72
2
 10
56.0001117602235254
 20
6.2439014478028909
 40
0.381000762001527
 50
0.0
 51
180.0
 73
1
 97
0
 75
0
 76
1
 98
0
1001
ACAD
1010
0.0
1020
0.0
1030
0
  0
HATCH
  5
35B
100
AcDbEntity
  8
Multi-Layer
 62
256
370
-1
 48
1.0
  6
ByLayer
100
AcDbHatch
 10
0.0
 20
0.0
 30
0.0
210
0.0
220
0.0
230
1.0
  2
SOLID
 70
1
 71
0
 91
2
 92
1
 93
0
 97
0
 92
1
 93
2
 72
2
 10
56.0001117602235254
 20
6.2439014478028909
 40
0.381000762001527
 50
180.0
 51
0.0
 73
1
 72
2
 10
56.0001117602235254
 20
6.2439014478028909
 40
0.381000762001527
 50
0.0
 51
180.0
 73
1
 97
0
 75
0
 76
1
 98
0
1001
ACAD
1010
0.0
1020
0.0
1030
0
  0
HATCH
  5
35C
100
AcDbEntity
  8
Multi-Layer
 62
256
370
-1
 48
1.0
  6
ByLayer
100
AcDbHatch
 10
0.0
 20
0.0
 30
0.0
210
0.0
220
0.0
230
1.0
  2
SOLID
 70
1
 71
0
 91
2
 92
1
 93
0
 97
0
 92
1
 93
2
 72
2
 10
56.0001117602235254
 20
6.2439014478028909
 40
0.381000762001527
 50
180.0
 51
0.0
 73
1
 72
2
 10
56.0001117602235254
 20
6.2439014478028909
 40
0.381000762001527
 50
0.0
 51
180.0
 73
1
 97
0
 75
0
 76
1
 98
0
1001
ACAD
1010
0.0
1020
0.0
1030
0
  0
HATCH
  5
35D
100
AcDbEntity
  8
Multi-Layer
 62
256
370
-1
 48
1.0
  6
ByLayer
100
AcDbHatch
 10
0.0
 20
0.0
 30
0.0
210
0.0
220
0.0
230
1.0
  2
SOLID
 70
1
 71
0
 91
2
 92
1
 93
0
 97
0
 92
1
 93
2
 72
2
 10
56.0001117602235254
 20
6.2439014478028909
 40
0.381000762001527
 50
180.0
 51
0.0
 73
1
 72
2
 10
56.0001117602235254
 20
6.2439014478028909
 40
0.381000762001527
 50
0.0
 51
180.0
 73
1
 97
0
 75
0
 76
1
 98
0
1001
ACAD
1010
0.0
1020
0.0
1030
0
  0
HATCH
  5
35E
100
AcDbEntity
  8
Multi-Layer
 62
256
370
-1
 48
1.0
  6
ByLayer
100
AcDbHatch
 10
0.0
 20
0.0
 30
0.0
210
0.0
220
0.0
230
1.0
  2
SOLID
 70
1
 71
0
 91
2
 92
1
 93
0
 97
0
 92
1
 93
2
 72
2
 10
56.0001117602235254
 20
6.2439014478028909
 40
0.381000762001527
 50
180.0
 51
0.0
 73
1
 72
2
 10
56.0001117602235254
 20
6.2439014478028909
 40
0.381000762001527
 50
0.0
 51
180.0
 73
1
 97
0
 75
0
 76
1
 98
0
1001
ACAD
1010
0.0
1020
0.0
1030
0
  0
HATCH
  5
35F
100
AcDbEntity
  8
Multi-Layer
 62
256
370
-1
 48
1.0
  6
ByLayer
100
AcDbHatch
 10
0.0
 20
0.0
 30
0.0
210
0.0
220
0.0
230
1.0
  2
SOLID
 70
1
 71
0
 91
2
 92
1
 93
0
 97
0
 92
1
 93
2
 72
2
 10
54.272019304038615
 20
5.5281000762001469
 40
0.381000762001527
 50
180.0
 51
0.0
 73
1
 72
2
 10
54.272019304038615
 20
5.5281000762001469
 40
0.381000762001527
 50
0.0
 51
180.0
 73
1
 97
0
 75
0
 76
1
 98
0
1001
ACAD
1010
0.0
1020
0.0
1030
0
  0
HATCH
  5
360
100
AcDbEntity
  8
Multi-Layer
 62
256
370
-1
 48
1.0
  6
ByLayer
100
AcDbHatch
 10
0.0
 20
0.0
 30
0.0
210
0.0
220
0.0
230
1.0
  2
SOLID
 70
1
 71
0
 91
2
 92
1
 93
0
 97
0
 92
1
 93
2
 72
2
 10
54.272019304038615
 20
5.5281000762001469
 40
0.381000762001527
 50
180.0
 51
0.0
 73
1
 72
2
 10
54.272019304038615
 20
5.5281000762001469
 40
0.381000762001527
 50
0.0
 51
180.0
 73
1
 97
0
 75
0
 76
1
 98
0
1001
ACAD
1010
0.0
1020
0.0
1030
0
  0
HATCH
  5
361
100
AcDbEntity
  8
Multi-Layer
 62
256
370
-1
 48
1.0
  6
ByLayer
100
AcDbHatch
 10
0.0
 20
0.0
 30
0.0
210
0.0
220
0.0
230
1.0
  2
SOLID
 70
1
 71
0
 91
2
 92
1
 93
0
 97
0
 92
1
 93
2
 72
2
 10
54.272019304038615
 20
5.5281000762001469
 40
0.381000762001527
 50
180.0
 51
0.0
 73
1
 72
2
 10
54.272019304038615
 20
5.5281000762001469
 40
0.381000762001527
 50
0.0
 51
180.0
 73
1
 97
0
 75
0
 76
1
 98
0
1001
ACAD
1010
0.0
1020
0.0
1030
0
  0
HATCH
  5
362
100
AcDbEntity
  8
Multi-Layer
 62
256
370
-1
 48
1.0
  6
ByLayer
100
AcDbHatch
 10
0.0
 20
0.0
 30
0.0
210
0.0
220
0.0
230
1.0
  2
SOLID
 70
1
 71
0
 91
2
 92
1
 93
0
 97
0
 92
1
 93
2
 72
2
 10
54.272019304038615
 20
5.5281000762001469
 40
0.381000762001527
 50
180.0
 51
0.0
 73
1
 72
2
 10
54.272019304038615
 20
5.5281000762001469
 40
0.381000762001527
 50
0.0
 51
180.0
 73
1
 97
0
 75
0
 76
1
 98
0
1001
ACAD
1010
0.0
1020
0.0
1030
0
  0
HATCH
  5
363
100
AcDbEntity
  8
Multi-Layer
 62
256
370
-1
 48
1.0
  6
ByLayer
100
AcDbHatch
 10
0.0
 20
0.0
 30
0.0
210
0.0
220
0.0
230
1.0
  2
SOLID
 70
1
 71
0
 91
2
 92
1
 93
0
 97
0
 92
1
 93
2
 72
2
 10
54.272019304038615
 20
5.5281000762001469
 40
0.381000762001527
 50
180.0
 51
0.0
 73
1
 72
2
 10
54.272019304038615
 20
5.5281000762001469
 40
0.381000762001527
 50
0.0
 51
180.0
 73
1
 97
0
 75
0
 76
1
 98
0
1001
ACAD
1010
0.0
1020
0.0
1030
0
  0
HATCH
  5
364
100
AcDbEntity
  8
Multi-Layer
 62
256
370
-1
 48
1.0
  6
ByLayer
100
AcDbHatch
 10
0.0
 20
0.0
 30
0.0
210
0.0
220
0.0
230
1.0
  2
SOLID
 70
1
 71
0
 91
2
 92
1
 93
0
 97
0
 92
1
 93
2
 72
2
 10
54.272019304038615
 20
5.5281000762001469
 40
0.381000762001527
 50
180.0
 51
0.0
 73
1
 72
2
 10
54.272019304038615
 20
5.5281000762001469
 40
0.381000762001527
 50
0.0
 51
180.0
 73
1
 97
0
 75
0
 76
1
 98
0
1001
ACAD
1010
0.0
1020
0.0
1030
0
  0
HATCH
  5
365
100
AcDbEntity
  8
Multi-Layer
 62
256
370
-1
 48
1.0
  6
ByLayer
100
AcDbHatch
 10
0.0
 20
0.0
 30
0.0
210
0.0
220
0.0
230
1.0
  2
SOLID
 70
1
 71
0
 91
2
 92
1
 93
0
 97
0
 92
1
 93
2
 72
2
 10
56.0001117602235254
 20
3.8000076200152364
 40
3.2500012700025422
 50
180.0
 51
0.0
 73
1
 72
2
 10
56.0001117602235254
 20
3.8000076200152364
 40
3.2500012700025422
 50
0.0
 51
180.0
 73
1
 97
0
 75
0
 76
1
 98
0
1001
ACAD
1010
0.0
1020
0.0
1030
0
  0
HATCH
  5
366
100
AcDbEntity
  8
Multi-Layer
 62
256
370
-1
 48
1.0
  6
ByLayer
100
AcDbHatch
 10
0.0
 20
0.0
 30
0.0
210
0.0
220
0.0
230
1.0
  2
SOLID
 70
1
 71
0
 91
2
 92
1
 93
0
 97
0
 92
1
 93
2
 72
2
 10
56.0001117602235254
 20
3.8000076200152364
 40
3.2500012700025422
 50
180.0
 51
0.0
 73
1
 72
2
 10
56.0001117602235254
 20
3.8000076200152364
 40
3.2500012700025422
 50
0.0
 51
180.0
 73
1
 97
0
 75
0
 76
1
 98
0
1001
ACAD
1010
0.0
1020
0.0
1030
0
  0
HATCH
  5
367
100
AcDbEntity
  8
Multi-Layer
 62
256
370
-1
 48
1.0
  6
ByLayer
100
AcDbHatch
 10
0.0
 20
0.0
 30
0.0
210
0.0
220
0.0
230
1.0
  2
SOLID
 70
1
 71
0
 91
2
 92
1
 93
0
 97
0
 92
1
 93
2
 72
2
 10
56.0001117602235254
 20
3.8000076200152364
 40
3.2500012700025422
 50
180.0
 51
0.0
 73
1
 72
2
 10
56.0001117602235254
 20
3.8000076200152364
 40
3.2500012700025422
 50
0.0
 51
180.0
 73
1
 97
0
 75
0
 76
1
 98
0
1001
ACAD
1010
0.0
1020
0.0
1030
0
  0
HATCH
  5
368
100
AcDbEntity
  8
Multi-Layer
 62
256
370
-1
 48
1.0
  6
ByLayer
100
AcDbHatch
 10
0.0
 20
0.0
 30
0.0
210
0.0
220
0.0
230
1.0
  2
SOLID
 70
1
 71
0
 91
2
 92
1
 93
0
 97
0
 92
1
 93
2
 72
2
 10
56.0001117602235254
 20
3.8000076200152364
 40
3.2500012700025422
 50
180.0
 51
0.0
 73
1
 72
2
 10
56.0001117602235254
 20
3.8000076200152364
 40
3.2500012700025422
 50
0.0
 51
180.0
 73
1
 97
0
 75
0
 76
1
 98
0
1001
ACAD
1010
0.0
1020
0.0
1030
0
  0
HATCH
  5
369
100
AcDbEntity
  8
Multi-Layer
 62
256
370
-1
 48
1.0
  6
ByLayer
100
AcDbHatch
 10
0.0
 20
0.0
 30
0.0
210
0.0
220
0.0
230
1.0
  2
SOLID
 70
1
 71
0
 91
2
 92
1
 93
0
 97
0
 92
1
 93
2
 72
2
 10
56.0001117602235254
 20
3.8000076200152364
 40
3.2500012700025422
 50
180.0
 51
0.0
 73
1
 72
2
 10
56.0001117602235254
 20
3.8000076200152364
 40
3.2500012700025422
 50
0.0
 51
180.0
 73
1
 97
0
 75
0
 76
1
 98
0
1001
ACAD
1010
0.0
1020
0.0
1030
0
  0
HATCH
  5
36A
100
AcDbEntity
  8
Multi-Layer
 62
256
370
-1
 48
1.0
  6
ByLayer
100
AcDbHatch
 10
0.0
 20
0.0
 30
0.0
210
0.0
220
0.0
230
1.0
  2
SOLID
 70
1
 71
0
 91
2
 92
1
 93
0
 97
0
 92
1
 93
2
 72
2
 10
56.0001117602235254
 20
3.8000076200152364
 40
3.2500012700025422
 50
180.0
 51
0.0
 73
1
 72
2
 10
56.0001117602235254
 20
3.8000076200152364
 40
3.2500012700025422
 50
0.0
 51
180.0
 73
1
 97
0
 75
0
 76
1
 98
0
1001
ACAD
1010
0.0
1020
0.0
1030
0
  0
HATCH
  5
36B
100
AcDbEntity
  8
Multi-Layer
 62
256
370
-1
 48
1.0
  6
ByLayer
100
AcDbHatch
 10
0.0
 20
0.0
 30
0.0
210
0.0
220
0.0
230
1.0
  2
SOLID
 70
1
 71
0
 91
2
 92
1
 93
0
 97
0
 92
1
 93
2
 72
2
 10
53.5363068326136826
 20
26.2000533401066882
 40
0.381000762001527
 50
180.0
 51
0.0
 73
1
 72
2
 10
53.5363068326136826
 20
26.2000533401066882
 40
0.381000762001527
 50
0.0
 51
180.0
 73
1
 97
0
 75
0
 76
1
 98
0
1001
ACAD
1010
0.0
1020
0.0
1030
0
  0
HATCH
  5
36C
100
AcDbEntity
  8
Multi-Layer
 62
256
370
-1
 48
1.0
  6
ByLayer
100
AcDbHatch
 10
0.0
 20
0.0
 30
0.0
210
0.0
220
0.0
230
1.0
  2
SOLID
 70
1
 71
0
 91
2
 92
1
 93
0
 97
0
 92
1
 93
2
 72
2
 10
53.5363068326136826
 20
26.2000533401066882
 40
0.381000762001527
 50
180.0
 51
0.0
 73
1
 72
2
 10
53.5363068326136826
 20
26.2000533401066882
 40
0.381000762001527
 50
0.0
 51
180.0
 73
1
 97
0
 75
0
 76
1
 98
0
1001
ACAD
1010
0.0
1020
0.0
1030
0
  0
HATCH
  5
36D
100
AcDbEntity
  8
Multi-Layer
 62
256
370
-1
 48
1.0
  6
ByLayer
100
AcDbHatch
 10
0.0
 20
0.0
 30
0.0
210
0.0
220
0.0
230
1.0
  2
SOLID
 70
1
 71
0
 91
2
 92
1
 93
0
 97
0
 92
1
 93
2
 72
2
 10
53.5363068326136826
 20
26.2000533401066882
 40
0.381000762001527
 50
180.0
 51
0.0
 73
1
 72
2
 10
53.5363068326136826
 20
26.2000533401066882
 40
0.381000762001527
 50
0.0
 51
180.0
 73
1
 97
0
 75
0
 76
1
 98
0
1001
ACAD
1010
0.0
1020
0.0
1030
0
  0
HATCH
  5
36E
100
AcDbEntity
  8
Multi-Layer
 62
256
370
-1
 48
1.0
  6
ByLayer
100
AcDbHatch
 10
0.0
 20
0.0
 30
0.0
210
0.0
220
0.0
230
1.0
  2
SOLID
 70
1
 71
0
 91
2
 92
1
 93
0
 97
0
 92
1
 93
2
 72
2
 10
53.5363068326136826
 20
26.2000533401066882
 40
0.381000762001527
 50
180.0
 51
0.0
 73
1
 72
2
 10
53.5363068326136826
 20
26.2000533401066882
 40
0.381000762001527
 50
0.0
 51
180.0
 73
1
 97
0
 75
0
 76
1
 98
0
1001
ACAD
1010
0.0
1020
0.0
1030
0
  0
HATCH
  5
36F
100
AcDbEntity
  8
Multi-Layer
 62
256
370
-1
 48
1.0
  6
ByLayer
100
AcDbHatch
 10
0.0
 20
0.0
 30
0.0
210
0.0
220
0.0
230
1.0
  2
SOLID
 70
1
 71
0
 91
2
 92
1
 93
0
 97
0
 92
1
 93
2
 72
2
 10
53.5363068326136826
 20
26.2000533401066882
 40
0.381000762001527
 50
180.0
 51
0.0
 73
1
 72
2
 10
53.5363068326136826
 20
26.2000533401066882
 40
0.381000762001527
 50
0.0
 51
180.0
 73
1
 97
0
 75
0
 76
1
 98
0
1001
ACAD
1010
0.0
1020
0.0
1030
0
  0
HATCH
  5
370
100
AcDbEntity
  8
Multi-Layer
 62
256
370
-1
 48
1.0
  6
ByLayer
100
AcDbHatch
 10
0.0
 20
0.0
 30
0.0
210
0.0
220
0.0
230
1.0
  2
SOLID
 70
1
 71
0
 91
2
 92
1
 93
0
 97
0
 92
1
 93
2
 72
2
 10
53.5363068326136826
 20
26.2000533401066882
 40
0.381000762001527
 50
180.0
 51
0.0
 73
1
 72
2
 10
53.5363068326136826
 20
26.2000533401066882
 40
0.381000762001527
 50
0.0
 51
180.0
 73
1
 97
0
 75
0
 76
1
 98
0
1001
ACAD
1010
0.0
1020
0.0
1030
0
  0
HATCH
  5
371
100
AcDbEntity
  8
Multi-Layer
 62
256
370
-1
 48
1.0
  6
ByLayer
100
AcDbHatch
 10
0.0
 20
0.0
 30
0.0
210
0.0
220
0.0
230
1.0
  2
SOLID
 70
1
 71
0
 91
2
 92
1
 93
0
 97
0
 92
1
 93
2
 72
2
 10
54.2720142240284602
 20
24.4719558039116123
 40
0.381000762001527
 50
180.0
 51
0.0
 73
1
 72
2
 10
54.2720142240284602
 20
24.4719558039116123
 40
0.381000762001527
 50
0.0
 51
180.0
 73
1
 97
0
 75
0
 76
1
 98
0
1001
ACAD
1010
0.0
1020
0.0
1030
0
  0
HATCH
  5
372
100
AcDbEntity
  8
Multi-Layer
 62
256
370
-1
 48
1.0
  6
ByLayer
100
AcDbHatch
 10
0.0
 20
0.0
 30
0.0
210
0.0
220
0.0
230
1.0
  2
SOLID
 70
1
 71
0
 91
2
 92
1
 93
0
 97
0
 92
1
 93
2
 72
2
 10
54.2720142240284602
 20
24.4719558039116123
 40
0.381000762001527
 50
180.0
 51
0.0
 73
1
 72
2
 10
54.2720142240284602
 20
24.4719558039116123
 40
0.381000762001527
 50
0.0
 51
180.0
 73
1
 97
0
 75
0
 76
1
 98
0
1001
ACAD
1010
0.0
1020
0.0
1030
0
  0
HATCH
  5
373
100
AcDbEntity
  8
Multi-Layer
 62
256
370
-1
 48
1.0
  6
ByLayer
100
AcDbHatch
 10
0.0
 20
0.0
 30
0.0
210
0.0
220
0.0
230
1.0
  2
SOLID
 70
1
 71
0
 91
2
 92
1
 93
0
 97
0
 92
1
 93
2
 72
2
 10
54.2720142240284602
 20
24.4719558039116123
 40
0.381000762001527
 50
180.0
 51
0.0
 73
1
 72
2
 10
54.2720142240284602
 20
24.4719558039116123
 40
0.381000762001527
 50
0.0
 51
180.0
 73
1
 97
0
 75
0
 76
1
 98
0
1001
ACAD
1010
0.0
1020
0.0
1030
0
  0
HATCH
  5
374
100
AcDbEntity
  8
Multi-Layer
 62
256
370
-1
 48
1.0
  6
ByLayer
100
AcDbHatch
 10
0.0
 20
0.0
 30
0.0
210
0.0
220
0.0
230
1.0
  2
SOLID
 70
1
 71
0
 91
2
 92
1
 93
0
 97
0
 92
1
 93
2
 72
2
 10
54.2720142240284602
 20
24.4719558039116123
 40
0.381000762001527
 50
180.0
 51
0.0
 73
1
 72
2
 10
54.2720142240284602
 20
24.4719558039116123
 40
0.381000762001527
 50
0.0
 51
180.0
 73
1
 97
0
 75
0
 76
1
 98
0
1001
ACAD
1010
0.0
1020
0.0
1030
0
  0
HATCH
  5
375
100
AcDbEntity
  8
Multi-Layer
 62
256
370
-1
 48
1.0
  6
ByLayer
100
AcDbHatch
 10
0.0
 20
0.0
 30
0.0
210
0.0
220
0.0
230
1.0
  2
SOLID
 70
1
 71
0
 91
2
 92
1
 93
0
 97
0
 92
1
 93
2
 72
2
 10
54.2720142240284602
 20
24.4719558039116123
 40
0.381000762001527
 50
180.0
 51
0.0
 73
1
 72
2
 10
54.2720142240284602
 20
24.4719558039116123
 40
0.381000762001527
 50
0.0
 51
180.0
 73
1
 97
0
 75
0
 76
1
 98
0
1001
ACAD
1010
0.0
1020
0.0
1030
0
  0
HATCH
  5
376
100
AcDbEntity
  8
Multi-Layer
 62
256
370
-1
 48
1.0
  6
ByLayer
100
AcDbHatch
 10
0.0
 20
0.0
 30
0.0
210
0.0
220
0.0
230
1.0
  2
SOLID
 70
1
 71
0
 91
2
 92
1
 93
0
 97
0
 92
1
 93
2
 72
2
 10
54.2720142240284602
 20
24.4719558039116123
 40
0.381000762001527
 50
180.0
 51
0.0
 73
1
 72
2
 10
54.2720142240284602
 20
24.4719558039116123
 40
0.381000762001527
 50
0.0
 51
180.0
 73
1
 97
0
 75
0
 76
1
 98
0
1001
ACAD
1010
0.0
1020
0.0
1030
0
  0
HATCH
  5
377
100
AcDbEntity
  8
Multi-Layer
 62
256
370
-1
 48
1.0
  6
ByLayer
100
AcDbHatch
 10
0.0
 20
0.0
 30
0.0
210
0.0
220
0.0
230
1.0
  2
SOLID
 70
1
 71
0
 91
2
 92
1
 93
0
 97
0
 92
1
 93
2
 72
2
 10
56.0001117602235254
 20
23.756162052324111
 40
0.381000762001527
 50
180.0
 51
0.0
 73
1
 72
2
 10
56.0001117602235254
 20
23.756162052324111
 40
0.381000762001527
 50
0.0
 51
180.0
 73
1
 97
0
 75
0
 76
1
 98
0
1001
ACAD
1010
0.0
1020
0.0
1030
0
  0
HATCH
  5
378
100
AcDbEntity
  8
Multi-Layer
 62
256
370
-1
 48
1.0
  6
ByLayer
100
AcDbHatch
 10
0.0
 20
0.0
 30
0.0
210
0.0
220
0.0
230
1.0
  2
SOLID
 70
1
 71
0
 91
2
 92
1
 93
0
 97
0
 92
1
 93
2
 72
2
 10
56.0001117602235254
 20
23.756162052324111
 40
0.381000762001527
 50
180.0
 51
0.0
 73
1
 72
2
 10
56.0001117602235254
 20
23.756162052324111
 40
0.381000762001527
 50
0.0
 51
180.0
 73
1
 97
0
 75
0
 76
1
 98
0
1001
ACAD
1010
0.0
1020
0.0
1030
0
  0
HATCH
  5
379
100
AcDbEntity
  8
Multi-Layer
 62
256
370
-1
 48
1.0
  6
ByLayer
100
AcDbHatch
 10
0.0
 20
0.0
 30
0.0
210
0.0
220
0.0
230
1.0
  2
SOLID
 70
1
 71
0
 91
2
 92
1
 93
0
 97
0
 92
1
 93
2
 72
2
 10
56.0001117602235254
 20
23.756162052324111
 40
0.381000762001527
 50
180.0
 51
0.0
 73
1
 72
2
 10
56.0001117602235254
 20
23.756162052324111
 40
0.381000762001527
 50
0.0
 51
180.0
 73
1
 97
0
 75
0
 76
1
 98
0
1001
ACAD
1010
0.0
1020
0.0
1030
0
  0
HATCH
  5
37A
100
AcDbEntity
  8
Multi-Layer
 62
256
370
-1
 48
1.0
  6
ByLayer
100
AcDbHatch
 10
0.0
 20
0.0
 30
0.0
210
0.0
220
0.0
230
1.0
  2
SOLID
 70
1
 71
0
 91
2
 92
1
 93
0
 97
0
 92
1
 93
2
 72
2
 10
56.0001117602235254
 20
23.756162052324111
 40
0.381000762001527
 50
180.0
 51
0.0
 73
1
 72
2
 10
56.0001117602235254
 20
23.756162052324111
 40
0.381000762001527
 50
0.0
 51
180.0
 73
1
 97
0
 75
0
 76
1
 98
0
1001
ACAD
1010
0.0
1020
0.0
1030
0
  0
HATCH
  5
37B
100
AcDbEntity
  8
Multi-Layer
 62
256
370
-1
 48
1.0
  6
ByLayer
100
AcDbHatch
 10
0.0
 20
0.0
 30
0.0
210
0.0
220
0.0
230
1.0
  2
SOLID
 70
1
 71
0
 91
2
 92
1
 93
0
 97
0
 92
1
 93
2
 72
2
 10
56.0001117602235254
 20
23.756162052324111
 40
0.381000762001527
 50
180.0
 51
0.0
 73
1
 72
2
 10
56.0001117602235254
 20
23.756162052324111
 40
0.381000762001527
 50
0.0
 51
180.0
 73
1
 97
0
 75
0
 76
1
 98
0
1001
ACAD
1010
0.0
1020
0.0
1030
0
  0
HATCH
  5
37C
100
AcDbEntity
  8
Multi-Layer
 62
256
370
-1
 48
1.0
  6
ByLayer
100
AcDbHatch
 10
0.0
 20
0.0
 30
0.0
210
0.0
220
0.0
230
1.0
  2
SOLID
 70
1
 71
0
 91
2
 92
1
 93
0
 97
0
 92
1
 93
2
 72
2
 10
56.0001117602235254
 20
23.756162052324111
 40
0.381000762001527
 50
180.0
 51
0.0
 73
1
 72
2
 10
56.0001117602235254
 20
23.756162052324111
 40
0.381000762001527
 50
0.0
 51
180.0
 73
1
 97
0
 75
0
 76
1
 98
0
1001
ACAD
1010
0.0
1020
0.0
1030
0
  0
HATCH
  5
37D
100
AcDbEntity
  8
Multi-Layer
 62
256
370
-1
 48
1.0
  6
ByLayer
100
AcDbHatch
 10
0.0
 20
0.0
 30
0.0
210
0.0
220
0.0
230
1.0
  2
SOLID
 70
1
 71
0
 91
2
 92
1
 93
0
 97
0
 92
1
 93
2
 72
2
 10
57.7282042164084359
 20
24.4719608839217742
 40
0.381000762001527
 50
180.0
 51
0.0
 73
1
 72
2
 10
57.7282042164084359
 20
24.4719608839217742
 40
0.381000762001527
 50
0.0
 51
180.0
 73
1
 97
0
 75
0
 76
1
 98
0
1001
ACAD
1010
0.0
1020
0.0
1030
0
  0
HATCH
  5
37E
100
AcDbEntity
  8
Multi-Layer
 62
256
370
-1
 48
1.0
  6
ByLayer
100
AcDbHatch
 10
0.0
 20
0.0
 30
0.0
210
0.0
220
0.0
230
1.0
  2
SOLID
 70
1
 71
0
 91
2
 92
1
 93
0
 97
0
 92
1
 93
2
 72
2
 10
57.7282042164084359
 20
24.4719608839217742
 40
0.381000762001527
 50
180.0
 51
0.0
 73
1
 72
2
 10
57.7282042164084359
 20
24.4719608839217742
 40
0.381000762001527
 50
0.0
 51
180.0
 73
1
 97
0
 75
0
 76
1
 98
0
1001
ACAD
1010
0.0
1020
0.0
1030
0
  0
HATCH
  5
37F
100
AcDbEntity
  8
Multi-Layer
 62
256
370
-1
 48
1.0
  6
ByLayer
100
AcDbHatch
 10
0.0
 20
0.0
 30
0.0
210
0.0
220
0.0
230
1.0
  2
SOLID
 70
1
 71
0
 91
2
 92
1
 93
0
 97
0
 92
1
 93
2
 72
2
 10
57.7282042164084359
 20
24.4719608839217742
 40
0.381000762001527
 50
180.0
 51
0.0
 73
1
 72
2
 10
57.7282042164084359
 20
24.4719608839217742
 40
0.381000762001527
 50
0.0
 51
180.0
 73
1
 97
0
 75
0
 76
1
 98
0
1001
ACAD
1010
0.0
1020
0.0
1030
0
  0
HATCH
  5
380
100
AcDbEntity
  8
Multi-Layer
 62
256
370
-1
 48
1.0
  6
ByLayer
100
AcDbHatch
 10
0.0
 20
0.0
 30
0.0
210
0.0
220
0.0
230
1.0
  2
SOLID
 70
1
 71
0
 91
2
 92
1
 93
0
 97
0
 92
1
 93
2
 72
2
 10
57.7282042164084359
 20
24.4719608839217742
 40
0.381000762001527
 50
180.0
 51
0.0
 73
1
 72
2
 10
57.7282042164084359
 20
24.4719608839217742
 40
0.381000762001527
 50
0.0
 51
180.0
 73
1
 97
0
 75
0
 76
1
 98
0
1001
ACAD
1010
0.0
1020
0.0
1030
0
  0
HATCH
  5
381
100
AcDbEntity
  8
Multi-Layer
 62
256
370
-1
 48
1.0
  6
ByLayer
100
AcDbHatch
 10
0.0
 20
0.0
 30
0.0
210
0.0
220
0.0
230
1.0
  2
SOLID
 70
1
 71
0
 91
2
 92
1
 93
0
 97
0
 92
1
 93
2
 72
2
 10
57.7282042164084359
 20
24.4719608839217742
 40
0.381000762001527
 50
180.0
 51
0.0
 73
1
 72
2
 10
57.7282042164084359
 20
24.4719608839217742
 40
0.381000762001527
 50
0.0
 51
180.0
 73
1
 97
0
 75
0
 76
1
 98
0
1001
ACAD
1010
0.0
1020
0.0
1030
0
  0
HATCH
  5
382
100
AcDbEntity
  8
Multi-Layer
 62
256
370
-1
 48
1.0
  6
ByLayer
100
AcDbHatch
 10
0.0
 20
0.0
 30
0.0
210
0.0
220
0.0
230
1.0
  2
SOLID
 70
1
 71
0
 91
2
 92
1
 93
0
 97
0
 92
1
 93
2
 72
2
 10
57.7282042164084359
 20
24.4719608839217742
 40
0.381000762001527
 50
180.0
 51
0.0
 73
1
 72
2
 10
57.7282042164084359
 20
24.4719608839217742
 40
0.381000762001527
 50
0.0
 51
180.0
 73
1
 97
0
 75
0
 76
1
 98
0
1001
ACAD
1010
0.0
1020
0.0
1030
0
  0
HATCH
  5
383
100
AcDbEntity
  8
Multi-Layer
 62
256
370
-1
 48
1.0
  6
ByLayer
100
AcDbHatch
 10
0.0
 20
0.0
 30
0.0
210
0.0
220
0.0
230
1.0
  2
SOLID
 70
1
 71
0
 91
2
 92
1
 93
0
 97
0
 92
1
 93
2
 72
2
 10
58.4440055880111728
 20
26.2000533401066882
 40
0.381000762001527
 50
180.0
 51
0.0
 73
1
 72
2
 10
58.4440055880111728
 20
26.2000533401066882
 40
0.381000762001527
 50
0.0
 51
180.0
 73
1
 97
0
 75
0
 76
1
 98
0
1001
ACAD
1010
0.0
1020
0.0
1030
0
  0
HATCH
  5
384
100
AcDbEntity
  8
Multi-Layer
 62
256
370
-1
 48
1.0
  6
ByLayer
100
AcDbHatch
 10
0.0
 20
0.0
 30
0.0
210
0.0
220
0.0
230
1.0
  2
SOLID
 70
1
 71
0
 91
2
 92
1
 93
0
 97
0
 92
1
 93
2
 72
2
 10
58.4440055880111728
 20
26.2000533401066882
 40
0.381000762001527
 50
180.0
 51
0.0
 73
1
 72
2
 10
58.4440055880111728
 20
26.2000533401066882
 40
0.381000762001527
 50
0.0
 51
180.0
 73
1
 97
0
 75
0
 76
1
 98
0
1001
ACAD
1010
0.0
1020
0.0
1030
0
  0
HATCH
  5
385
100
AcDbEntity
  8
Multi-Layer
 62
256
370
-1
 48
1.0
  6
ByLayer
100
AcDbHatch
 10
0.0
 20
0.0
 30
0.0
210
0.0
220
0.0
230
1.0
  2
SOLID
 70
1
 71
0
 91
2
 92
1
 93
0
 97
0
 92
1
 93
2
 72
2
 10
58.4440055880111728
 20
26.2000533401066882
 40
0.381000762001527
 50
180.0
 51
0.0
 73
1
 72
2
 10
58.4440055880111728
 20
26.2000533401066882
 40
0.381000762001527
 50
0.0
 51
180.0
 73
1
 97
0
 75
0
 76
1
 98
0
1001
ACAD
1010
0.0
1020
0.0
1030
0
  0
HATCH
  5
386
100
AcDbEntity
  8
Multi-Layer
 62
256
370
-1
 48
1.0
  6
ByLayer
100
AcDbHatch
 10
0.0
 20
0.0
 30
0.0
210
0.0
220
0.0
230
1.0
  2
SOLID
 70
1
 71
0
 91
2
 92
1
 93
0
 97
0
 92
1
 93
2
 72
2
 10
58.4440055880111728
 20
26.2000533401066882
 40
0.381000762001527
 50
180.0
 51
0.0
 73
1
 72
2
 10
58.4440055880111728
 20
26.2000533401066882
 40
0.381000762001527
 50
0.0
 51
180.0
 73
1
 97
0
 75
0
 76
1
 98
0
1001
ACAD
1010
0.0
1020
0.0
1030
0
  0
HATCH
  5
387
100
AcDbEntity
  8
Multi-Layer
 62
256
370
-1
 48
1.0
  6
ByLayer
100
AcDbHatch
 10
0.0
 20
0.0
 30
0.0
210
0.0
220
0.0
230
1.0
  2
SOLID
 70
1
 71
0
 91
2
 92
1
 93
0
 97
0
 92
1
 93
2
 72
2
 10
58.4440055880111728
 20
26.2000533401066882
 40
0.381000762001527
 50
180.0
 51
0.0
 73
1
 72
2
 10
58.4440055880111728
 20
26.2000533401066882
 40
0.381000762001527
 50
0.0
 51
180.0
 73
1
 97
0
 75
0
 76
1
 98
0
1001
ACAD
1010
0.0
1020
0.0
1030
0
  0
HATCH
  5
388
100
AcDbEntity
  8
Multi-Layer
 62
256
370
-1
 48
1.0
  6
ByLayer
100
AcDbHatch
 10
0.0
 20
0.0
 30
0.0
210
0.0
220
0.0
230
1.0
  2
SOLID
 70
1
 71
0
 91
2
 92
1
 93
0
 97
0
 92
1
 93
2
 72
2
 10
58.4440055880111728
 20
26.2000533401066882
 40
0.381000762001527
 50
180.0
 51
0.0
 73
1
 72
2
 10
58.4440055880111728
 20
26.2000533401066882
 40
0.381000762001527
 50
0.0
 51
180.0
 73
1
 97
0
 75
0
 76
1
 98
0
1001
ACAD
1010
0.0
1020
0.0
1030
0
  0
HATCH
  5
389
100
AcDbEntity
  8
Multi-Layer
 62
256
370
-1
 48
1.0
  6
ByLayer
100
AcDbHatch
 10
0.0
 20
0.0
 30
0.0
210
0.0
220
0.0
230
1.0
  2
SOLID
 70
1
 71
0
 91
2
 92
1
 93
0
 97
0
 92
1
 93
2
 72
2
 10
57.7282092964186049
 20
27.9281508763017605
 40
0.381000762001527
 50
180.0
 51
0.0
 73
1
 72
2
 10
57.7282092964186049
 20
27.9281508763017605
 40
0.381000762001527
 50
0.0
 51
180.0
 73
1
 97
0
 75
0
 76
1
 98
0
1001
ACAD
1010
0.0
1020
0.0
1030
0
  0
HATCH
  5
38A
100
AcDbEntity
  8
Multi-Layer
 62
256
370
-1
 48
1.0
  6
ByLayer
100
AcDbHatch
 10
0.0
 20
0.0
 30
0.0
210
0.0
220
0.0
230
1.0
  2
SOLID
 70
1
 71
0
 91
2
 92
1
 93
0
 97
0
 92
1
 93
2
 72
2
 10
57.7282092964186049
 20
27.9281508763017605
 40
0.381000762001527
 50
180.0
 51
0.0
 73
1
 72
2
 10
57.7282092964186049
 20
27.9281508763017605
 40
0.381000762001527
 50
0.0
 51
180.0
 73
1
 97
0
 75
0
 76
1
 98
0
1001
ACAD
1010
0.0
1020
0.0
1030
0
  0
HATCH
  5
38B
100
AcDbEntity
  8
Multi-Layer
 62
256
370
-1
 48
1.0
  6
ByLayer
100
AcDbHatch
 10
0.0
 20
0.0
 30
0.0
210
0.0
220
0.0
230
1.0
  2
SOLID
 70
1
 71
0
 91
2
 92
1
 93
0
 97
0
 92
1
 93
2
 72
2
 10
57.7282092964186049
 20
27.9281508763017605
 40
0.381000762001527
 50
180.0
 51
0.0
 73
1
 72
2
 10
57.7282092964186049
 20
27.9281508763017605
 40
0.381000762001527
 50
0.0
 51
180.0
 73
1
 97
0
 75
0
 76
1
 98
0
1001
ACAD
1010
0.0
1020
0.0
1030
0
  0
HATCH
  5
38C
100
AcDbEntity
  8
Multi-Layer
 62
256
370
-1
 48
1.0
  6
ByLayer
100
AcDbHatch
 10
0.0
 20
0.0
 30
0.0
210
0.0
220
0.0
230
1.0
  2
SOLID
 70
1
 71
0
 91
2
 92
1
 93
0
 97
0
 92
1
 93
2
 72
2
 10
57.7282092964186049
 20
27.9281508763017605
 40
0.381000762001527
 50
180.0
 51
0.0
 73
1
 72
2
 10
57.7282092964186049
 20
27.9281508763017605
 40
0.381000762001527
 50
0.0
 51
180.0
 73
1
 97
0
 75
0
 76
1
 98
0
1001
ACAD
1010
0.0
1020
0.0
1030
0
  0
HATCH
  5
38D
100
AcDbEntity
  8
Multi-Layer
 62
256
370
-1
 48
1.0
  6
ByLayer
100
AcDbHatch
 10
0.0
 20
0.0
 30
0.0
210
0.0
220
0.0
230
1.0
  2
SOLID
 70
1
 71
0
 91
2
 92
1
 93
0
 97
0
 92
1
 93
2
 72
2
 10
57.7282092964186049
 20
27.9281508763017605
 40
0.381000762001527
 50
180.0
 51
0.0
 73
1
 72
2
 10
57.7282092964186049
 20
27.9281508763017605
 40
0.381000762001527
 50
0.0
 51
180.0
 73
1
 97
0
 75
0
 76
1
 98
0
1001
ACAD
1010
0.0
1020
0.0
1030
0
  0
HATCH
  5
38E
100
AcDbEntity
  8
Multi-Layer
 62
256
370
-1
 48
1.0
  6
ByLayer
100
AcDbHatch
 10
0.0
 20
0.0
 30
0.0
210
0.0
220
0.0
230
1.0
  2
SOLID
 70
1
 71
0
 91
2
 92
1
 93
0
 97
0
 92
1
 93
2
 72
2
 10
57.7282092964186049
 20
27.9281508763017605
 40
0.381000762001527
 50
180.0
 51
0.0
 73
1
 72
2
 10
57.7282092964186049
 20
27.9281508763017605
 40
0.381000762001527
 50
0.0
 51
180.0
 73
1
 97
0
 75
0
 76
1
 98
0
1001
ACAD
1010
0.0
1020
0.0
1030
0
  0
HATCH
  5
38F
100
AcDbEntity
  8
Multi-Layer
 62
256
370
-1
 48
1.0
  6
ByLayer
100
AcDbHatch
 10
0.0
 20
0.0
 30
0.0
210
0.0
220
0.0
230
1.0
  2
SOLID
 70
1
 71
0
 91
2
 92
1
 93
0
 97
0
 92
1
 93
2
 72
2
 10
56.0001117602235254
 20
28.6439471678943427
 40
0.381000762001527
 50
180.0
 51
0.0
 73
1
 72
2
 10
56.0001117602235254
 20
28.6439471678943427
 40
0.381000762001527
 50
0.0
 51
180.0
 73
1
 97
0
 75
0
 76
1
 98
0
1001
ACAD
1010
0.0
1020
0.0
1030
0
  0
HATCH
  5
390
100
AcDbEntity
  8
Multi-Layer
 62
256
370
-1
 48
1.0
  6
ByLayer
100
AcDbHatch
 10
0.0
 20
0.0
 30
0.0
210
0.0
220
0.0
230
1.0
  2
SOLID
 70
1
 71
0
 91
2
 92
1
 93
0
 97
0
 92
1
 93
2
 72
2
 10
56.0001117602235254
 20
28.6439471678943427
 40
0.381000762001527
 50
180.0
 51
0.0
 73
1
 72
2
 10
56.0001117602235254
 20
28.6439471678943427
 40
0.381000762001527
 50
0.0
 51
180.0
 73
1
 97
0
 75
0
 76
1
 98
0
1001
ACAD
1010
0.0
1020
0.0
1030
0
  0
HATCH
  5
391
100
AcDbEntity
  8
Multi-Layer
 62
256
370
-1
 48
1.0
  6
ByLayer
100
AcDbHatch
 10
0.0
 20
0.0
 30
0.0
210
0.0
220
0.0
230
1.0
  2
SOLID
 70
1
 71
0
 91
2
 92
1
 93
0
 97
0
 92
1
 93
2
 72
2
 10
56.0001117602235254
 20
28.6439471678943427
 40
0.381000762001527
 50
180.0
 51
0.0
 73
1
 72
2
 10
56.0001117602235254
 20
28.6439471678943427
 40
0.381000762001527
 50
0.0
 51
180.0
 73
1
 97
0
 75
0
 76
1
 98
0
1001
ACAD
1010
0.0
1020
0.0
1030
0
  0
HATCH
  5
392
100
AcDbEntity
  8
Multi-Layer
 62
256
370
-1
 48
1.0
  6
ByLayer
100
AcDbHatch
 10
0.0
 20
0.0
 30
0.0
210
0.0
220
0.0
230
1.0
  2
SOLID
 70
1
 71
0
 91
2
 92
1
 93
0
 97
0
 92
1
 93
2
 72
2
 10
56.0001117602235254
 20
28.6439471678943427
 40
0.381000762001527
 50
180.0
 51
0.0
 73
1
 72
2
 10
56.0001117602235254
 20
28.6439471678943427
 40
0.381000762001527
 50
0.0
 51
180.0
 73
1
 97
0
 75
0
 76
1
 98
0
1001
ACAD
1010
0.0
1020
0.0
1030
0
  0
HATCH
  5
393
100
AcDbEntity
  8
Multi-Layer
 62
256
370
-1
 48
1.0
  6
ByLayer
100
AcDbHatch
 10
0.0
 20
0.0
 30
0.0
210
0.0
220
0.0
230
1.0
  2
SOLID
 70
1
 71
0
 91
2
 92
1
 93
0
 97
0
 92
1
 93
2
 72
2
 10
56.0001117602235254
 20
28.6439471678943427
 40
0.381000762001527
 50
180.0
 51
0.0
 73
1
 72
2
 10
56.0001117602235254
 20
28.6439471678943427
 40
0.381000762001527
 50
0.0
 51
180.0
 73
1
 97
0
 75
0
 76
1
 98
0
1001
ACAD
1010
0.0
1020
0.0
1030
0
  0
HATCH
  5
394
100
AcDbEntity
  8
Multi-Layer
 62
256
370
-1
 48
1.0
  6
ByLayer
100
AcDbHatch
 10
0.0
 20
0.0
 30
0.0
210
0.0
220
0.0
230
1.0
  2
SOLID
 70
1
 71
0
 91
2
 92
1
 93
0
 97
0
 92
1
 93
2
 72
2
 10
56.0001117602235254
 20
28.6439471678943427
 40
0.381000762001527
 50
180.0
 51
0.0
 73
1
 72
2
 10
56.0001117602235254
 20
28.6439471678943427
 40
0.381000762001527
 50
0.0
 51
180.0
 73
1
 97
0
 75
0
 76
1
 98
0
1001
ACAD
1010
0.0
1020
0.0
1030
0
  0
HATCH
  5
395
100
AcDbEntity
  8
Multi-Layer
 62
256
370
-1
 48
1.0
  6
ByLayer
100
AcDbHatch
 10
0.0
 20
0.0
 30
0.0
210
0.0
220
0.0
230
1.0
  2
SOLID
 70
1
 71
0
 91
2
 92
1
 93
0
 97
0
 92
1
 93
2
 72
2
 10
54.272019304038615
 20
27.9281457962915987
 40
0.381000762001527
 50
180.0
 51
0.0
 73
1
 72
2
 10
54.272019304038615
 20
27.9281457962915987
 40
0.381000762001527
 50
0.0
 51
180.0
 73
1
 97
0
 75
0
 76
1
 98
0
1001
ACAD
1010
0.0
1020
0.0
1030
0
  0
HATCH
  5
396
100
AcDbEntity
  8
Multi-Layer
 62
256
370
-1
 48
1.0
  6
ByLayer
100
AcDbHatch
 10
0.0
 20
0.0
 30
0.0
210
0.0
220
0.0
230
1.0
  2
SOLID
 70
1
 71
0
 91
2
 92
1
 93
0
 97
0
 92
1
 93
2
 72
2
 10
54.272019304038615
 20
27.9281457962915987
 40
0.381000762001527
 50
180.0
 51
0.0
 73
1
 72
2
 10
54.272019304038615
 20
27.9281457962915987
 40
0.381000762001527
 50
0.0
 51
180.0
 73
1
 97
0
 75
0
 76
1
 98
0
1001
ACAD
1010
0.0
1020
0.0
1030
0
  0
HATCH
  5
397
100
AcDbEntity
  8
Multi-Layer
 62
256
370
-1
 48
1.0
  6
ByLayer
100
AcDbHatch
 10
0.0
 20
0.0
 30
0.0
210
0.0
220
0.0
230
1.0
  2
SOLID
 70
1
 71
0
 91
2
 92
1
 93
0
 97
0
 92
1
 93
2
 72
2
 10
54.272019304038615
 20
27.9281457962915987
 40
0.381000762001527
 50
180.0
 51
0.0
 73
1
 72
2
 10
54.272019304038615
 20
27.9281457962915987
 40
0.381000762001527
 50
0.0
 51
180.0
 73
1
 97
0
 75
0
 76
1
 98
0
1001
ACAD
1010
0.0
1020
0.0
1030
0
  0
HATCH
  5
398
100
AcDbEntity
  8
Multi-Layer
 62
256
370
-1
 48
1.0
  6
ByLayer
100
AcDbHatch
 10
0.0
 20
0.0
 30
0.0
210
0.0
220
0.0
230
1.0
  2
SOLID
 70
1
 71
0
 91
2
 92
1
 93
0
 97
0
 92
1
 93
2
 72
2
 10
54.272019304038615
 20
27.9281457962915987
 40
0.381000762001527
 50
180.0
 51
0.0
 73
1
 72
2
 10
54.272019304038615
 20
27.9281457962915987
 40
0.381000762001527
 50
0.0
 51
180.0
 73
1
 97
0
 75
0
 76
1
 98
0
1001
ACAD
1010
0.0
1020
0.0
1030
0
  0
HATCH
  5
399
100
AcDbEntity
  8
Multi-Layer
 62
256
370
-1
 48
1.0
  6
ByLayer
100
AcDbHatch
 10
0.0
 20
0.0
 30
0.0
210
0.0
220
0.0
230
1.0
  2
SOLID
 70
1
 71
0
 91
2
 92
1
 93
0
 97
0
 92
1
 93
2
 72
2
 10
54.272019304038615
 20
27.9281457962915987
 40
0.381000762001527
 50
180.0
 51
0.0
 73
1
 72
2
 10
54.272019304038615
 20
27.9281457962915987
 40
0.381000762001527
 50
0.0
 51
180.0
 73
1
 97
0
 75
0
 76
1
 98
0
1001
ACAD
1010
0.0
1020
0.0
1030
0
  0
HATCH
  5
39A
100
AcDbEntity
  8
Multi-Layer
 62
256
370
-1
 48
1.0
  6
ByLayer
100
AcDbHatch
 10
0.0
 20
0.0
 30
0.0
210
0.0
220
0.0
230
1.0
  2
SOLID
 70
1
 71
0
 91
2
 92
1
 93
0
 97
0
 92
1
 93
2
 72
2
 10
54.272019304038615
 20
27.9281457962915987
 40
0.381000762001527
 50
180.0
 51
0.0
 73
1
 72
2
 10
54.272019304038615
 20
27.9281457962915987
 40
0.381000762001527
 50
0.0
 51
180.0
 73
1
 97
0
 75
0
 76
1
 98
0
1001
ACAD
1010
0.0
1020
0.0
1030
0
  0
HATCH
  5
39B
100
AcDbEntity
  8
Multi-Layer
 62
256
370
-1
 48
1.0
  6
ByLayer
100
AcDbHatch
 10
0.0
 20
0.0
 30
0.0
210
0.0
220
0.0
230
1.0
  2
SOLID
 70
1
 71
0
 91
2
 92
1
 93
0
 97
0
 92
1
 93
2
 72
2
 10
56.0001117602235254
 20
26.2000533401066882
 40
3.2500012700025422
 50
180.0
 51
0.0
 73
1
 72
2
 10
56.0001117602235254
 20
26.2000533401066882
 40
3.2500012700025422
 50
0.0
 51
180.0
 73
1
 97
0
 75
0
 76
1
 98
0
1001
ACAD
1010
0.0
1020
0.0
1030
0
  0
HATCH
  5
39C
100
AcDbEntity
  8
Multi-Layer
 62
256
370
-1
 48
1.0
  6
ByLayer
100
AcDbHatch
 10
0.0
 20
0.0
 30
0.0
210
0.0
220
0.0
230
1.0
  2
SOLID
 70
1
 71
0
 91
2
 92
1
 93
0
 97
0
 92
1
 93
2
 72
2
 10
56.0001117602235254
 20
26.2000533401066882
 40
3.2500012700025422
 50
180.0
 51
0.0
 73
1
 72
2
 10
56.0001117602235254
 20
26.2000533401066882
 40
3.2500012700025422
 50
0.0
 51
180.0
 73
1
 97
0
 75
0
 76
1
 98
0
1001
ACAD
1010
0.0
1020
0.0
1030
0
  0
HATCH
  5
39D
100
AcDbEntity
  8
Multi-Layer
 62
256
370
-1
 48
1.0
  6
ByLayer
100
AcDbHatch
 10
0.0
 20
0.0
 30
0.0
210
0.0
220
0.0
230
1.0
  2
SOLID
 70
1
 71
0
 91
2
 92
1
 93
0
 97
0
 92
1
 93
2
 72
2
 10
56.0001117602235254
 20
26.2000533401066882
 40
3.2500012700025422
 50
180.0
 51
0.0
 73
1
 72
2
 10
56.0001117602235254
 20
26.2000533401066882
 40
3.2500012700025422
 50
0.0
 51
180.0
 73
1
 97
0
 75
0
 76
1
 98
0
1001
ACAD
1010
0.0
1020
0.0
1030
0
  0
HATCH
  5
39E
100
AcDbEntity
  8
Multi-Layer
 62
256
370
-1
 48
1.0
  6
ByLayer
100
AcDbHatch
 10
0.0
 20
0.0
 30
0.0
210
0.0
220
0.0
230
1.0
  2
SOLID
 70
1
 71
0
 91
2
 92
1
 93
0
 97
0
 92
1
 93
2
 72
2
 10
56.0001117602235254
 20
26.2000533401066882
 40
3.2500012700025422
 50
180.0
 51
0.0
 73
1
 72
2
 10
56.0001117602235254
 20
26.2000533401066882
 40
3.2500012700025422
 50
0.0
 51
180.0
 73
1
 97
0
 75
0
 76
1
 98
0
1001
ACAD
1010
0.0
1020
0.0
1030
0
  0
HATCH
  5
39F
100
AcDbEntity
  8
Multi-Layer
 62
256
370
-1
 48
1.0
  6
ByLayer
100
AcDbHatch
 10
0.0
 20
0.0
 30
0.0
210
0.0
220
0.0
230
1.0
  2
SOLID
 70
1
 71
0
 91
2
 92
1
 93
0
 97
0
 92
1
 93
2
 72
2
 10
56.0001117602235254
 20
26.2000533401066882
 40
3.2500012700025422
 50
180.0
 51
0.0
 73
1
 72
2
 10
56.0001117602235254
 20
26.2000533401066882
 40
3.2500012700025422
 50
0.0
 51
180.0
 73
1
 97
0
 75
0
 76
1
 98
0
1001
ACAD
1010
0.0
1020
0.0
1030
0
  0
HATCH
  5
3A0
100
AcDbEntity
  8
Multi-Layer
 62
256
370
-1
 48
1.0
  6
ByLayer
100
AcDbHatch
 10
0.0
 20
0.0
 30
0.0
210
0.0
220
0.0
230
1.0
  2
SOLID
 70
1
 71
0
 91
2
 92
1
 93
0
 97
0
 92
1
 93
2
 72
2
 10
56.0001117602235254
 20
26.2000533401066882
 40
3.2500012700025422
 50
180.0
 51
0.0
 73
1
 72
2
 10
56.0001117602235254
 20
26.2000533401066882
 40
3.2500012700025422
 50
0.0
 51
180.0
 73
1
 97
0
 75
0
 76
1
 98
0
1001
ACAD
1010
0.0
1020
0.0
1030
0
  0
HATCH
  5
3A1
100
AcDbEntity
  8
Multi-Layer
 62
256
370
-1
 48
1.0
  6
ByLayer
100
AcDbHatch
 10
0.0
 20
0.0
 30
0.0
210
0.0
220
0.0
230
1.0
  2
SOLID
 70
1
 71
0
 91
2
 92
1
 93
0
 97
0
 92
1
 93
2
 72
2
 10
19.6850393700787443
 20
24.3840487680975393
 40
1.0
 50
180.0
 51
0.0
 73
1
 72
2
 10
19.6850393700787443
 20
24.3840487680975393
 40
1.0
 50
0.0
 51
180.0
 73
1
 97
0
 75
0
 76
1
 98
0
1001
ACAD
1010
0.0
1020
0.0
1030
0
  0
HATCH
  5
3A2
100
AcDbEntity
  8
Multi-Layer
 62
256
370
-1
 48
1.0
  6
ByLayer
100
AcDbHatch
 10
0.0
 20
0.0
 30
0.0
210
0.0
220
0.0
230
1.0
  2
SOLID
 70
1
 71
0
 91
2
 92
1
 93
0
 97
0
 92
1
 93
2
 72
2
 10
19.6850393700787443
 20
24.3840487680975393
 40
1.0
 50
180.0
 51
0.0
 73
1
 72
2
 10
19.6850393700787443
 20
24.3840487680975393
 40
1.0
 50
0.0
 51
180.0
 73
1
 97
0
 75
0
 76
1
 98
0
1001
ACAD
1010
0.0
1020
0.0
1030
0
  0
HATCH
  5
3A3
100
AcDbEntity
  8
Multi-Layer
 62
256
370
-1
 48
1.0
  6
ByLayer
100
AcDbHatch
 10
0.0
 20
0.0
 30
0.0
210
0.0
220
0.0
230
1.0
  2
SOLID
 70
1
 71
0
 91
2
 92
1
 93
0
 97
0
 92
1
 93
2
 72
2
 10
19.6850393700787443
 20
24.3840487680975393
 40
1.0
 50
180.0
 51
0.0
 73
1
 72
2
 10
19.6850393700787443
 20
24.3840487680975393
 40
1.0
 50
0.0
 51
180.0
 73
1
 97
0
 75
0
 76
1
 98
0
1001
ACAD
1010
0.0
1020
0.0
1030
0
  0
HATCH
  5
3A4
100
AcDbEntity
  8
Multi-Layer
 62
256
370
-1
 48
1.0
  6
ByLayer
100
AcDbHatch
 10
0.0
 20
0.0
 30
0.0
210
0.0
220
0.0
230
1.0
  2
SOLID
 70
1
 71
0
 91
2
 92
1
 93
0
 97
0
 92
1
 93
2
 72
2
 10
19.6850393700787443
 20
24.3840487680975393
 40
1.0
 50
180.0
 51
0.0
 73
1
 72
2
 10
19.6850393700787443
 20
24.3840487680975393
 40
1.0
 50
0.0
 51
180.0
 73
1
 97
0
 75
0
 76
1
 98
0
1001
ACAD
1010
0.0
1020
0.0
1030
0
  0
HATCH
  5
3A5
100
AcDbEntity
  8
Multi-Layer
 62
256
370
-1
 48
1.0
  6
ByLayer
100
AcDbHatch
 10
0.0
 20
0.0
 30
0.0
210
0.0
220
0.0
230
1.0
  2
SOLID
 70
1
 71
0
 91
2
 92
1
 93
0
 97
0
 92
1
 93
2
 72
2
 10
19.6850393700787443
 20
24.3840487680975393
 40
1.0
 50
180.0
 51
0.0
 73
1
 72
2
 10
19.6850393700787443
 20
24.3840487680975393
 40
1.0
 50
0.0
 51
180.0
 73
1
 97
0
 75
0
 76
1
 98
0
1001
ACAD
1010
0.0
1020
0.0
1030
0
  0
HATCH
  5
3A6
100
AcDbEntity
  8
Multi-Layer
 62
256
370
-1
 48
1.0
  6
ByLayer
100
AcDbHatch
 10
0.0
 20
0.0
 30
0.0
210
0.0
220
0.0
230
1.0
  2
SOLID
 70
1
 71
0
 91
2
 92
1
 93
0
 97
0
 92
1
 93
2
 72
2
 10
19.6850393700787443
 20
24.3840487680975393
 40
1.0
 50
180.0
 51
0.0
 73
1
 72
2
 10
19.6850393700787443
 20
24.3840487680975393
 40
1.0
 50
0.0
 51
180.0
 73
1
 97
0
 75
0
 76
1
 98
0
1001
ACAD
1010
0.0
1020
0.0
1030
0
  0
HATCH
  5
3A7
100
AcDbEntity
  8
Multi-Layer
 62
256
370
-1
 48
1.0
  6
ByLayer
100
AcDbHatch
 10
0.0
 20
0.0
 30
0.0
210
0.0
220
0.0
230
1.0
  2
SOLID
 70
1
 71
0
 91
2
 92
1
 93
0
 97
0
 92
1
 93
2
 72
2
 10
14.6050292100584223
 20
24.3840487680975393
 40
1.0
 50
180.0
 51
0.0
 73
1
 72
2
 10
14.6050292100584223
 20
24.3840487680975393
 40
1.0
 50
0.0
 51
180.0
 73
1
 97
0
 75
0
 76
1
 98
0
1001
ACAD
1010
0.0
1020
0.0
1030
0
  0
HATCH
  5
3A8
100
AcDbEntity
  8
Multi-Layer
 62
256
370
-1
 48
1.0
  6
ByLayer
100
AcDbHatch
 10
0.0
 20
0.0
 30
0.0
210
0.0
220
0.0
230
1.0
  2
SOLID
 70
1
 71
0
 91
2
 92
1
 93
0
 97
0
 92
1
 93
2
 72
2
 10
14.6050292100584223
 20
24.3840487680975393
 40
1.0
 50
180.0
 51
0.0
 73
1
 72
2
 10
14.6050292100584223
 20
24.3840487680975393
 40
1.0
 50
0.0
 51
180.0
 73
1
 97
0
 75
0
 76
1
 98
0
1001
ACAD
1010
0.0
1020
0.0
1030
0
  0
HATCH
  5
3A9
100
AcDbEntity
  8
Multi-Layer
 62
256
370
-1
 48
1.0
  6
ByLayer
100
AcDbHatch
 10
0.0
 20
0.0
 30
0.0
210
0.0
220
0.0
230
1.0
  2
SOLID
 70
1
 71
0
 91
2
 92
1
 93
0
 97
0
 92
1
 93
2
 72
2
 10
14.6050292100584223
 20
24.3840487680975393
 40
1.0
 50
180.0
 51
0.0
 73
1
 72
2
 10
14.6050292100584223
 20
24.3840487680975393
 40
1.0
 50
0.0
 51
180.0
 73
1
 97
0
 75
0
 76
1
 98
0
1001
ACAD
1010
0.0
1020
0.0
1030
0
  0
HATCH
  5
3AA
100
AcDbEntity
  8
Multi-Layer
 62
256
370
-1
 48
1.0
  6
ByLayer
100
AcDbHatch
 10
0.0
 20
0.0
 30
0.0
210
0.0
220
0.0
230
1.0
  2
SOLID
 70
1
 71
0
 91
2
 92
1
 93
0
 97
0
 92
1
 93
2
 72
2
 10
14.6050292100584223
 20
24.3840487680975393
 40
1.0
 50
180.0
 51
0.0
 73
1
 72
2
 10
14.6050292100584223
 20
24.3840487680975393
 40
1.0
 50
0.0
 51
180.0
 73
1
 97
0
 75
0
 76
1
 98
0
1001
ACAD
1010
0.0
1020
0.0
1030
0
  0
HATCH
  5
3AB
100
AcDbEntity
  8
Multi-Layer
 62
256
370
-1
 48
1.0
  6
ByLayer
100
AcDbHatch
 10
0.0
 20
0.0
 30
0.0
210
0.0
220
0.0
230
1.0
  2
SOLID
 70
1
 71
0
 91
2
 92
1
 93
0
 97
0
 92
1
 93
2
 72
2
 10
14.6050292100584223
 20
24.3840487680975393
 40
1.0
 50
180.0
 51
0.0
 73
1
 72
2
 10
14.6050292100584223
 20
24.3840487680975393
 40
1.0
 50
0.0
 51
180.0
 73
1
 97
0
 75
0
 76
1
 98
0
1001
ACAD
1010
0.0
1020
0.0
1030
0
  0
HATCH
  5
3AC
100
AcDbEntity
  8
Multi-Layer
 62
256
370
-1
 48
1.0
  6
ByLayer
100
AcDbHatch
 10
0.0
 20
0.0
 30
0.0
210
0.0
220
0.0
230
1.0
  2
SOLID
 70
1
 71
0
 91
2
 92
1
 93
0
 97
0
 92
1
 93
2
 72
2
 10
14.6050292100584223
 20
24.3840487680975393
 40
1.0
 50
180.0
 51
0.0
 73
1
 72
2
 10
14.6050292100584223
 20
24.3840487680975393
 40
1.0
 50
0.0
 51
180.0
 73
1
 97
0
 75
0
 76
1
 98
0
1001
ACAD
1010
0.0
1020
0.0
1030
0
  0
LWPOLYLINE
  5
3AD
100
AcDbEntity
  8
Multi-Layer
 62
256
370
-1
 48
1.0
  6
ByLayer
100
AcDbPolyline
 90
4
 70
1
 10
7.5700127000253978
 20
28.5000558801117698
 10
5.9700127000253929
 20
28.5000558801117698
 10
5.9700127000253929
 20
26.9000558801117684
 10
7.5700127000253978
 20
26.9000558801117684
  0
HATCH
  5
3AE
100
AcDbEntity
  8
Multi-Layer
 62
256
370
-1
 48
1.0
  6
ByLayer
100
AcDbHatch
 10
0.0
 20
0.0
 30
0.0
210
0.0
220
0.0
230
1.0
  2
SOLID
 70
1
 71
0
 91
2
 92
1
 93
0
 97
0
 92
1
 93
4
 72
1
 10
7.5700127000253978
 20
28.5000558801117698
 11
5.9700127000253929
 21
28.5000558801117698
 72
1
 10
5.9700127000253929
 20
28.5000558801117698
 11
5.9700127000253929
 21
26.9000558801117684
 72
1
 10
5.9700127000253929
 20
26.9000558801117684
 11
7.5700127000253978
 21
26.9000558801117684
 72
1
 10
7.5700127000253978
 20
26.9000558801117684
 11
7.5700127000253978
 21
28.5000558801117698
 97
0
 75
0
 76
1
 98
0
1001
ACAD
1010
0.0
1020
0.0
1030
0
  0
LWPOLYLINE
  5
3AF
100
AcDbEntity
  8
Multi-Layer
 62
256
370
-1
 48
1.0
  6
ByLayer
100
AcDbPolyline
 90
4
 70
1
 10
7.5700127000253978
 20
28.5000558801117698
 10
5.9700127000253929
 20
28.5000558801117698
 10
5.9700127000253929
 20
26.9000558801117684
 10
7.5700127000253978
 20
26.9000558801117684
  0
HATCH
  5
3B0
100
AcDbEntity
  8
Multi-Layer
 62
256
370
-1
 48
1.0
  6
ByLayer
100
AcDbHatch
 10
0.0
 20
0.0
 30
0.0
210
0.0
220
0.0
230
1.0
  2
SOLID
 70
1
 71
0
 91
2
 92
1
 93
0
 97
0
 92
1
 93
4
 72
1
 10
7.5700127000253978
 20
28.5000558801117698
 11
5.9700127000253929
 21
28.5000558801117698
 72
1
 10
5.9700127000253929
 20
28.5000558801117698
 11
5.9700127000253929
 21
26.9000558801117684
 72
1
 10
5.9700127000253929
 20
26.9000558801117684
 11
7.5700127000253978
 21
26.9000558801117684
 72
1
 10
7.5700127000253978
 20
26.9000558801117684
 11
7.5700127000253978
 21
28.5000558801117698
 97
0
 75
0
 76
1
 98
0
1001
ACAD
1010
0.0
1020
0.0
1030
0
  0
LWPOLYLINE
  5
3B1
100
AcDbEntity
  8
Multi-Layer
 62
256
370
-1
 48
1.0
  6
ByLayer
100
AcDbPolyline
 90
4
 70
1
 10
7.5700127000253978
 20
28.5000558801117698
 10
5.9700127000253929
 20
28.5000558801117698
 10
5.9700127000253929
 20
26.9000558801117684
 10
7.5700127000253978
 20
26.9000558801117684
  0
HATCH
  5
3B2
100
AcDbEntity
  8
Multi-Layer
 62
256
370
-1
 48
1.0
  6
ByLayer
100
AcDbHatch
 10
0.0
 20
0.0
 30
0.0
210
0.0
220
0.0
230
1.0
  2
SOLID
 70
1
 71
0
 91
2
 92
1
 93
0
 97
0
 92
1
 93
4
 72
1
 10
7.5700127000253978
 20
28.5000558801117698
 11
5.9700127000253929
 21
28.5000558801117698
 72
1
 10
5.9700127000253929
 20
28.5000558801117698
 11
5.9700127000253929
 21
26.9000558801117684
 72
1
 10
5.9700127000253929
 20
26.9000558801117684
 11
7.5700127000253978
 21
26.9000558801117684
 72
1
 10
7.5700127000253978
 20
26.9000558801117684
 11
7.5700127000253978
 21
28.5000558801117698
 97
0
 75
0
 76
1
 98
0
1001
ACAD
1010
0.0
1020
0.0
1030
0
  0
HATCH
  5
3B3
100
AcDbEntity
  8
Multi-Layer
 62
256
370
-1
 48
1.0
  6
ByLayer
100
AcDbHatch
 10
0.0
 20
0.0
 30
0.0
210
0.0
220
0.0
230
1.0
  2
SOLID
 70
1
 71
0
 91
2
 92
1
 93
0
 97
0
 92
1
 93
2
 72
2
 10
4.2300076200152343
 20
27.7000558801117691
 40
0.7999999999999998
 50
180.0
 51
0.0
 73
1
 72
2
 10
4.2300076200152343
 20
27.7000558801117691
 40
0.7999999999999998
 50
0.0
 51
180.0
 73
1
 97
0
 75
0
 76
1
 98
0
1001
ACAD
1010
0.0
1020
0.0
1030
0
  0
HATCH
  5
3B4
100
AcDbEntity
  8
Multi-Layer
 62
256
370
-1
 48
1.0
  6
ByLayer
100
AcDbHatch
 10
0.0
 20
0.0
 30
0.0
210
0.0
220
0.0
230
1.0
  2
SOLID
 70
1
 71
0
 91
2
 92
1
 93
0
 97
0
 92
1
 93
2
 72
2
 10
4.2300076200152343
 20
27.7000558801117691
 40
0.7999999999999998
 50
180.0
 51
0.0
 73
1
 72
2
 10
4.2300076200152343
 20
27.7000558801117691
 40
0.7999999999999998
 50
0.0
 51
180.0
 73
1
 97
0
 75
0
 76
1
 98
0
1001
ACAD
1010
0.0
1020
0.0
1030
0
  0
HATCH
  5
3B5
100
AcDbEntity
  8
Multi-Layer
 62
256
370
-1
 48
1.0
  6
ByLayer
100
AcDbHatch
 10
0.0
 20
0.0
 30
0.0
210
0.0
220
0.0
230
1.0
  2
SOLID
 70
1
 71
0
 91
2
 92
1
 93
0
 97
0
 92
1
 93
2
 72
2
 10
4.2300076200152343
 20
27.7000558801117691
 40
0.7999999999999998
 50
180.0
 51
0.0
 73
1
 72
2
 10
4.2300076200152343
 20
27.7000558801117691
 40
0.7999999999999998
 50
0.0
 51
180.0
 73
1
 97
0
 75
0
 76
1
 98
0
1001
ACAD
1010
0.0
1020
0.0
1030
0
  0
HATCH
  5
3B6
100
AcDbEntity
  8
Multi-Layer
 62
256
370
-1
 48
1.0
  6
ByLayer
100
AcDbHatch
 10
0.0
 20
0.0
 30
0.0
210
0.0
220
0.0
230
1.0
  2
SOLID
 70
1
 71
0
 91
2
 92
1
 93
0
 97
0
 92
1
 93
2
 72
2
 10
4.2300076200152343
 20
27.7000558801117691
 40
0.7999999999999998
 50
180.0
 51
0.0
 73
1
 72
2
 10
4.2300076200152343
 20
27.7000558801117691
 40
0.7999999999999998
 50
0.0
 51
180.0
 73
1
 97
0
 75
0
 76
1
 98
0
1001
ACAD
1010
0.0
1020
0.0
1030
0
  0
HATCH
  5
3B7
100
AcDbEntity
  8
Multi-Layer
 62
256
370
-1
 48
1.0
  6
ByLayer
100
AcDbHatch
 10
0.0
 20
0.0
 30
0.0
210
0.0
220
0.0
230
1.0
  2
SOLID
 70
1
 71
0
 91
2
 92
1
 93
0
 97
0
 92
1
 93
2
 72
2
 10
4.2300076200152343
 20
27.7000558801117691
 40
0.7999999999999998
 50
180.0
 51
0.0
 73
1
 72
2
 10
4.2300076200152343
 20
27.7000558801117691
 40
0.7999999999999998
 50
0.0
 51
180.0
 73
1
 97
0
 75
0
 76
1
 98
0
1001
ACAD
1010
0.0
1020
0.0
1030
0
  0
HATCH
  5
3B8
100
AcDbEntity
  8
Multi-Layer
 62
256
370
-1
 48
1.0
  6
ByLayer
100
AcDbHatch
 10
0.0
 20
0.0
 30
0.0
210
0.0
220
0.0
230
1.0
  2
SOLID
 70
1
 71
0
 91
2
 92
1
 93
0
 97
0
 92
1
 93
2
 72
2
 10
4.2300076200152343
 20
27.7000558801117691
 40
0.7999999999999998
 50
180.0
 51
0.0
 73
1
 72
2
 10
4.2300076200152343
 20
27.7000558801117691
 40
0.7999999999999998
 50
0.0
 51
180.0
 73
1
 97
0
 75
0
 76
1
 98
0
1001
ACAD
1010
0.0
1020
0.0
1030
0
  0
HATCH
  5
3B9
100
AcDbEntity
  8
Multi-Layer
 62
256
370
-1
 48
1.0
  6
ByLayer
100
AcDbHatch
 10
0.0
 20
0.0
 30
0.0
210
0.0
220
0.0
230
1.0
  2
SOLID
 70
1
 71
0
 91
2
 92
1
 93
0
 97
0
 92
1
 93
2
 72
2
 10
6.7700127000254007
 20
25.1600508001016081
 40
0.7999999999999998
 50
180.0
 51
0.0
 73
1
 72
2
 10
6.7700127000254007
 20
25.1600508001016081
 40
0.7999999999999998
 50
0.0
 51
180.0
 73
1
 97
0
 75
0
 76
1
 98
0
1001
ACAD
1010
0.0
1020
0.0
1030
0
  0
HATCH
  5
3BA
100
AcDbEntity
  8
Multi-Layer
 62
256
370
-1
 48
1.0
  6
ByLayer
100
AcDbHatch
 10
0.0
 20
0.0
 30
0.0
210
0.0
220
0.0
230
1.0
  2
SOLID
 70
1
 71
0
 91
2
 92
1
 93
0
 97
0
 92
1
 93
2
 72
2
 10
6.7700127000254007
 20
25.1600508001016081
 40
0.7999999999999998
 50
180.0
 51
0.0
 73
1
 72
2
 10
6.7700127000254007
 20
25.1600508001016081
 40
0.7999999999999998
 50
0.0
 51
180.0
 73
1
 97
0
 75
0
 76
1
 98
0
1001
ACAD
1010
0.0
1020
0.0
1030
0
  0
HATCH
  5
3BB
100
AcDbEntity
  8
Multi-Layer
 62
256
370
-1
 48
1.0
  6
ByLayer
100
AcDbHatch
 10
0.0
 20
0.0
 30
0.0
210
0.0
220
0.0
230
1.0
  2
SOLID
 70
1
 71
0
 91
2
 92
1
 93
0
 97
0
 92
1
 93
2
 72
2
 10
6.7700127000254007
 20
25.1600508001016081
 40
0.7999999999999998
 50
180.0
 51
0.0
 73
1
 72
2
 10
6.7700127000254007
 20
25.1600508001016081
 40
0.7999999999999998
 50
0.0
 51
180.0
 73
1
 97
0
 75
0
 76
1
 98
0
1001
ACAD
1010
0.0
1020
0.0
1030
0
  0
HATCH
  5
3BC
100
AcDbEntity
  8
Multi-Layer
 62
256
370
-1
 48
1.0
  6
ByLayer
100
AcDbHatch
 10
0.0
 20
0.0
 30
0.0
210
0.0
220
0.0
230
1.0
  2
SOLID
 70
1
 71
0
 91
2
 92
1
 93
0
 97
0
 92
1
 93
2
 72
2
 10
6.7700127000254007
 20
25.1600508001016081
 40
0.7999999999999998
 50
180.0
 51
0.0
 73
1
 72
2
 10
6.7700127000254007
 20
25.1600508001016081
 40
0.7999999999999998
 50
0.0
 51
180.0
 73
1
 97
0
 75
0
 76
1
 98
0
1001
ACAD
1010
0.0
1020
0.0
1030
0
  0
HATCH
  5
3BD
100
AcDbEntity
  8
Multi-Layer
 62
256
370
-1
 48
1.0
  6
ByLayer
100
AcDbHatch
 10
0.0
 20
0.0
 30
0.0
210
0.0
220
0.0
230
1.0
  2
SOLID
 70
1
 71
0
 91
2
 92
1
 93
0
 97
0
 92
1
 93
2
 72
2
 10
6.7700127000254007
 20
25.1600508001016081
 40
0.7999999999999998
 50
180.0
 51
0.0
 73
1
 72
2
 10
6.7700127000254007
 20
25.1600508001016081
 40
0.7999999999999998
 50
0.0
 51
180.0
 73
1
 97
0
 75
0
 76
1
 98
0
1001
ACAD
1010
0.0
1020
0.0
1030
0
  0
HATCH
  5
3BE
100
AcDbEntity
  8
Multi-Layer
 62
256
370
-1
 48
1.0
  6
ByLayer
100
AcDbHatch
 10
0.0
 20
0.0
 30
0.0
210
0.0
220
0.0
230
1.0
  2
SOLID
 70
1
 71
0
 91
2
 92
1
 93
0
 97
0
 92
1
 93
2
 72
2
 10
6.7700127000254007
 20
25.1600508001016081
 40
0.7999999999999998
 50
180.0
 51
0.0
 73
1
 72
2
 10
6.7700127000254007
 20
25.1600508001016081
 40
0.7999999999999998
 50
0.0
 51
180.0
 73
1
 97
0
 75
0
 76
1
 98
0
1001
ACAD
1010
0.0
1020
0.0
1030
0
  0
HATCH
  5
3BF
100
AcDbEntity
  8
Multi-Layer
 62
256
370
-1
 48
1.0
  6
ByLayer
100
AcDbHatch
 10
0.0
 20
0.0
 30
0.0
210
0.0
220
0.0
230
1.0
  2
SOLID
 70
1
 71
0
 91
2
 92
1
 93
0
 97
0
 92
1
 93
2
 72
2
 10
4.2300076200152343
 20
25.1600508001016081
 40
0.7999999999999998
 50
180.0
 51
0.0
 73
1
 72
2
 10
4.2300076200152343
 20
25.1600508001016081
 40
0.7999999999999998
 50
0.0
 51
180.0
 73
1
 97
0
 75
0
 76
1
 98
0
1001
ACAD
1010
0.0
1020
0.0
1030
0
  0
HATCH
  5
3C0
100
AcDbEntity
  8
Multi-Layer
 62
256
370
-1
 48
1.0
  6
ByLayer
100
AcDbHatch
 10
0.0
 20
0.0
 30
0.0
210
0.0
220
0.0
230
1.0
  2
SOLID
 70
1
 71
0
 91
2
 92
1
 93
0
 97
0
 92
1
 93
2
 72
2
 10
4.2300076200152343
 20
25.1600508001016081
 40
0.7999999999999998
 50
180.0
 51
0.0
 73
1
 72
2
 10
4.2300076200152343
 20
25.1600508001016081
 40
0.7999999999999998
 50
0.0
 51
180.0
 73
1
 97
0
 75
0
 76
1
 98
0
1001
ACAD
1010
0.0
1020
0.0
1030
0
  0
HATCH
  5
3C1
100
AcDbEntity
  8
Multi-Layer
 62
256
370
-1
 48
1.0
  6
ByLayer
100
AcDbHatch
 10
0.0
 20
0.0
 30
0.0
210
0.0
220
0.0
230
1.0
  2
SOLID
 70
1
 71
0
 91
2
 92
1
 93
0
 97
0
 92
1
 93
2
 72
2
 10
4.2300076200152343
 20
25.1600508001016081
 40
0.7999999999999998
 50
180.0
 51
0.0
 73
1
 72
2
 10
4.2300076200152343
 20
25.1600508001016081
 40
0.7999999999999998
 50
0.0
 51
180.0
 73
1
 97
0
 75
0
 76
1
 98
0
1001
ACAD
1010
0.0
1020
0.0
1030
0
  0
HATCH
  5
3C2
100
AcDbEntity
  8
Multi-Layer
 62
256
370
-1
 48
1.0
  6
ByLayer
100
AcDbHatch
 10
0.0
 20
0.0
 30
0.0
210
0.0
220
0.0
230
1.0
  2
SOLID
 70
1
 71
0
 91
2
 92
1
 93
0
 97
0
 92
1
 93
2
 72
2
 10
4.2300076200152343
 20
25.1600508001016081
 40
0.7999999999999998
 50
180.0
 51
0.0
 73
1
 72
2
 10
4.2300076200152343
 20
25.1600508001016081
 40
0.7999999999999998
 50
0.0
 51
180.0
 73
1
 97
0
 75
0
 76
1
 98
0
1001
ACAD
1010
0.0
1020
0.0
1030
0
  0
HATCH
  5
3C3
100
AcDbEntity
  8
Multi-Layer
 62
256
370
-1
 48
1.0
  6
ByLayer
100
AcDbHatch
 10
0.0
 20
0.0
 30
0.0
210
0.0
220
0.0
230
1.0
  2
SOLID
 70
1
 71
0
 91
2
 92
1
 93
0
 97
0
 92
1
 93
2
 72
2
 10
4.2300076200152343
 20
25.1600508001016081
 40
0.7999999999999998
 50
180.0
 51
0.0
 73
1
 72
2
 10
4.2300076200152343
 20
25.1600508001016081
 40
0.7999999999999998
 50
0.0
 51
180.0
 73
1
 97
0
 75
0
 76
1
 98
0
1001
ACAD
1010
0.0
1020
0.0
1030
0
  0
HATCH
  5
3C4
100
AcDbEntity
  8
Multi-Layer
 62
256
370
-1
 48
1.0
  6
ByLayer
100
AcDbHatch
 10
0.0
 20
0.0
 30
0.0
210
0.0
220
0.0
230
1.0
  2
SOLID
 70
1
 71
0
 91
2
 92
1
 93
0
 97
0
 92
1
 93
2
 72
2
 10
4.2300076200152343
 20
25.1600508001016081
 40
0.7999999999999998
 50
180.0
 51
0.0
 73
1
 72
2
 10
4.2300076200152343
 20
25.1600508001016081
 40
0.7999999999999998
 50
0.0
 51
180.0
 73
1
 97
0
 75
0
 76
1
 98
0
1001
ACAD
1010
0.0
1020
0.0
1030
0
  0
HATCH
  5
3C5
100
AcDbEntity
  8
Multi-Layer
 62
256
370
-1
 48
1.0
  6
ByLayer
100
AcDbHatch
 10
0.0
 20
0.0
 30
0.0
210
0.0
220
0.0
230
1.0
  2
SOLID
 70
1
 71
0
 91
2
 92
1
 93
0
 97
0
 92
1
 93
2
 72
2
 10
6.7700127000254007
 20
22.6200457200914471
 40
0.7999999999999998
 50
180.0
 51
0.0
 73
1
 72
2
 10
6.7700127000254007
 20
22.6200457200914471
 40
0.7999999999999998
 50
0.0
 51
180.0
 73
1
 97
0
 75
0
 76
1
 98
0
1001
ACAD
1010
0.0
1020
0.0
1030
0
  0
HATCH
  5
3C6
100
AcDbEntity
  8
Multi-Layer
 62
256
370
-1
 48
1.0
  6
ByLayer
100
AcDbHatch
 10
0.0
 20
0.0
 30
0.0
210
0.0
220
0.0
230
1.0
  2
SOLID
 70
1
 71
0
 91
2
 92
1
 93
0
 97
0
 92
1
 93
2
 72
2
 10
6.7700127000254007
 20
22.6200457200914471
 40
0.7999999999999998
 50
180.0
 51
0.0
 73
1
 72
2
 10
6.7700127000254007
 20
22.6200457200914471
 40
0.7999999999999998
 50
0.0
 51
180.0
 73
1
 97
0
 75
0
 76
1
 98
0
1001
ACAD
1010
0.0
1020
0.0
1030
0
  0
HATCH
  5
3C7
100
AcDbEntity
  8
Multi-Layer
 62
256
370
-1
 48
1.0
  6
ByLayer
100
AcDbHatch
 10
0.0
 20
0.0
 30
0.0
210
0.0
220
0.0
230
1.0
  2
SOLID
 70
1
 71
0
 91
2
 92
1
 93
0
 97
0
 92
1
 93
2
 72
2
 10
6.7700127000254007
 20
22.6200457200914471
 40
0.7999999999999998
 50
180.0
 51
0.0
 73
1
 72
2
 10
6.7700127000254007
 20
22.6200457200914471
 40
0.7999999999999998
 50
0.0
 51
180.0
 73
1
 97
0
 75
0
 76
1
 98
0
1001
ACAD
1010
0.0
1020
0.0
1030
0
  0
HATCH
  5
3C8
100
AcDbEntity
  8
Multi-Layer
 62
256
370
-1
 48
1.0
  6
ByLayer
100
AcDbHatch
 10
0.0
 20
0.0
 30
0.0
210
0.0
220
0.0
230
1.0
  2
SOLID
 70
1
 71
0
 91
2
 92
1
 93
0
 97
0
 92
1
 93
2
 72
2
 10
6.7700127000254007
 20
22.6200457200914471
 40
0.7999999999999998
 50
180.0
 51
0.0
 73
1
 72
2
 10
6.7700127000254007
 20
22.6200457200914471
 40
0.7999999999999998
 50
0.0
 51
180.0
 73
1
 97
0
 75
0
 76
1
 98
0
1001
ACAD
1010
0.0
1020
0.0
1030
0
  0
HATCH
  5
3C9
100
AcDbEntity
  8
Multi-Layer
 62
256
370
-1
 48
1.0
  6
ByLayer
100
AcDbHatch
 10
0.0
 20
0.0
 30
0.0
210
0.0
220
0.0
230
1.0
  2
SOLID
 70
1
 71
0
 91
2
 92
1
 93
0
 97
0
 92
1
 93
2
 72
2
 10
6.7700127000254007
 20
22.6200457200914471
 40
0.7999999999999998
 50
180.0
 51
0.0
 73
1
 72
2
 10
6.7700127000254007
 20
22.6200457200914471
 40
0.7999999999999998
 50
0.0
 51
180.0
 73
1
 97
0
 75
0
 76
1
 98
0
1001
ACAD
1010
0.0
1020
0.0
1030
0
  0
HATCH
  5
3CA
100
AcDbEntity
  8
Multi-Layer
 62
256
370
-1
 48
1.0
  6
ByLayer
100
AcDbHatch
 10
0.0
 20
0.0
 30
0.0
210
0.0
220
0.0
230
1.0
  2
SOLID
 70
1
 71
0
 91
2
 92
1
 93
0
 97
0
 92
1
 93
2
 72
2
 10
6.7700127000254007
 20
22.6200457200914471
 40
0.7999999999999998
 50
180.0
 51
0.0
 73
1
 72
2
 10
6.7700127000254007
 20
22.6200457200914471
 40
0.7999999999999998
 50
0.0
 51
180.0
 73
1
 97
0
 75
0
 76
1
 98
0
1001
ACAD
1010
0.0
1020
0.0
1030
0
  0
HATCH
  5
3CB
100
AcDbEntity
  8
Multi-Layer
 62
256
370
-1
 48
1.0
  6
ByLayer
100
AcDbHatch
 10
0.0
 20
0.0
 30
0.0
210
0.0
220
0.0
230
1.0
  2
SOLID
 70
1
 71
0
 91
2
 92
1
 93
0
 97
0
 92
1
 93
2
 72
2
 10
4.2300076200152379
 20
22.6200457200914471
 40
0.7999999999999998
 50
180.0
 51
0.0
 73
1
 72
2
 10
4.2300076200152379
 20
22.6200457200914471
 40
0.7999999999999998
 50
0.0
 51
180.0
 73
1
 97
0
 75
0
 76
1
 98
0
1001
ACAD
1010
0.0
1020
0.0
1030
0
  0
HATCH
  5
3CC
100
AcDbEntity
  8
Multi-Layer
 62
256
370
-1
 48
1.0
  6
ByLayer
100
AcDbHatch
 10
0.0
 20
0.0
 30
0.0
210
0.0
220
0.0
230
1.0
  2
SOLID
 70
1
 71
0
 91
2
 92
1
 93
0
 97
0
 92
1
 93
2
 72
2
 10
4.2300076200152379
 20
22.6200457200914471
 40
0.7999999999999998
 50
180.0
 51
0.0
 73
1
 72
2
 10
4.2300076200152379
 20
22.6200457200914471
 40
0.7999999999999998
 50
0.0
 51
180.0
 73
1
 97
0
 75
0
 76
1
 98
0
1001
ACAD
1010
0.0
1020
0.0
1030
0
  0
HATCH
  5
3CD
100
AcDbEntity
  8
Multi-Layer
 62
256
370
-1
 48
1.0
  6
ByLayer
100
AcDbHatch
 10
0.0
 20
0.0
 30
0.0
210
0.0
220
0.0
230
1.0
  2
SOLID
 70
1
 71
0
 91
2
 92
1
 93
0
 97
0
 92
1
 93
2
 72
2
 10
4.2300076200152379
 20
22.6200457200914471
 40
0.7999999999999998
 50
180.0
 51
0.0
 73
1
 72
2
 10
4.2300076200152379
 20
22.6200457200914471
 40
0.7999999999999998
 50
0.0
 51
180.0
 73
1
 97
0
 75
0
 76
1
 98
0
1001
ACAD
1010
0.0
1020
0.0
1030
0
  0
HATCH
  5
3CE
100
AcDbEntity
  8
Multi-Layer
 62
256
370
-1
 48
1.0
  6
ByLayer
100
AcDbHatch
 10
0.0
 20
0.0
 30
0.0
210
0.0
220
0.0
230
1.0
  2
SOLID
 70
1
 71
0
 91
2
 92
1
 93
0
 97
0
 92
1
 93
2
 72
2
 10
4.2300076200152379
 20
22.6200457200914471
 40
0.7999999999999998
 50
180.0
 51
0.0
 73
1
 72
2
 10
4.2300076200152379
 20
22.6200457200914471
 40
0.7999999999999998
 50
0.0
 51
180.0
 73
1
 97
0
 75
0
 76
1
 98
0
1001
ACAD
1010
0.0
1020
0.0
1030
0
  0
HATCH
  5
3CF
100
AcDbEntity
  8
Multi-Layer
 62
256
370
-1
 48
1.0
  6
ByLayer
100
AcDbHatch
 10
0.0
 20
0.0
 30
0.0
210
0.0
220
0.0
230
1.0
  2
SOLID
 70
1
 71
0
 91
2
 92
1
 93
0
 97
0
 92
1
 93
2
 72
2
 10
4.2300076200152379
 20
22.6200457200914471
 40
0.7999999999999998
 50
180.0
 51
0.0
 73
1
 72
2
 10
4.2300076200152379
 20
22.6200457200914471
 40
0.7999999999999998
 50
0.0
 51
180.0
 73
1
 97
0
 75
0
 76
1
 98
0
1001
ACAD
1010
0.0
1020
0.0
1030
0
  0
HATCH
  5
3D0
100
AcDbEntity
  8
Multi-Layer
 62
256
370
-1
 48
1.0
  6
ByLayer
100
AcDbHatch
 10
0.0
 20
0.0
 30
0.0
210
0.0
220
0.0
230
1.0
  2
SOLID
 70
1
 71
0
 91
2
 92
1
 93
0
 97
0
 92
1
 93
2
 72
2
 10
4.2300076200152379
 20
22.6200457200914471
 40
0.7999999999999998
 50
180.0
 51
0.0
 73
1
 72
2
 10
4.2300076200152379
 20
22.6200457200914471
 40
0.7999999999999998
 50
0.0
 51
180.0
 73
1
 97
0
 75
0
 76
1
 98
0
1001
ACAD
1010
0.0
1020
0.0
1030
0
  0
HATCH
  5
3D1
100
AcDbEntity
  8
Multi-Layer
 62
256
370
-1
 48
1.0
  6
ByLayer
100
AcDbHatch
 10
0.0
 20
0.0
 30
0.0
210
0.0
220
0.0
230
1.0
  2
SOLID
 70
1
 71
0
 91
2
 92
1
 93
0
 97
0
 92
1
 93
2
 72
2
 10
6.7700127000254007
 20
20.0800406400812861
 40
0.7999999999999998
 50
180.0
 51
0.0
 73
1
 72
2
 10
6.7700127000254007
 20
20.0800406400812861
 40
0.7999999999999998
 50
0.0
 51
180.0
 73
1
 97
0
 75
0
 76
1
 98
0
1001
ACAD
1010
0.0
1020
0.0
1030
0
  0
HATCH
  5
3D2
100
AcDbEntity
  8
Multi-Layer
 62
256
370
-1
 48
1.0
  6
ByLayer
100
AcDbHatch
 10
0.0
 20
0.0
 30
0.0
210
0.0
220
0.0
230
1.0
  2
SOLID
 70
1
 71
0
 91
2
 92
1
 93
0
 97
0
 92
1
 93
2
 72
2
 10
6.7700127000254007
 20
20.0800406400812861
 40
0.7999999999999998
 50
180.0
 51
0.0
 73
1
 72
2
 10
6.7700127000254007
 20
20.0800406400812861
 40
0.7999999999999998
 50
0.0
 51
180.0
 73
1
 97
0
 75
0
 76
1
 98
0
1001
ACAD
1010
0.0
1020
0.0
1030
0
  0
HATCH
  5
3D3
100
AcDbEntity
  8
Multi-Layer
 62
256
370
-1
 48
1.0
  6
ByLayer
100
AcDbHatch
 10
0.0
 20
0.0
 30
0.0
210
0.0
220
0.0
230
1.0
  2
SOLID
 70
1
 71
0
 91
2
 92
1
 93
0
 97
0
 92
1
 93
2
 72
2
 10
6.7700127000254007
 20
20.0800406400812861
 40
0.7999999999999998
 50
180.0
 51
0.0
 73
1
 72
2
 10
6.7700127000254007
 20
20.0800406400812861
 40
0.7999999999999998
 50
0.0
 51
180.0
 73
1
 97
0
 75
0
 76
1
 98
0
1001
ACAD
1010
0.0
1020
0.0
1030
0
  0
HATCH
  5
3D4
100
AcDbEntity
  8
Multi-Layer
 62
256
370
-1
 48
1.0
  6
ByLayer
100
AcDbHatch
 10
0.0
 20
0.0
 30
0.0
210
0.0
220
0.0
230
1.0
  2
SOLID
 70
1
 71
0
 91
2
 92
1
 93
0
 97
0
 92
1
 93
2
 72
2
 10
6.7700127000254007
 20
20.0800406400812861
 40
0.7999999999999998
 50
180.0
 51
0.0
 73
1
 72
2
 10
6.7700127000254007
 20
20.0800406400812861
 40
0.7999999999999998
 50
0.0
 51
180.0
 73
1
 97
0
 75
0
 76
1
 98
0
1001
ACAD
1010
0.0
1020
0.0
1030
0
  0
HATCH
  5
3D5
100
AcDbEntity
  8
Multi-Layer
 62
256
370
-1
 48
1.0
  6
ByLayer
100
AcDbHatch
 10
0.0
 20
0.0
 30
0.0
210
0.0
220
0.0
230
1.0
  2
SOLID
 70
1
 71
0
 91
2
 92
1
 93
0
 97
0
 92
1
 93
2
 72
2
 10
6.7700127000254007
 20
20.0800406400812861
 40
0.7999999999999998
 50
180.0
 51
0.0
 73
1
 72
2
 10
6.7700127000254007
 20
20.0800406400812861
 40
0.7999999999999998
 50
0.0
 51
180.0
 73
1
 97
0
 75
0
 76
1
 98
0
1001
ACAD
1010
0.0
1020
0.0
1030
0
  0
HATCH
  5
3D6
100
AcDbEntity
  8
Multi-Layer
 62
256
370
-1
 48
1.0
  6
ByLayer
100
AcDbHatch
 10
0.0
 20
0.0
 30
0.0
210
0.0
220
0.0
230
1.0
  2
SOLID
 70
1
 71
0
 91
2
 92
1
 93
0
 97
0
 92
1
 93
2
 72
2
 10
6.7700127000254007
 20
20.0800406400812861
 40
0.7999999999999998
 50
180.0
 51
0.0
 73
1
 72
2
 10
6.7700127000254007
 20
20.0800406400812861
 40
0.7999999999999998
 50
0.0
 51
180.0
 73
1
 97
0
 75
0
 76
1
 98
0
1001
ACAD
1010
0.0
1020
0.0
1030
0
  0
HATCH
  5
3D7
100
AcDbEntity
  8
Multi-Layer
 62
256
370
-1
 48
1.0
  6
ByLayer
100
AcDbHatch
 10
0.0
 20
0.0
 30
0.0
210
0.0
220
0.0
230
1.0
  2
SOLID
 70
1
 71
0
 91
2
 92
1
 93
0
 97
0
 92
1
 93
2
 72
2
 10
4.2300076200152379
 20
20.0800406400812861
 40
0.7999999999999998
 50
180.0
 51
0.0
 73
1
 72
2
 10
4.2300076200152379
 20
20.0800406400812861
 40
0.7999999999999998
 50
0.0
 51
180.0
 73
1
 97
0
 75
0
 76
1
 98
0
1001
ACAD
1010
0.0
1020
0.0
1030
0
  0
HATCH
  5
3D8
100
AcDbEntity
  8
Multi-Layer
 62
256
370
-1
 48
1.0
  6
ByLayer
100
AcDbHatch
 10
0.0
 20
0.0
 30
0.0
210
0.0
220
0.0
230
1.0
  2
SOLID
 70
1
 71
0
 91
2
 92
1
 93
0
 97
0
 92
1
 93
2
 72
2
 10
4.2300076200152379
 20
20.0800406400812861
 40
0.7999999999999998
 50
180.0
 51
0.0
 73
1
 72
2
 10
4.2300076200152379
 20
20.0800406400812861
 40
0.7999999999999998
 50
0.0
 51
180.0
 73
1
 97
0
 75
0
 76
1
 98
0
1001
ACAD
1010
0.0
1020
0.0
1030
0
  0
HATCH
  5
3D9
100
AcDbEntity
  8
Multi-Layer
 62
256
370
-1
 48
1.0
  6
ByLayer
100
AcDbHatch
 10
0.0
 20
0.0
 30
0.0
210
0.0
220
0.0
230
1.0
  2
SOLID
 70
1
 71
0
 91
2
 92
1
 93
0
 97
0
 92
1
 93
2
 72
2
 10
4.2300076200152379
 20
20.0800406400812861
 40
0.7999999999999998
 50
180.0
 51
0.0
 73
1
 72
2
 10
4.2300076200152379
 20
20.0800406400812861
 40
0.7999999999999998
 50
0.0
 51
180.0
 73
1
 97
0
 75
0
 76
1
 98
0
1001
ACAD
1010
0.0
1020
0.0
1030
0
  0
HATCH
  5
3DA
100
AcDbEntity
  8
Multi-Layer
 62
256
370
-1
 48
1.0
  6
ByLayer
100
AcDbHatch
 10
0.0
 20
0.0
 30
0.0
210
0.0
220
0.0
230
1.0
  2
SOLID
 70
1
 71
0
 91
2
 92
1
 93
0
 97
0
 92
1
 93
2
 72
2
 10
4.2300076200152379
 20
20.0800406400812861
 40
0.7999999999999998
 50
180.0
 51
0.0
 73
1
 72
2
 10
4.2300076200152379
 20
20.0800406400812861
 40
0.7999999999999998
 50
0.0
 51
180.0
 73
1
 97
0
 75
0
 76
1
 98
0
1001
ACAD
1010
0.0
1020
0.0
1030
0
  0
HATCH
  5
3DB
100
AcDbEntity
  8
Multi-Layer
 62
256
370
-1
 48
1.0
  6
ByLayer
100
AcDbHatch
 10
0.0
 20
0.0
 30
0.0
210
0.0
220
0.0
230
1.0
  2
SOLID
 70
1
 71
0
 91
2
 92
1
 93
0
 97
0
 92
1
 93
2
 72
2
 10
4.2300076200152379
 20
20.0800406400812861
 40
0.7999999999999998
 50
180.0
 51
0.0
 73
1
 72
2
 10
4.2300076200152379
 20
20.0800406400812861
 40
0.7999999999999998
 50
0.0
 51
180.0
 73
1
 97
0
 75
0
 76
1
 98
0
1001
ACAD
1010
0.0
1020
0.0
1030
0
  0
HATCH
  5
3DC
100
AcDbEntity
  8
Multi-Layer
 62
256
370
-1
 48
1.0
  6
ByLayer
100
AcDbHatch
 10
0.0
 20
0.0
 30
0.0
210
0.0
220
0.0
230
1.0
  2
SOLID
 70
1
 71
0
 91
2
 92
1
 93
0
 97
0
 92
1
 93
2
 72
2
 10
4.2300076200152379
 20
20.0800406400812861
 40
0.7999999999999998
 50
180.0
 51
0.0
 73
1
 72
2
 10
4.2300076200152379
 20
20.0800406400812861
 40
0.7999999999999998
 50
0.0
 51
180.0
 73
1
 97
0
 75
0
 76
1
 98
0
1001
ACAD
1010
0.0
1020
0.0
1030
0
  0
HATCH
  5
3DD
100
AcDbEntity
  8
Multi-Layer
 62
256
370
-1
 48
1.0
  6
ByLayer
100
AcDbHatch
 10
0.0
 20
0.0
 30
0.0
210
0.0
220
0.0
230
1.0
  2
SOLID
 70
1
 71
0
 91
2
 92
1
 93
0
 97
0
 92
1
 93
2
 72
2
 10
6.7700127000254007
 20
17.5400355600711251
 40
0.7999999999999998
 50
180.0
 51
0.0
 73
1
 72
2
 10
6.7700127000254007
 20
17.5400355600711251
 40
0.7999999999999998
 50
0.0
 51
180.0
 73
1
 97
0
 75
0
 76
1
 98
0
1001
ACAD
1010
0.0
1020
0.0
1030
0
  0
HATCH
  5
3DE
100
AcDbEntity
  8
Multi-Layer
 62
256
370
-1
 48
1.0
  6
ByLayer
100
AcDbHatch
 10
0.0
 20
0.0
 30
0.0
210
0.0
220
0.0
230
1.0
  2
SOLID
 70
1
 71
0
 91
2
 92
1
 93
0
 97
0
 92
1
 93
2
 72
2
 10
6.7700127000254007
 20
17.5400355600711251
 40
0.7999999999999998
 50
180.0
 51
0.0
 73
1
 72
2
 10
6.7700127000254007
 20
17.5400355600711251
 40
0.7999999999999998
 50
0.0
 51
180.0
 73
1
 97
0
 75
0
 76
1
 98
0
1001
ACAD
1010
0.0
1020
0.0
1030
0
  0
HATCH
  5
3DF
100
AcDbEntity
  8
Multi-Layer
 62
256
370
-1
 48
1.0
  6
ByLayer
100
AcDbHatch
 10
0.0
 20
0.0
 30
0.0
210
0.0
220
0.0
230
1.0
  2
SOLID
 70
1
 71
0
 91
2
 92
1
 93
0
 97
0
 92
1
 93
2
 72
2
 10
6.7700127000254007
 20
17.5400355600711251
 40
0.7999999999999998
 50
180.0
 51
0.0
 73
1
 72
2
 10
6.7700127000254007
 20
17.5400355600711251
 40
0.7999999999999998
 50
0.0
 51
180.0
 73
1
 97
0
 75
0
 76
1
 98
0
1001
ACAD
1010
0.0
1020
0.0
1030
0
  0
HATCH
  5
3E0
100
AcDbEntity
  8
Multi-Layer
 62
256
370
-1
 48
1.0
  6
ByLayer
100
AcDbHatch
 10
0.0
 20
0.0
 30
0.0
210
0.0
220
0.0
230
1.0
  2
SOLID
 70
1
 71
0
 91
2
 92
1
 93
0
 97
0
 92
1
 93
2
 72
2
 10
6.7700127000254007
 20
17.5400355600711251
 40
0.7999999999999998
 50
180.0
 51
0.0
 73
1
 72
2
 10
6.7700127000254007
 20
17.5400355600711251
 40
0.7999999999999998
 50
0.0
 51
180.0
 73
1
 97
0
 75
0
 76
1
 98
0
1001
ACAD
1010
0.0
1020
0.0
1030
0
  0
HATCH
  5
3E1
100
AcDbEntity
  8
Multi-Layer
 62
256
370
-1
 48
1.0
  6
ByLayer
100
AcDbHatch
 10
0.0
 20
0.0
 30
0.0
210
0.0
220
0.0
230
1.0
  2
SOLID
 70
1
 71
0
 91
2
 92
1
 93
0
 97
0
 92
1
 93
2
 72
2
 10
6.7700127000254007
 20
17.5400355600711251
 40
0.7999999999999998
 50
180.0
 51
0.0
 73
1
 72
2
 10
6.7700127000254007
 20
17.5400355600711251
 40
0.7999999999999998
 50
0.0
 51
180.0
 73
1
 97
0
 75
0
 76
1
 98
0
1001
ACAD
1010
0.0
1020
0.0
1030
0
  0
HATCH
  5
3E2
100
AcDbEntity
  8
Multi-Layer
 62
256
370
-1
 48
1.0
  6
ByLayer
100
AcDbHatch
 10
0.0
 20
0.0
 30
0.0
210
0.0
220
0.0
230
1.0
  2
SOLID
 70
1
 71
0
 91
2
 92
1
 93
0
 97
0
 92
1
 93
2
 72
2
 10
6.7700127000254007
 20
17.5400355600711251
 40
0.7999999999999998
 50
180.0
 51
0.0
 73
1
 72
2
 10
6.7700127000254007
 20
17.5400355600711251
 40
0.7999999999999998
 50
0.0
 51
180.0
 73
1
 97
0
 75
0
 76
1
 98
0
1001
ACAD
1010
0.0
1020
0.0
1030
0
  0
HATCH
  5
3E3
100
AcDbEntity
  8
Multi-Layer
 62
256
370
-1
 48
1.0
  6
ByLayer
100
AcDbHatch
 10
0.0
 20
0.0
 30
0.0
210
0.0
220
0.0
230
1.0
  2
SOLID
 70
1
 71
0
 91
2
 92
1
 93
0
 97
0
 92
1
 93
2
 72
2
 10
4.2300076200152379
 20
17.5400355600711251
 40
0.7999999999999998
 50
180.0
 51
0.0
 73
1
 72
2
 10
4.2300076200152379
 20
17.5400355600711251
 40
0.7999999999999998
 50
0.0
 51
180.0
 73
1
 97
0
 75
0
 76
1
 98
0
1001
ACAD
1010
0.0
1020
0.0
1030
0
  0
HATCH
  5
3E4
100
AcDbEntity
  8
Multi-Layer
 62
256
370
-1
 48
1.0
  6
ByLayer
100
AcDbHatch
 10
0.0
 20
0.0
 30
0.0
210
0.0
220
0.0
230
1.0
  2
SOLID
 70
1
 71
0
 91
2
 92
1
 93
0
 97
0
 92
1
 93
2
 72
2
 10
4.2300076200152379
 20
17.5400355600711251
 40
0.7999999999999998
 50
180.0
 51
0.0
 73
1
 72
2
 10
4.2300076200152379
 20
17.5400355600711251
 40
0.7999999999999998
 50
0.0
 51
180.0
 73
1
 97
0
 75
0
 76
1
 98
0
1001
ACAD
1010
0.0
1020
0.0
1030
0
  0
HATCH
  5
3E5
100
AcDbEntity
  8
Multi-Layer
 62
256
370
-1
 48
1.0
  6
ByLayer
100
AcDbHatch
 10
0.0
 20
0.0
 30
0.0
210
0.0
220
0.0
230
1.0
  2
SOLID
 70
1
 71
0
 91
2
 92
1
 93
0
 97
0
 92
1
 93
2
 72
2
 10
4.2300076200152379
 20
17.5400355600711251
 40
0.7999999999999998
 50
180.0
 51
0.0
 73
1
 72
2
 10
4.2300076200152379
 20
17.5400355600711251
 40
0.7999999999999998
 50
0.0
 51
180.0
 73
1
 97
0
 75
0
 76
1
 98
0
1001
ACAD
1010
0.0
1020
0.0
1030
0
  0
HATCH
  5
3E6
100
AcDbEntity
  8
Multi-Layer
 62
256
370
-1
 48
1.0
  6
ByLayer
100
AcDbHatch
 10
0.0
 20
0.0
 30
0.0
210
0.0
220
0.0
230
1.0
  2
SOLID
 70
1
 71
0
 91
2
 92
1
 93
0
 97
0
 92
1
 93
2
 72
2
 10
4.2300076200152379
 20
17.5400355600711251
 40
0.7999999999999998
 50
180.0
 51
0.0
 73
1
 72
2
 10
4.2300076200152379
 20
17.5400355600711251
 40
0.7999999999999998
 50
0.0
 51
180.0
 73
1
 97
0
 75
0
 76
1
 98
0
1001
ACAD
1010
0.0
1020
0.0
1030
0
  0
HATCH
  5
3E7
100
AcDbEntity
  8
Multi-Layer
 62
256
370
-1
 48
1.0
  6
ByLayer
100
AcDbHatch
 10
0.0
 20
0.0
 30
0.0
210
0.0
220
0.0
230
1.0
  2
SOLID
 70
1
 71
0
 91
2
 92
1
 93
0
 97
0
 92
1
 93
2
 72
2
 10
4.2300076200152379
 20
17.5400355600711251
 40
0.7999999999999998
 50
180.0
 51
0.0
 73
1
 72
2
 10
4.2300076200152379
 20
17.5400355600711251
 40
0.7999999999999998
 50
0.0
 51
180.0
 73
1
 97
0
 75
0
 76
1
 98
0
1001
ACAD
1010
0.0
1020
0.0
1030
0
  0
HATCH
  5
3E8
100
AcDbEntity
  8
Multi-Layer
 62
256
370
-1
 48
1.0
  6
ByLayer
100
AcDbHatch
 10
0.0
 20
0.0
 30
0.0
210
0.0
220
0.0
230
1.0
  2
SOLID
 70
1
 71
0
 91
2
 92
1
 93
0
 97
0
 92
1
 93
2
 72
2
 10
4.2300076200152379
 20
17.5400355600711251
 40
0.7999999999999998
 50
180.0
 51
0.0
 73
1
 72
2
 10
4.2300076200152379
 20
17.5400355600711251
 40
0.7999999999999998
 50
0.0
 51
180.0
 73
1
 97
0
 75
0
 76
1
 98
0
1001
ACAD
1010
0.0
1020
0.0
1030
0
  0
HATCH
  5
3E9
100
AcDbEntity
  8
Multi-Layer
 62
256
370
-1
 48
1.0
  6
ByLayer
100
AcDbHatch
 10
0.0
 20
0.0
 30
0.0
210
0.0
220
0.0
230
1.0
  2
SOLID
 70
1
 71
0
 91
2
 92
1
 93
0
 97
0
 92
1
 93
2
 72
2
 10
6.7700127000254007
 20
15.0000304800609641
 40
0.7999999999999998
 50
180.0
 51
0.0
 73
1
 72
2
 10
6.7700127000254007
 20
15.0000304800609641
 40
0.7999999999999998
 50
0.0
 51
180.0
 73
1
 97
0
 75
0
 76
1
 98
0
1001
ACAD
1010
0.0
1020
0.0
1030
0
  0
HATCH
  5
3EA
100
AcDbEntity
  8
Multi-Layer
 62
256
370
-1
 48
1.0
  6
ByLayer
100
AcDbHatch
 10
0.0
 20
0.0
 30
0.0
210
0.0
220
0.0
230
1.0
  2
SOLID
 70
1
 71
0
 91
2
 92
1
 93
0
 97
0
 92
1
 93
2
 72
2
 10
6.7700127000254007
 20
15.0000304800609641
 40
0.7999999999999998
 50
180.0
 51
0.0
 73
1
 72
2
 10
6.7700127000254007
 20
15.0000304800609641
 40
0.7999999999999998
 50
0.0
 51
180.0
 73
1
 97
0
 75
0
 76
1
 98
0
1001
ACAD
1010
0.0
1020
0.0
1030
0
  0
HATCH
  5
3EB
100
AcDbEntity
  8
Multi-Layer
 62
256
370
-1
 48
1.0
  6
ByLayer
100
AcDbHatch
 10
0.0
 20
0.0
 30
0.0
210
0.0
220
0.0
230
1.0
  2
SOLID
 70
1
 71
0
 91
2
 92
1
 93
0
 97
0
 92
1
 93
2
 72
2
 10
6.7700127000254007
 20
15.0000304800609641
 40
0.7999999999999998
 50
180.0
 51
0.0
 73
1
 72
2
 10
6.7700127000254007
 20
15.0000304800609641
 40
0.7999999999999998
 50
0.0
 51
180.0
 73
1
 97
0
 75
0
 76
1
 98
0
1001
ACAD
1010
0.0
1020
0.0
1030
0
  0
HATCH
  5
3EC
100
AcDbEntity
  8
Multi-Layer
 62
256
370
-1
 48
1.0
  6
ByLayer
100
AcDbHatch
 10
0.0
 20
0.0
 30
0.0
210
0.0
220
0.0
230
1.0
  2
SOLID
 70
1
 71
0
 91
2
 92
1
 93
0
 97
0
 92
1
 93
2
 72
2
 10
6.7700127000254007
 20
15.0000304800609641
 40
0.7999999999999998
 50
180.0
 51
0.0
 73
1
 72
2
 10
6.7700127000254007
 20
15.0000304800609641
 40
0.7999999999999998
 50
0.0
 51
180.0
 73
1
 97
0
 75
0
 76
1
 98
0
1001
ACAD
1010
0.0
1020
0.0
1030
0
  0
HATCH
  5
3ED
100
AcDbEntity
  8
Multi-Layer
 62
256
370
-1
 48
1.0
  6
ByLayer
100
AcDbHatch
 10
0.0
 20
0.0
 30
0.0
210
0.0
220
0.0
230
1.0
  2
SOLID
 70
1
 71
0
 91
2
 92
1
 93
0
 97
0
 92
1
 93
2
 72
2
 10
6.7700127000254007
 20
15.0000304800609641
 40
0.7999999999999998
 50
180.0
 51
0.0
 73
1
 72
2
 10
6.7700127000254007
 20
15.0000304800609641
 40
0.7999999999999998
 50
0.0
 51
180.0
 73
1
 97
0
 75
0
 76
1
 98
0
1001
ACAD
1010
0.0
1020
0.0
1030
0
  0
HATCH
  5
3EE
100
AcDbEntity
  8
Multi-Layer
 62
256
370
-1
 48
1.0
  6
ByLayer
100
AcDbHatch
 10
0.0
 20
0.0
 30
0.0
210
0.0
220
0.0
230
1.0
  2
SOLID
 70
1
 71
0
 91
2
 92
1
 93
0
 97
0
 92
1
 93
2
 72
2
 10
6.7700127000254007
 20
15.0000304800609641
 40
0.7999999999999998
 50
180.0
 51
0.0
 73
1
 72
2
 10
6.7700127000254007
 20
15.0000304800609641
 40
0.7999999999999998
 50
0.0
 51
180.0
 73
1
 97
0
 75
0
 76
1
 98
0
1001
ACAD
1010
0.0
1020
0.0
1030
0
  0
HATCH
  5
3EF
100
AcDbEntity
  8
Multi-Layer
 62
256
370
-1
 48
1.0
  6
ByLayer
100
AcDbHatch
 10
0.0
 20
0.0
 30
0.0
210
0.0
220
0.0
230
1.0
  2
SOLID
 70
1
 71
0
 91
2
 92
1
 93
0
 97
0
 92
1
 93
2
 72
2
 10
4.2300076200152379
 20
15.0000304800609641
 40
0.7999999999999998
 50
180.0
 51
0.0
 73
1
 72
2
 10
4.2300076200152379
 20
15.0000304800609641
 40
0.7999999999999998
 50
0.0
 51
180.0
 73
1
 97
0
 75
0
 76
1
 98
0
1001
ACAD
1010
0.0
1020
0.0
1030
0
  0
HATCH
  5
3F0
100
AcDbEntity
  8
Multi-Layer
 62
256
370
-1
 48
1.0
  6
ByLayer
100
AcDbHatch
 10
0.0
 20
0.0
 30
0.0
210
0.0
220
0.0
230
1.0
  2
SOLID
 70
1
 71
0
 91
2
 92
1
 93
0
 97
0
 92
1
 93
2
 72
2
 10
4.2300076200152379
 20
15.0000304800609641
 40
0.7999999999999998
 50
180.0
 51
0.0
 73
1
 72
2
 10
4.2300076200152379
 20
15.0000304800609641
 40
0.7999999999999998
 50
0.0
 51
180.0
 73
1
 97
0
 75
0
 76
1
 98
0
1001
ACAD
1010
0.0
1020
0.0
1030
0
  0
HATCH
  5
3F1
100
AcDbEntity
  8
Multi-Layer
 62
256
370
-1
 48
1.0
  6
ByLayer
100
AcDbHatch
 10
0.0
 20
0.0
 30
0.0
210
0.0
220
0.0
230
1.0
  2
SOLID
 70
1
 71
0
 91
2
 92
1
 93
0
 97
0
 92
1
 93
2
 72
2
 10
4.2300076200152379
 20
15.0000304800609641
 40
0.7999999999999998
 50
180.0
 51
0.0
 73
1
 72
2
 10
4.2300076200152379
 20
15.0000304800609641
 40
0.7999999999999998
 50
0.0
 51
180.0
 73
1
 97
0
 75
0
 76
1
 98
0
1001
ACAD
1010
0.0
1020
0.0
1030
0
  0
HATCH
  5
3F2
100
AcDbEntity
  8
Multi-Layer
 62
256
370
-1
 48
1.0
  6
ByLayer
100
AcDbHatch
 10
0.0
 20
0.0
 30
0.0
210
0.0
220
0.0
230
1.0
  2
SOLID
 70
1
 71
0
 91
2
 92
1
 93
0
 97
0
 92
1
 93
2
 72
2
 10
4.2300076200152379
 20
15.0000304800609641
 40
0.7999999999999998
 50
180.0
 51
0.0
 73
1
 72
2
 10
4.2300076200152379
 20
15.0000304800609641
 40
0.7999999999999998
 50
0.0
 51
180.0
 73
1
 97
0
 75
0
 76
1
 98
0
1001
ACAD
1010
0.0
1020
0.0
1030
0
  0
HATCH
  5
3F3
100
AcDbEntity
  8
Multi-Layer
 62
256
370
-1
 48
1.0
  6
ByLayer
100
AcDbHatch
 10
0.0
 20
0.0
 30
0.0
210
0.0
220
0.0
230
1.0
  2
SOLID
 70
1
 71
0
 91
2
 92
1
 93
0
 97
0
 92
1
 93
2
 72
2
 10
4.2300076200152379
 20
15.0000304800609641
 40
0.7999999999999998
 50
180.0
 51
0.0
 73
1
 72
2
 10
4.2300076200152379
 20
15.0000304800609641
 40
0.7999999999999998
 50
0.0
 51
180.0
 73
1
 97
0
 75
0
 76
1
 98
0
1001
ACAD
1010
0.0
1020
0.0
1030
0
  0
HATCH
  5
3F4
100
AcDbEntity
  8
Multi-Layer
 62
256
370
-1
 48
1.0
  6
ByLayer
100
AcDbHatch
 10
0.0
 20
0.0
 30
0.0
210
0.0
220
0.0
230
1.0
  2
SOLID
 70
1
 71
0
 91
2
 92
1
 93
0
 97
0
 92
1
 93
2
 72
2
 10
4.2300076200152379
 20
15.0000304800609641
 40
0.7999999999999998
 50
180.0
 51
0.0
 73
1
 72
2
 10
4.2300076200152379
 20
15.0000304800609641
 40
0.7999999999999998
 50
0.0
 51
180.0
 73
1
 97
0
 75
0
 76
1
 98
0
1001
ACAD
1010
0.0
1020
0.0
1030
0
  0
HATCH
  5
3F5
100
AcDbEntity
  8
Multi-Layer
 62
256
370
-1
 48
1.0
  6
ByLayer
100
AcDbHatch
 10
0.0
 20
0.0
 30
0.0
210
0.0
220
0.0
230
1.0
  2
SOLID
 70
1
 71
0
 91
2
 92
1
 93
0
 97
0
 92
1
 93
2
 72
2
 10
6.7700127000254007
 20
12.4600254000508102
 40
0.7999999999999998
 50
180.0
 51
0.0
 73
1
 72
2
 10
6.7700127000254007
 20
12.4600254000508102
 40
0.7999999999999998
 50
0.0
 51
180.0
 73
1
 97
0
 75
0
 76
1
 98
0
1001
ACAD
1010
0.0
1020
0.0
1030
0
  0
HATCH
  5
3F6
100
AcDbEntity
  8
Multi-Layer
 62
256
370
-1
 48
1.0
  6
ByLayer
100
AcDbHatch
 10
0.0
 20
0.0
 30
0.0
210
0.0
220
0.0
230
1.0
  2
SOLID
 70
1
 71
0
 91
2
 92
1
 93
0
 97
0
 92
1
 93
2
 72
2
 10
6.7700127000254007
 20
12.4600254000508102
 40
0.7999999999999998
 50
180.0
 51
0.0
 73
1
 72
2
 10
6.7700127000254007
 20
12.4600254000508102
 40
0.7999999999999998
 50
0.0
 51
180.0
 73
1
 97
0
 75
0
 76
1
 98
0
1001
ACAD
1010
0.0
1020
0.0
1030
0
  0
HATCH
  5
3F7
100
AcDbEntity
  8
Multi-Layer
 62
256
370
-1
 48
1.0
  6
ByLayer
100
AcDbHatch
 10
0.0
 20
0.0
 30
0.0
210
0.0
220
0.0
230
1.0
  2
SOLID
 70
1
 71
0
 91
2
 92
1
 93
0
 97
0
 92
1
 93
2
 72
2
 10
6.7700127000254007
 20
12.4600254000508102
 40
0.7999999999999998
 50
180.0
 51
0.0
 73
1
 72
2
 10
6.7700127000254007
 20
12.4600254000508102
 40
0.7999999999999998
 50
0.0
 51
180.0
 73
1
 97
0
 75
0
 76
1
 98
0
1001
ACAD
1010
0.0
1020
0.0
1030
0
  0
HATCH
  5
3F8
100
AcDbEntity
  8
Multi-Layer
 62
256
370
-1
 48
1.0
  6
ByLayer
100
AcDbHatch
 10
0.0
 20
0.0
 30
0.0
210
0.0
220
0.0
230
1.0
  2
SOLID
 70
1
 71
0
 91
2
 92
1
 93
0
 97
0
 92
1
 93
2
 72
2
 10
6.7700127000254007
 20
12.4600254000508102
 40
0.7999999999999998
 50
180.0
 51
0.0
 73
1
 72
2
 10
6.7700127000254007
 20
12.4600254000508102
 40
0.7999999999999998
 50
0.0
 51
180.0
 73
1
 97
0
 75
0
 76
1
 98
0
1001
ACAD
1010
0.0
1020
0.0
1030
0
  0
HATCH
  5
3F9
100
AcDbEntity
  8
Multi-Layer
 62
256
370
-1
 48
1.0
  6
ByLayer
100
AcDbHatch
 10
0.0
 20
0.0
 30
0.0
210
0.0
220
0.0
230
1.0
  2
SOLID
 70
1
 71
0
 91
2
 92
1
 93
0
 97
0
 92
1
 93
2
 72
2
 10
6.7700127000254007
 20
12.4600254000508102
 40
0.7999999999999998
 50
180.0
 51
0.0
 73
1
 72
2
 10
6.7700127000254007
 20
12.4600254000508102
 40
0.7999999999999998
 50
0.0
 51
180.0
 73
1
 97
0
 75
0
 76
1
 98
0
1001
ACAD
1010
0.0
1020
0.0
1030
0
  0
HATCH
  5
3FA
100
AcDbEntity
  8
Multi-Layer
 62
256
370
-1
 48
1.0
  6
ByLayer
100
AcDbHatch
 10
0.0
 20
0.0
 30
0.0
210
0.0
220
0.0
230
1.0
  2
SOLID
 70
1
 71
0
 91
2
 92
1
 93
0
 97
0
 92
1
 93
2
 72
2
 10
6.7700127000254007
 20
12.4600254000508102
 40
0.7999999999999998
 50
180.0
 51
0.0
 73
1
 72
2
 10
6.7700127000254007
 20
12.4600254000508102
 40
0.7999999999999998
 50
0.0
 51
180.0
 73
1
 97
0
 75
0
 76
1
 98
0
1001
ACAD
1010
0.0
1020
0.0
1030
0
  0
HATCH
  5
3FB
100
AcDbEntity
  8
Multi-Layer
 62
256
370
-1
 48
1.0
  6
ByLayer
100
AcDbHatch
 10
0.0
 20
0.0
 30
0.0
210
0.0
220
0.0
230
1.0
  2
SOLID
 70
1
 71
0
 91
2
 92
1
 93
0
 97
0
 92
1
 93
2
 72
2
 10
4.2300076200152379
 20
12.4600254000508102
 40
0.7999999999999998
 50
180.0
 51
0.0
 73
1
 72
2
 10
4.2300076200152379
 20
12.4600254000508102
 40
0.7999999999999998
 50
0.0
 51
180.0
 73
1
 97
0
 75
0
 76
1
 98
0
1001
ACAD
1010
0.0
1020
0.0
1030
0
  0
HATCH
  5
3FC
100
AcDbEntity
  8
Multi-Layer
 62
256
370
-1
 48
1.0
  6
ByLayer
100
AcDbHatch
 10
0.0
 20
0.0
 30
0.0
210
0.0
220
0.0
230
1.0
  2
SOLID
 70
1
 71
0
 91
2
 92
1
 93
0
 97
0
 92
1
 93
2
 72
2
 10
4.2300076200152379
 20
12.4600254000508102
 40
0.7999999999999998
 50
180.0
 51
0.0
 73
1
 72
2
 10
4.2300076200152379
 20
12.4600254000508102
 40
0.7999999999999998
 50
0.0
 51
180.0
 73
1
 97
0
 75
0
 76
1
 98
0
1001
ACAD
1010
0.0
1020
0.0
1030
0
  0
HATCH
  5
3FD
100
AcDbEntity
  8
Multi-Layer
 62
256
370
-1
 48
1.0
  6
ByLayer
100
AcDbHatch
 10
0.0
 20
0.0
 30
0.0
210
0.0
220
0.0
230
1.0
  2
SOLID
 70
1
 71
0
 91
2
 92
1
 93
0
 97
0
 92
1
 93
2
 72
2
 10
4.2300076200152379
 20
12.4600254000508102
 40
0.7999999999999998
 50
180.0
 51
0.0
 73
1
 72
2
 10
4.2300076200152379
 20
12.4600254000508102
 40
0.7999999999999998
 50
0.0
 51
180.0
 73
1
 97
0
 75
0
 76
1
 98
0
1001
ACAD
1010
0.0
1020
0.0
1030
0
  0
HATCH
  5
3FE
100
AcDbEntity
  8
Multi-Layer
 62
256
370
-1
 48
1.0
  6
ByLayer
100
AcDbHatch
 10
0.0
 20
0.0
 30
0.0
210
0.0
220
0.0
230
1.0
  2
SOLID
 70
1
 71
0
 91
2
 92
1
 93
0
 97
0
 92
1
 93
2
 72
2
 10
4.2300076200152379
 20
12.4600254000508102
 40
0.7999999999999998
 50
180.0
 51
0.0
 73
1
 72
2
 10
4.2300076200152379
 20
12.4600254000508102
 40
0.7999999999999998
 50
0.0
 51
180.0
 73
1
 97
0
 75
0
 76
1
 98
0
1001
ACAD
1010
0.0
1020
0.0
1030
0
  0
HATCH
  5
3FF
100
AcDbEntity
  8
Multi-Layer
 62
256
370
-1
 48
1.0
  6
ByLayer
100
AcDbHatch
 10
0.0
 20
0.0
 30
0.0
210
0.0
220
0.0
230
1.0
  2
SOLID
 70
1
 71
0
 91
2
 92
1
 93
0
 97
0
 92
1
 93
2
 72
2
 10
4.2300076200152379
 20
12.4600254000508102
 40
0.7999999999999998
 50
180.0
 51
0.0
 73
1
 72
2
 10
4.2300076200152379
 20
12.4600254000508102
 40
0.7999999999999998
 50
0.0
 51
180.0
 73
1
 97
0
 75
0
 76
1
 98
0
1001
ACAD
1010
0.0
1020
0.0
1030
0
  0
HATCH
  5
400
100
AcDbEntity
  8
Multi-Layer
 62
256
370
-1
 48
1.0
  6
ByLayer
100
AcDbHatch
 10
0.0
 20
0.0
 30
0.0
210
0.0
220
0.0
230
1.0
  2
SOLID
 70
1
 71
0
 91
2
 92
1
 93
0
 97
0
 92
1
 93
2
 72
2
 10
4.2300076200152379
 20
12.4600254000508102
 40
0.7999999999999998
 50
180.0
 51
0.0
 73
1
 72
2
 10
4.2300076200152379
 20
12.4600254000508102
 40
0.7999999999999998
 50
0.0
 51
180.0
 73
1
 97
0
 75
0
 76
1
 98
0
1001
ACAD
1010
0.0
1020
0.0
1030
0
  0
HATCH
  5
401
100
AcDbEntity
  8
Multi-Layer
 62
256
370
-1
 48
1.0
  6
ByLayer
100
AcDbHatch
 10
0.0
 20
0.0
 30
0.0
210
0.0
220
0.0
230
1.0
  2
SOLID
 70
1
 71
0
 91
2
 92
1
 93
0
 97
0
 92
1
 93
2
 72
2
 10
6.7700127000254007
 20
9.9200203200406492
 40
0.7999999999999998
 50
180.0
 51
0.0
 73
1
 72
2
 10
6.7700127000254007
 20
9.9200203200406492
 40
0.7999999999999998
 50
0.0
 51
180.0
 73
1
 97
0
 75
0
 76
1
 98
0
1001
ACAD
1010
0.0
1020
0.0
1030
0
  0
HATCH
  5
402
100
AcDbEntity
  8
Multi-Layer
 62
256
370
-1
 48
1.0
  6
ByLayer
100
AcDbHatch
 10
0.0
 20
0.0
 30
0.0
210
0.0
220
0.0
230
1.0
  2
SOLID
 70
1
 71
0
 91
2
 92
1
 93
0
 97
0
 92
1
 93
2
 72
2
 10
6.7700127000254007
 20
9.9200203200406492
 40
0.7999999999999998
 50
180.0
 51
0.0
 73
1
 72
2
 10
6.7700127000254007
 20
9.9200203200406492
 40
0.7999999999999998
 50
0.0
 51
180.0
 73
1
 97
0
 75
0
 76
1
 98
0
1001
ACAD
1010
0.0
1020
0.0
1030
0
  0
HATCH
  5
403
100
AcDbEntity
  8
Multi-Layer
 62
256
370
-1
 48
1.0
  6
ByLayer
100
AcDbHatch
 10
0.0
 20
0.0
 30
0.0
210
0.0
220
0.0
230
1.0
  2
SOLID
 70
1
 71
0
 91
2
 92
1
 93
0
 97
0
 92
1
 93
2
 72
2
 10
6.7700127000254007
 20
9.9200203200406492
 40
0.7999999999999998
 50
180.0
 51
0.0
 73
1
 72
2
 10
6.7700127000254007
 20
9.9200203200406492
 40
0.7999999999999998
 50
0.0
 51
180.0
 73
1
 97
0
 75
0
 76
1
 98
0
1001
ACAD
1010
0.0
1020
0.0
1030
0
  0
HATCH
  5
404
100
AcDbEntity
  8
Multi-Layer
 62
256
370
-1
 48
1.0
  6
ByLayer
100
AcDbHatch
 10
0.0
 20
0.0
 30
0.0
210
0.0
220
0.0
230
1.0
  2
SOLID
 70
1
 71
0
 91
2
 92
1
 93
0
 97
0
 92
1
 93
2
 72
2
 10
6.7700127000254007
 20
9.9200203200406492
 40
0.7999999999999998
 50
180.0
 51
0.0
 73
1
 72
2
 10
6.7700127000254007
 20
9.9200203200406492
 40
0.7999999999999998
 50
0.0
 51
180.0
 73
1
 97
0
 75
0
 76
1
 98
0
1001
ACAD
1010
0.0
1020
0.0
1030
0
  0
HATCH
  5
405
100
AcDbEntity
  8
Multi-Layer
 62
256
370
-1
 48
1.0
  6
ByLayer
100
AcDbHatch
 10
0.0
 20
0.0
 30
0.0
210
0.0
220
0.0
230
1.0
  2
SOLID
 70
1
 71
0
 91
2
 92
1
 93
0
 97
0
 92
1
 93
2
 72
2
 10
6.7700127000254007
 20
9.9200203200406492
 40
0.7999999999999998
 50
180.0
 51
0.0
 73
1
 72
2
 10
6.7700127000254007
 20
9.9200203200406492
 40
0.7999999999999998
 50
0.0
 51
180.0
 73
1
 97
0
 75
0
 76
1
 98
0
1001
ACAD
1010
0.0
1020
0.0
1030
0
  0
HATCH
  5
406
100
AcDbEntity
  8
Multi-Layer
 62
256
370
-1
 48
1.0
  6
ByLayer
100
AcDbHatch
 10
0.0
 20
0.0
 30
0.0
210
0.0
220
0.0
230
1.0
  2
SOLID
 70
1
 71
0
 91
2
 92
1
 93
0
 97
0
 92
1
 93
2
 72
2
 10
6.7700127000254007
 20
9.9200203200406492
 40
0.7999999999999998
 50
180.0
 51
0.0
 73
1
 72
2
 10
6.7700127000254007
 20
9.9200203200406492
 40
0.7999999999999998
 50
0.0
 51
180.0
 73
1
 97
0
 75
0
 76
1
 98
0
1001
ACAD
1010
0.0
1020
0.0
1030
0
  0
HATCH
  5
407
100
AcDbEntity
  8
Multi-Layer
 62
256
370
-1
 48
1.0
  6
ByLayer
100
AcDbHatch
 10
0.0
 20
0.0
 30
0.0
210
0.0
220
0.0
230
1.0
  2
SOLID
 70
1
 71
0
 91
2
 92
1
 93
0
 97
0
 92
1
 93
2
 72
2
 10
4.2300076200152379
 20
9.9200203200406492
 40
0.7999999999999998
 50
180.0
 51
0.0
 73
1
 72
2
 10
4.2300076200152379
 20
9.9200203200406492
 40
0.7999999999999998
 50
0.0
 51
180.0
 73
1
 97
0
 75
0
 76
1
 98
0
1001
ACAD
1010
0.0
1020
0.0
1030
0
  0
HATCH
  5
408
100
AcDbEntity
  8
Multi-Layer
 62
256
370
-1
 48
1.0
  6
ByLayer
100
AcDbHatch
 10
0.0
 20
0.0
 30
0.0
210
0.0
220
0.0
230
1.0
  2
SOLID
 70
1
 71
0
 91
2
 92
1
 93
0
 97
0
 92
1
 93
2
 72
2
 10
4.2300076200152379
 20
9.9200203200406492
 40
0.7999999999999998
 50
180.0
 51
0.0
 73
1
 72
2
 10
4.2300076200152379
 20
9.9200203200406492
 40
0.7999999999999998
 50
0.0
 51
180.0
 73
1
 97
0
 75
0
 76
1
 98
0
1001
ACAD
1010
0.0
1020
0.0
1030
0
  0
HATCH
  5
409
100
AcDbEntity
  8
Multi-Layer
 62
256
370
-1
 48
1.0
  6
ByLayer
100
AcDbHatch
 10
0.0
 20
0.0
 30
0.0
210
0.0
220
0.0
230
1.0
  2
SOLID
 70
1
 71
0
 91
2
 92
1
 93
0
 97
0
 92
1
 93
2
 72
2
 10
4.2300076200152379
 20
9.9200203200406492
 40
0.7999999999999998
 50
180.0
 51
0.0
 73
1
 72
2
 10
4.2300076200152379
 20
9.9200203200406492
 40
0.7999999999999998
 50
0.0
 51
180.0
 73
1
 97
0
 75
0
 76
1
 98
0
1001
ACAD
1010
0.0
1020
0.0
1030
0
  0
HATCH
  5
40A
100
AcDbEntity
  8
Multi-Layer
 62
256
370
-1
 48
1.0
  6
ByLayer
100
AcDbHatch
 10
0.0
 20
0.0
 30
0.0
210
0.0
220
0.0
230
1.0
  2
SOLID
 70
1
 71
0
 91
2
 92
1
 93
0
 97
0
 92
1
 93
2
 72
2
 10
4.2300076200152379
 20
9.9200203200406492
 40
0.7999999999999998
 50
180.0
 51
0.0
 73
1
 72
2
 10
4.2300076200152379
 20
9.9200203200406492
 40
0.7999999999999998
 50
0.0
 51
180.0
 73
1
 97
0
 75
0
 76
1
 98
0
1001
ACAD
1010
0.0
1020
0.0
1030
0
  0
HATCH
  5
40B
100
AcDbEntity
  8
Multi-Layer
 62
256
370
-1
 48
1.0
  6
ByLayer
100
AcDbHatch
 10
0.0
 20
0.0
 30
0.0
210
0.0
220
0.0
230
1.0
  2
SOLID
 70
1
 71
0
 91
2
 92
1
 93
0
 97
0
 92
1
 93
2
 72
2
 10
4.2300076200152379
 20
9.9200203200406492
 40
0.7999999999999998
 50
180.0
 51
0.0
 73
1
 72
2
 10
4.2300076200152379
 20
9.9200203200406492
 40
0.7999999999999998
 50
0.0
 51
180.0
 73
1
 97
0
 75
0
 76
1
 98
0
1001
ACAD
1010
0.0
1020
0.0
1030
0
  0
HATCH
  5
40C
100
AcDbEntity
  8
Multi-Layer
 62
256
370
-1
 48
1.0
  6
ByLayer
100
AcDbHatch
 10
0.0
 20
0.0
 30
0.0
210
0.0
220
0.0
230
1.0
  2
SOLID
 70
1
 71
0
 91
2
 92
1
 93
0
 97
0
 92
1
 93
2
 72
2
 10
4.2300076200152379
 20
9.9200203200406492
 40
0.7999999999999998
 50
180.0
 51
0.0
 73
1
 72
2
 10
4.2300076200152379
 20
9.9200203200406492
 40
0.7999999999999998
 50
0.0
 51
180.0
 73
1
 97
0
 75
0
 76
1
 98
0
1001
ACAD
1010
0.0
1020
0.0
1030
0
  0
HATCH
  5
40D
100
AcDbEntity
  8
Multi-Layer
 62
256
370
-1
 48
1.0
  6
ByLayer
100
AcDbHatch
 10
0.0
 20
0.0
 30
0.0
210
0.0
220
0.0
230
1.0
  2
SOLID
 70
1
 71
0
 91
2
 92
1
 93
0
 97
0
 92
1
 93
2
 72
2
 10
6.7700127000254007
 20
7.3800152400304881
 40
0.7999999999999998
 50
180.0
 51
0.0
 73
1
 72
2
 10
6.7700127000254007
 20
7.3800152400304881
 40
0.7999999999999998
 50
0.0
 51
180.0
 73
1
 97
0
 75
0
 76
1
 98
0
1001
ACAD
1010
0.0
1020
0.0
1030
0
  0
HATCH
  5
40E
100
AcDbEntity
  8
Multi-Layer
 62
256
370
-1
 48
1.0
  6
ByLayer
100
AcDbHatch
 10
0.0
 20
0.0
 30
0.0
210
0.0
220
0.0
230
1.0
  2
SOLID
 70
1
 71
0
 91
2
 92
1
 93
0
 97
0
 92
1
 93
2
 72
2
 10
6.7700127000254007
 20
7.3800152400304881
 40
0.7999999999999998
 50
180.0
 51
0.0
 73
1
 72
2
 10
6.7700127000254007
 20
7.3800152400304881
 40
0.7999999999999998
 50
0.0
 51
180.0
 73
1
 97
0
 75
0
 76
1
 98
0
1001
ACAD
1010
0.0
1020
0.0
1030
0
  0
HATCH
  5
40F
100
AcDbEntity
  8
Multi-Layer
 62
256
370
-1
 48
1.0
  6
ByLayer
100
AcDbHatch
 10
0.0
 20
0.0
 30
0.0
210
0.0
220
0.0
230
1.0
  2
SOLID
 70
1
 71
0
 91
2
 92
1
 93
0
 97
0
 92
1
 93
2
 72
2
 10
6.7700127000254007
 20
7.3800152400304881
 40
0.7999999999999998
 50
180.0
 51
0.0
 73
1
 72
2
 10
6.7700127000254007
 20
7.3800152400304881
 40
0.7999999999999998
 50
0.0
 51
180.0
 73
1
 97
0
 75
0
 76
1
 98
0
1001
ACAD
1010
0.0
1020
0.0
1030
0
  0
HATCH
  5
410
100
AcDbEntity
  8
Multi-Layer
 62
256
370
-1
 48
1.0
  6
ByLayer
100
AcDbHatch
 10
0.0
 20
0.0
 30
0.0
210
0.0
220
0.0
230
1.0
  2
SOLID
 70
1
 71
0
 91
2
 92
1
 93
0
 97
0
 92
1
 93
2
 72
2
 10
6.7700127000254007
 20
7.3800152400304881
 40
0.7999999999999998
 50
180.0
 51
0.0
 73
1
 72
2
 10
6.7700127000254007
 20
7.3800152400304881
 40
0.7999999999999998
 50
0.0
 51
180.0
 73
1
 97
0
 75
0
 76
1
 98
0
1001
ACAD
1010
0.0
1020
0.0
1030
0
  0
HATCH
  5
411
100
AcDbEntity
  8
Multi-Layer
 62
256
370
-1
 48
1.0
  6
ByLayer
100
AcDbHatch
 10
0.0
 20
0.0
 30
0.0
210
0.0
220
0.0
230
1.0
  2
SOLID
 70
1
 71
0
 91
2
 92
1
 93
0
 97
0
 92
1
 93
2
 72
2
 10
6.7700127000254007
 20
7.3800152400304881
 40
0.7999999999999998
 50
180.0
 51
0.0
 73
1
 72
2
 10
6.7700127000254007
 20
7.3800152400304881
 40
0.7999999999999998
 50
0.0
 51
180.0
 73
1
 97
0
 75
0
 76
1
 98
0
1001
ACAD
1010
0.0
1020
0.0
1030
0
  0
HATCH
  5
412
100
AcDbEntity
  8
Multi-Layer
 62
256
370
-1
 48
1.0
  6
ByLayer
100
AcDbHatch
 10
0.0
 20
0.0
 30
0.0
210
0.0
220
0.0
230
1.0
  2
SOLID
 70
1
 71
0
 91
2
 92
1
 93
0
 97
0
 92
1
 93
2
 72
2
 10
6.7700127000254007
 20
7.3800152400304881
 40
0.7999999999999998
 50
180.0
 51
0.0
 73
1
 72
2
 10
6.7700127000254007
 20
7.3800152400304881
 40
0.7999999999999998
 50
0.0
 51
180.0
 73
1
 97
0
 75
0
 76
1
 98
0
1001
ACAD
1010
0.0
1020
0.0
1030
0
  0
HATCH
  5
413
100
AcDbEntity
  8
Multi-Layer
 62
256
370
-1
 48
1.0
  6
ByLayer
100
AcDbHatch
 10
0.0
 20
0.0
 30
0.0
210
0.0
220
0.0
230
1.0
  2
SOLID
 70
1
 71
0
 91
2
 92
1
 93
0
 97
0
 92
1
 93
2
 72
2
 10
4.2300076200152379
 20
7.3800152400304881
 40
0.7999999999999998
 50
180.0
 51
0.0
 73
1
 72
2
 10
4.2300076200152379
 20
7.3800152400304881
 40
0.7999999999999998
 50
0.0
 51
180.0
 73
1
 97
0
 75
0
 76
1
 98
0
1001
ACAD
1010
0.0
1020
0.0
1030
0
  0
HATCH
  5
414
100
AcDbEntity
  8
Multi-Layer
 62
256
370
-1
 48
1.0
  6
ByLayer
100
AcDbHatch
 10
0.0
 20
0.0
 30
0.0
210
0.0
220
0.0
230
1.0
  2
SOLID
 70
1
 71
0
 91
2
 92
1
 93
0
 97
0
 92
1
 93
2
 72
2
 10
4.2300076200152379
 20
7.3800152400304881
 40
0.7999999999999998
 50
180.0
 51
0.0
 73
1
 72
2
 10
4.2300076200152379
 20
7.3800152400304881
 40
0.7999999999999998
 50
0.0
 51
180.0
 73
1
 97
0
 75
0
 76
1
 98
0
1001
ACAD
1010
0.0
1020
0.0
1030
0
  0
HATCH
  5
415
100
AcDbEntity
  8
Multi-Layer
 62
256
370
-1
 48
1.0
  6
ByLayer
100
AcDbHatch
 10
0.0
 20
0.0
 30
0.0
210
0.0
220
0.0
230
1.0
  2
SOLID
 70
1
 71
0
 91
2
 92
1
 93
0
 97
0
 92
1
 93
2
 72
2
 10
4.2300076200152379
 20
7.3800152400304881
 40
0.7999999999999998
 50
180.0
 51
0.0
 73
1
 72
2
 10
4.2300076200152379
 20
7.3800152400304881
 40
0.7999999999999998
 50
0.0
 51
180.0
 73
1
 97
0
 75
0
 76
1
 98
0
1001
ACAD
1010
0.0
1020
0.0
1030
0
  0
HATCH
  5
416
100
AcDbEntity
  8
Multi-Layer
 62
256
370
-1
 48
1.0
  6
ByLayer
100
AcDbHatch
 10
0.0
 20
0.0
 30
0.0
210
0.0
220
0.0
230
1.0
  2
SOLID
 70
1
 71
0
 91
2
 92
1
 93
0
 97
0
 92
1
 93
2
 72
2
 10
4.2300076200152379
 20
7.3800152400304881
 40
0.7999999999999998
 50
180.0
 51
0.0
 73
1
 72
2
 10
4.2300076200152379
 20
7.3800152400304881
 40
0.7999999999999998
 50
0.0
 51
180.0
 73
1
 97
0
 75
0
 76
1
 98
0
1001
ACAD
1010
0.0
1020
0.0
1030
0
  0
HATCH
  5
417
100
AcDbEntity
  8
Multi-Layer
 62
256
370
-1
 48
1.0
  6
ByLayer
100
AcDbHatch
 10
0.0
 20
0.0
 30
0.0
210
0.0
220
0.0
230
1.0
  2
SOLID
 70
1
 71
0
 91
2
 92
1
 93
0
 97
0
 92
1
 93
2
 72
2
 10
4.2300076200152379
 20
7.3800152400304881
 40
0.7999999999999998
 50
180.0
 51
0.0
 73
1
 72
2
 10
4.2300076200152379
 20
7.3800152400304881
 40
0.7999999999999998
 50
0.0
 51
180.0
 73
1
 97
0
 75
0
 76
1
 98
0
1001
ACAD
1010
0.0
1020
0.0
1030
0
  0
HATCH
  5
418
100
AcDbEntity
  8
Multi-Layer
 62
256
370
-1
 48
1.0
  6
ByLayer
100
AcDbHatch
 10
0.0
 20
0.0
 30
0.0
210
0.0
220
0.0
230
1.0
  2
SOLID
 70
1
 71
0
 91
2
 92
1
 93
0
 97
0
 92
1
 93
2
 72
2
 10
4.2300076200152379
 20
7.3800152400304881
 40
0.7999999999999998
 50
180.0
 51
0.0
 73
1
 72
2
 10
4.2300076200152379
 20
7.3800152400304881
 40
0.7999999999999998
 50
0.0
 51
180.0
 73
1
 97
0
 75
0
 76
1
 98
0
1001
ACAD
1010
0.0
1020
0.0
1030
0
  0
HATCH
  5
419
100
AcDbEntity
  8
Multi-Layer
 62
256
370
-1
 48
1.0
  6
ByLayer
100
AcDbHatch
 10
0.0
 20
0.0
 30
0.0
210
0.0
220
0.0
230
1.0
  2
SOLID
 70
1
 71
0
 91
2
 92
1
 93
0
 97
0
 92
1
 93
2
 72
2
 10
6.7700127000254007
 20
4.8400101600203271
 40
0.7999999999999998
 50
180.0
 51
0.0
 73
1
 72
2
 10
6.7700127000254007
 20
4.8400101600203271
 40
0.7999999999999998
 50
0.0
 51
180.0
 73
1
 97
0
 75
0
 76
1
 98
0
1001
ACAD
1010
0.0
1020
0.0
1030
0
  0
HATCH
  5
41A
100
AcDbEntity
  8
Multi-Layer
 62
256
370
-1
 48
1.0
  6
ByLayer
100
AcDbHatch
 10
0.0
 20
0.0
 30
0.0
210
0.0
220
0.0
230
1.0
  2
SOLID
 70
1
 71
0
 91
2
 92
1
 93
0
 97
0
 92
1
 93
2
 72
2
 10
6.7700127000254007
 20
4.8400101600203271
 40
0.7999999999999998
 50
180.0
 51
0.0
 73
1
 72
2
 10
6.7700127000254007
 20
4.8400101600203271
 40
0.7999999999999998
 50
0.0
 51
180.0
 73
1
 97
0
 75
0
 76
1
 98
0
1001
ACAD
1010
0.0
1020
0.0
1030
0
  0
HATCH
  5
41B
100
AcDbEntity
  8
Multi-Layer
 62
256
370
-1
 48
1.0
  6
ByLayer
100
AcDbHatch
 10
0.0
 20
0.0
 30
0.0
210
0.0
220
0.0
230
1.0
  2
SOLID
 70
1
 71
0
 91
2
 92
1
 93
0
 97
0
 92
1
 93
2
 72
2
 10
6.7700127000254007
 20
4.8400101600203271
 40
0.7999999999999998
 50
180.0
 51
0.0
 73
1
 72
2
 10
6.7700127000254007
 20
4.8400101600203271
 40
0.7999999999999998
 50
0.0
 51
180.0
 73
1
 97
0
 75
0
 76
1
 98
0
1001
ACAD
1010
0.0
1020
0.0
1030
0
  0
HATCH
  5
41C
100
AcDbEntity
  8
Multi-Layer
 62
256
370
-1
 48
1.0
  6
ByLayer
100
AcDbHatch
 10
0.0
 20
0.0
 30
0.0
210
0.0
220
0.0
230
1.0
  2
SOLID
 70
1
 71
0
 91
2
 92
1
 93
0
 97
0
 92
1
 93
2
 72
2
 10
6.7700127000254007
 20
4.8400101600203271
 40
0.7999999999999998
 50
180.0
 51
0.0
 73
1
 72
2
 10
6.7700127000254007
 20
4.8400101600203271
 40
0.7999999999999998
 50
0.0
 51
180.0
 73
1
 97
0
 75
0
 76
1
 98
0
1001
ACAD
1010
0.0
1020
0.0
1030
0
  0
HATCH
  5
41D
100
AcDbEntity
  8
Multi-Layer
 62
256
370
-1
 48
1.0
  6
ByLayer
100
AcDbHatch
 10
0.0
 20
0.0
 30
0.0
210
0.0
220
0.0
230
1.0
  2
SOLID
 70
1
 71
0
 91
2
 92
1
 93
0
 97
0
 92
1
 93
2
 72
2
 10
6.7700127000254007
 20
4.8400101600203271
 40
0.7999999999999998
 50
180.0
 51
0.0
 73
1
 72
2
 10
6.7700127000254007
 20
4.8400101600203271
 40
0.7999999999999998
 50
0.0
 51
180.0
 73
1
 97
0
 75
0
 76
1
 98
0
1001
ACAD
1010
0.0
1020
0.0
1030
0
  0
HATCH
  5
41E
100
AcDbEntity
  8
Multi-Layer
 62
256
370
-1
 48
1.0
  6
ByLayer
100
AcDbHatch
 10
0.0
 20
0.0
 30
0.0
210
0.0
220
0.0
230
1.0
  2
SOLID
 70
1
 71
0
 91
2
 92
1
 93
0
 97
0
 92
1
 93
2
 72
2
 10
6.7700127000254007
 20
4.8400101600203271
 40
0.7999999999999998
 50
180.0
 51
0.0
 73
1
 72
2
 10
6.7700127000254007
 20
4.8400101600203271
 40
0.7999999999999998
 50
0.0
 51
180.0
 73
1
 97
0
 75
0
 76
1
 98
0
1001
ACAD
1010
0.0
1020
0.0
1030
0
  0
HATCH
  5
41F
100
AcDbEntity
  8
Multi-Layer
 62
256
370
-1
 48
1.0
  6
ByLayer
100
AcDbHatch
 10
0.0
 20
0.0
 30
0.0
210
0.0
220
0.0
230
1.0
  2
SOLID
 70
1
 71
0
 91
2
 92
1
 93
0
 97
0
 92
1
 93
2
 72
2
 10
4.2300076200152379
 20
4.8400101600203271
 40
0.7999999999999998
 50
180.0
 51
0.0
 73
1
 72
2
 10
4.2300076200152379
 20
4.8400101600203271
 40
0.7999999999999998
 50
0.0
 51
180.0
 73
1
 97
0
 75
0
 76
1
 98
0
1001
ACAD
1010
0.0
1020
0.0
1030
0
  0
HATCH
  5
420
100
AcDbEntity
  8
Multi-Layer
 62
256
370
-1
 48
1.0
  6
ByLayer
100
AcDbHatch
 10
0.0
 20
0.0
 30
0.0
210
0.0
220
0.0
230
1.0
  2
SOLID
 70
1
 71
0
 91
2
 92
1
 93
0
 97
0
 92
1
 93
2
 72
2
 10
4.2300076200152379
 20
4.8400101600203271
 40
0.7999999999999998
 50
180.0
 51
0.0
 73
1
 72
2
 10
4.2300076200152379
 20
4.8400101600203271
 40
0.7999999999999998
 50
0.0
 51
180.0
 73
1
 97
0
 75
0
 76
1
 98
0
1001
ACAD
1010
0.0
1020
0.0
1030
0
  0
HATCH
  5
421
100
AcDbEntity
  8
Multi-Layer
 62
256
370
-1
 48
1.0
  6
ByLayer
100
AcDbHatch
 10
0.0
 20
0.0
 30
0.0
210
0.0
220
0.0
230
1.0
  2
SOLID
 70
1
 71
0
 91
2
 92
1
 93
0
 97
0
 92
1
 93
2
 72
2
 10
4.2300076200152379
 20
4.8400101600203271
 40
0.7999999999999998
 50
180.0
 51
0.0
 73
1
 72
2
 10
4.2300076200152379
 20
4.8400101600203271
 40
0.7999999999999998
 50
0.0
 51
180.0
 73
1
 97
0
 75
0
 76
1
 98
0
1001
ACAD
1010
0.0
1020
0.0
1030
0
  0
HATCH
  5
422
100
AcDbEntity
  8
Multi-Layer
 62
256
370
-1
 48
1.0
  6
ByLayer
100
AcDbHatch
 10
0.0
 20
0.0
 30
0.0
210
0.0
220
0.0
230
1.0
  2
SOLID
 70
1
 71
0
 91
2
 92
1
 93
0
 97
0
 92
1
 93
2
 72
2
 10
4.2300076200152379
 20
4.8400101600203271
 40
0.7999999999999998
 50
180.0
 51
0.0
 73
1
 72
2
 10
4.2300076200152379
 20
4.8400101600203271
 40
0.7999999999999998
 50
0.0
 51
180.0
 73
1
 97
0
 75
0
 76
1
 98
0
1001
ACAD
1010
0.0
1020
0.0
1030
0
  0
HATCH
  5
423
100
AcDbEntity
  8
Multi-Layer
 62
256
370
-1
 48
1.0
  6
ByLayer
100
AcDbHatch
 10
0.0
 20
0.0
 30
0.0
210
0.0
220
0.0
230
1.0
  2
SOLID
 70
1
 71
0
 91
2
 92
1
 93
0
 97
0
 92
1
 93
2
 72
2
 10
4.2300076200152379
 20
4.8400101600203271
 40
0.7999999999999998
 50
180.0
 51
0.0
 73
1
 72
2
 10
4.2300076200152379
 20
4.8400101600203271
 40
0.7999999999999998
 50
0.0
 51
180.0
 73
1
 97
0
 75
0
 76
1
 98
0
1001
ACAD
1010
0.0
1020
0.0
1030
0
  0
HATCH
  5
424
100
AcDbEntity
  8
Multi-Layer
 62
256
370
-1
 48
1.0
  6
ByLayer
100
AcDbHatch
 10
0.0
 20
0.0
 30
0.0
210
0.0
220
0.0
230
1.0
  2
SOLID
 70
1
 71
0
 91
2
 92
1
 93
0
 97
0
 92
1
 93
2
 72
2
 10
4.2300076200152379
 20
4.8400101600203271
 40
0.7999999999999998
 50
180.0
 51
0.0
 73
1
 72
2
 10
4.2300076200152379
 20
4.8400101600203271
 40
0.7999999999999998
 50
0.0
 51
180.0
 73
1
 97
0
 75
0
 76
1
 98
0
1001
ACAD
1010
0.0
1020
0.0
1030
0
  0
HATCH
  5
425
100
AcDbEntity
  8
Multi-Layer
 62
256
370
-1
 48
1.0
  6
ByLayer
100
AcDbHatch
 10
0.0
 20
0.0
 30
0.0
210
0.0
220
0.0
230
1.0
  2
SOLID
 70
1
 71
0
 91
2
 92
1
 93
0
 97
0
 92
1
 93
2
 72
2
 10
6.7700127000254007
 20
2.3000050800101661
 40
0.7999999999999998
 50
180.0
 51
0.0
 73
1
 72
2
 10
6.7700127000254007
 20
2.3000050800101661
 40
0.7999999999999998
 50
0.0
 51
180.0
 73
1
 97
0
 75
0
 76
1
 98
0
1001
ACAD
1010
0.0
1020
0.0
1030
0
  0
HATCH
  5
426
100
AcDbEntity
  8
Multi-Layer
 62
256
370
-1
 48
1.0
  6
ByLayer
100
AcDbHatch
 10
0.0
 20
0.0
 30
0.0
210
0.0
220
0.0
230
1.0
  2
SOLID
 70
1
 71
0
 91
2
 92
1
 93
0
 97
0
 92
1
 93
2
 72
2
 10
6.7700127000254007
 20
2.3000050800101661
 40
0.7999999999999998
 50
180.0
 51
0.0
 73
1
 72
2
 10
6.7700127000254007
 20
2.3000050800101661
 40
0.7999999999999998
 50
0.0
 51
180.0
 73
1
 97
0
 75
0
 76
1
 98
0
1001
ACAD
1010
0.0
1020
0.0
1030
0
  0
HATCH
  5
427
100
AcDbEntity
  8
Multi-Layer
 62
256
370
-1
 48
1.0
  6
ByLayer
100
AcDbHatch
 10
0.0
 20
0.0
 30
0.0
210
0.0
220
0.0
230
1.0
  2
SOLID
 70
1
 71
0
 91
2
 92
1
 93
0
 97
0
 92
1
 93
2
 72
2
 10
6.7700127000254007
 20
2.3000050800101661
 40
0.7999999999999998
 50
180.0
 51
0.0
 73
1
 72
2
 10
6.7700127000254007
 20
2.3000050800101661
 40
0.7999999999999998
 50
0.0
 51
180.0
 73
1
 97
0
 75
0
 76
1
 98
0
1001
ACAD
1010
0.0
1020
0.0
1030
0
  0
HATCH
  5
428
100
AcDbEntity
  8
Multi-Layer
 62
256
370
-1
 48
1.0
  6
ByLayer
100
AcDbHatch
 10
0.0
 20
0.0
 30
0.0
210
0.0
220
0.0
230
1.0
  2
SOLID
 70
1
 71
0
 91
2
 92
1
 93
0
 97
0
 92
1
 93
2
 72
2
 10
6.7700127000254007
 20
2.3000050800101661
 40
0.7999999999999998
 50
180.0
 51
0.0
 73
1
 72
2
 10
6.7700127000254007
 20
2.3000050800101661
 40
0.7999999999999998
 50
0.0
 51
180.0
 73
1
 97
0
 75
0
 76
1
 98
0
1001
ACAD
1010
0.0
1020
0.0
1030
0
  0
HATCH
  5
429
100
AcDbEntity
  8
Multi-Layer
 62
256
370
-1
 48
1.0
  6
ByLayer
100
AcDbHatch
 10
0.0
 20
0.0
 30
0.0
210
0.0
220
0.0
230
1.0
  2
SOLID
 70
1
 71
0
 91
2
 92
1
 93
0
 97
0
 92
1
 93
2
 72
2
 10
6.7700127000254007
 20
2.3000050800101661
 40
0.7999999999999998
 50
180.0
 51
0.0
 73
1
 72
2
 10
6.7700127000254007
 20
2.3000050800101661
 40
0.7999999999999998
 50
0.0
 51
180.0
 73
1
 97
0
 75
0
 76
1
 98
0
1001
ACAD
1010
0.0
1020
0.0
1030
0
  0
HATCH
  5
42A
100
AcDbEntity
  8
Multi-Layer
 62
256
370
-1
 48
1.0
  6
ByLayer
100
AcDbHatch
 10
0.0
 20
0.0
 30
0.0
210
0.0
220
0.0
230
1.0
  2
SOLID
 70
1
 71
0
 91
2
 92
1
 93
0
 97
0
 92
1
 93
2
 72
2
 10
6.7700127000254007
 20
2.3000050800101661
 40
0.7999999999999998
 50
180.0
 51
0.0
 73
1
 72
2
 10
6.7700127000254007
 20
2.3000050800101661
 40
0.7999999999999998
 50
0.0
 51
180.0
 73
1
 97
0
 75
0
 76
1
 98
0
1001
ACAD
1010
0.0
1020
0.0
1030
0
  0
HATCH
  5
42B
100
AcDbEntity
  8
Multi-Layer
 62
256
370
-1
 48
1.0
  6
ByLayer
100
AcDbHatch
 10
0.0
 20
0.0
 30
0.0
210
0.0
220
0.0
230
1.0
  2
SOLID
 70
1
 71
0
 91
2
 92
1
 93
0
 97
0
 92
1
 93
2
 72
2
 10
4.2300076200152379
 20
2.3000050800101661
 40
0.7999999999999998
 50
180.0
 51
0.0
 73
1
 72
2
 10
4.2300076200152379
 20
2.3000050800101661
 40
0.7999999999999998
 50
0.0
 51
180.0
 73
1
 97
0
 75
0
 76
1
 98
0
1001
ACAD
1010
0.0
1020
0.0
1030
0
  0
HATCH
  5
42C
100
AcDbEntity
  8
Multi-Layer
 62
256
370
-1
 48
1.0
  6
ByLayer
100
AcDbHatch
 10
0.0
 20
0.0
 30
0.0
210
0.0
220
0.0
230
1.0
  2
SOLID
 70
1
 71
0
 91
2
 92
1
 93
0
 97
0
 92
1
 93
2
 72
2
 10
4.2300076200152379
 20
2.3000050800101661
 40
0.7999999999999998
 50
180.0
 51
0.0
 73
1
 72
2
 10
4.2300076200152379
 20
2.3000050800101661
 40
0.7999999999999998
 50
0.0
 51
180.0
 73
1
 97
0
 75
0
 76
1
 98
0
1001
ACAD
1010
0.0
1020
0.0
1030
0
  0
HATCH
  5
42D
100
AcDbEntity
  8
Multi-Layer
 62
256
370
-1
 48
1.0
  6
ByLayer
100
AcDbHatch
 10
0.0
 20
0.0
 30
0.0
210
0.0
220
0.0
230
1.0
  2
SOLID
 70
1
 71
0
 91
2
 92
1
 93
0
 97
0
 92
1
 93
2
 72
2
 10
4.2300076200152379
 20
2.3000050800101661
 40
0.7999999999999998
 50
180.0
 51
0.0
 73
1
 72
2
 10
4.2300076200152379
 20
2.3000050800101661
 40
0.7999999999999998
 50
0.0
 51
180.0
 73
1
 97
0
 75
0
 76
1
 98
0
1001
ACAD
1010
0.0
1020
0.0
1030
0
  0
HATCH
  5
42E
100
AcDbEntity
  8
Multi-Layer
 62
256
370
-1
 48
1.0
  6
ByLayer
100
AcDbHatch
 10
0.0
 20
0.0
 30
0.0
210
0.0
220
0.0
230
1.0
  2
SOLID
 70
1
 71
0
 91
2
 92
1
 93
0
 97
0
 92
1
 93
2
 72
2
 10
4.2300076200152379
 20
2.3000050800101661
 40
0.7999999999999998
 50
180.0
 51
0.0
 73
1
 72
2
 10
4.2300076200152379
 20
2.3000050800101661
 40
0.7999999999999998
 50
0.0
 51
180.0
 73
1
 97
0
 75
0
 76
1
 98
0
1001
ACAD
1010
0.0
1020
0.0
1030
0
  0
HATCH
  5
42F
100
AcDbEntity
  8
Multi-Layer
 62
256
370
-1
 48
1.0
  6
ByLayer
100
AcDbHatch
 10
0.0
 20
0.0
 30
0.0
210
0.0
220
0.0
230
1.0
  2
SOLID
 70
1
 71
0
 91
2
 92
1
 93
0
 97
0
 92
1
 93
2
 72
2
 10
4.2300076200152379
 20
2.3000050800101661
 40
0.7999999999999998
 50
180.0
 51
0.0
 73
1
 72
2
 10
4.2300076200152379
 20
2.3000050800101661
 40
0.7999999999999998
 50
0.0
 51
180.0
 73
1
 97
0
 75
0
 76
1
 98
0
1001
ACAD
1010
0.0
1020
0.0
1030
0
  0
HATCH
  5
430
100
AcDbEntity
  8
Multi-Layer
 62
256
370
-1
 48
1.0
  6
ByLayer
100
AcDbHatch
 10
0.0
 20
0.0
 30
0.0
210
0.0
220
0.0
230
1.0
  2
SOLID
 70
1
 71
0
 91
2
 92
1
 93
0
 97
0
 92
1
 93
2
 72
2
 10
4.2300076200152379
 20
2.3000050800101661
 40
0.7999999999999998
 50
180.0
 51
0.0
 73
1
 72
2
 10
4.2300076200152379
 20
2.3000050800101661
 40
0.7999999999999998
 50
0.0
 51
180.0
 73
1
 97
0
 75
0
 76
1
 98
0
1001
ACAD
1010
0.0
1020
0.0
1030
0
  0
LWPOLYLINE
  5
431
100
AcDbEntity
  8
Multi-Layer
 62
256
370
-1
 48
1.0
  6
ByLayer
100
AcDbPolyline
 90
4
 70
1
 10
31.6100660401320823
 20
29.3500558801117641
 10
31.6100660401320823
 20
27.6500558801117613
 10
33.3100660401320852
 20
27.6500558801117613
 10
33.3100660401320852
 20
29.3500558801117641
  0
HATCH
  5
432
100
AcDbEntity
  8
Multi-Layer
 62
256
370
-1
 48
1.0
  6
ByLayer
100
AcDbHatch
 10
0.0
 20
0.0
 30
0.0
210
0.0
220
0.0
230
1.0
  2
SOLID
 70
1
 71
0
 91
2
 92
1
 93
0
 97
0
 92
1
 93
4
 72
1
 10
31.6100660401320823
 20
29.3500558801117641
 11
31.6100660401320823
 21
27.6500558801117613
 72
1
 10
31.6100660401320823
 20
27.6500558801117613
 11
33.3100660401320852
 21
27.6500558801117613
 72
1
 10
33.3100660401320852
 20
27.6500558801117613
 11
33.3100660401320852
 21
29.3500558801117641
 72
1
 10
33.3100660401320852
 20
29.3500558801117641
 11
31.6100660401320823
 21
29.3500558801117641
 97
0
 75
0
 76
1
 98
0
1001
ACAD
1010
0.0
1020
0.0
1030
0
  0
LWPOLYLINE
  5
433
100
AcDbEntity
  8
Multi-Layer
 62
256
370
-1
 48
1.0
  6
ByLayer
100
AcDbPolyline
 90
4
 70
1
 10
31.6100660401320823
 20
29.3500558801117641
 10
31.6100660401320823
 20
27.6500558801117613
 10
33.3100660401320852
 20
27.6500558801117613
 10
33.3100660401320852
 20
29.3500558801117641
  0
HATCH
  5
434
100
AcDbEntity
  8
Multi-Layer
 62
256
370
-1
 48
1.0
  6
ByLayer
100
AcDbHatch
 10
0.0
 20
0.0
 30
0.0
210
0.0
220
0.0
230
1.0
  2
SOLID
 70
1
 71
0
 91
2
 92
1
 93
0
 97
0
 92
1
 93
4
 72
1
 10
31.6100660401320823
 20
29.3500558801117641
 11
31.6100660401320823
 21
27.6500558801117613
 72
1
 10
31.6100660401320823
 20
27.6500558801117613
 11
33.3100660401320852
 21
27.6500558801117613
 72
1
 10
33.3100660401320852
 20
27.6500558801117613
 11
33.3100660401320852
 21
29.3500558801117641
 72
1
 10
33.3100660401320852
 20
29.3500558801117641
 11
31.6100660401320823
 21
29.3500558801117641
 97
0
 75
0
 76
1
 98
0
1001
ACAD
1010
0.0
1020
0.0
1030
0
  0
LWPOLYLINE
  5
435
100
AcDbEntity
  8
Multi-Layer
 62
256
370
-1
 48
1.0
  6
ByLayer
100
AcDbPolyline
 90
4
 70
1
 10
31.6100660401320823
 20
29.3500558801117641
 10
31.6100660401320823
 20
27.6500558801117613
 10
33.3100660401320852
 20
27.6500558801117613
 10
33.3100660401320852
 20
29.3500558801117641
  0
HATCH
  5
436
100
AcDbEntity
  8
Multi-Layer
 62
256
370
-1
 48
1.0
  6
ByLayer
100
AcDbHatch
 10
0.0
 20
0.0
 30
0.0
210
0.0
220
0.0
230
1.0
  2
SOLID
 70
1
 71
0
 91
2
 92
1
 93
0
 97
0
 92
1
 93
4
 72
1
 10
31.6100660401320823
 20
29.3500558801117641
 11
31.6100660401320823
 21
27.6500558801117613
 72
1
 10
31.6100660401320823
 20
27.6500558801117613
 11
33.3100660401320852
 21
27.6500558801117613
 72
1
 10
33.3100660401320852
 20
27.6500558801117613
 11
33.3100660401320852
 21
29.3500558801117641
 72
1
 10
33.3100660401320852
 20
29.3500558801117641
 11
31.6100660401320823
 21
29.3500558801117641
 97
0
 75
0
 76
1
 98
0
1001
ACAD
1010
0.0
1020
0.0
1030
0
  0
HATCH
  5
437
100
AcDbEntity
  8
Multi-Layer
 62
256
370
-1
 48
1.0
  6
ByLayer
100
AcDbHatch
 10
0.0
 20
0.0
 30
0.0
210
0.0
220
0.0
230
1.0
  2
SOLID
 70
1
 71
0
 91
2
 92
1
 93
0
 97
0
 92
1
 93
2
 72
2
 10
35.0000711201422448
 20
28.5000558801117627
 40
0.8500000000000014
 50
180.0
 51
0.0
 73
1
 72
2
 10
35.0000711201422448
 20
28.5000558801117627
 40
0.8500000000000014
 50
0.0
 51
180.0
 73
1
 97
0
 75
0
 76
1
 98
0
1001
ACAD
1010
0.0
1020
0.0
1030
0
  0
HATCH
  5
438
100
AcDbEntity
  8
Multi-Layer
 62
256
370
-1
 48
1.0
  6
ByLayer
100
AcDbHatch
 10
0.0
 20
0.0
 30
0.0
210
0.0
220
0.0
230
1.0
  2
SOLID
 70
1
 71
0
 91
2
 92
1
 93
0
 97
0
 92
1
 93
2
 72
2
 10
35.0000711201422448
 20
28.5000558801117627
 40
0.8500000000000014
 50
180.0
 51
0.0
 73
1
 72
2
 10
35.0000711201422448
 20
28.5000558801117627
 40
0.8500000000000014
 50
0.0
 51
180.0
 73
1
 97
0
 75
0
 76
1
 98
0
1001
ACAD
1010
0.0
1020
0.0
1030
0
  0
HATCH
  5
439
100
AcDbEntity
  8
Multi-Layer
 62
256
370
-1
 48
1.0
  6
ByLayer
100
AcDbHatch
 10
0.0
 20
0.0
 30
0.0
210
0.0
220
0.0
230
1.0
  2
SOLID
 70
1
 71
0
 91
2
 92
1
 93
0
 97
0
 92
1
 93
2
 72
2
 10
35.0000711201422448
 20
28.5000558801117627
 40
0.8500000000000014
 50
180.0
 51
0.0
 73
1
 72
2
 10
35.0000711201422448
 20
28.5000558801117627
 40
0.8500000000000014
 50
0.0
 51
180.0
 73
1
 97
0
 75
0
 76
1
 98
0
1001
ACAD
1010
0.0
1020
0.0
1030
0
  0
HATCH
  5
43A
100
AcDbEntity
  8
Multi-Layer
 62
256
370
-1
 48
1.0
  6
ByLayer
100
AcDbHatch
 10
0.0
 20
0.0
 30
0.0
210
0.0
220
0.0
230
1.0
  2
SOLID
 70
1
 71
0
 91
2
 92
1
 93
0
 97
0
 92
1
 93
2
 72
2
 10
35.0000711201422448
 20
28.5000558801117627
 40
0.8500000000000014
 50
180.0
 51
0.0
 73
1
 72
2
 10
35.0000711201422448
 20
28.5000558801117627
 40
0.8500000000000014
 50
0.0
 51
180.0
 73
1
 97
0
 75
0
 76
1
 98
0
1001
ACAD
1010
0.0
1020
0.0
1030
0
  0
HATCH
  5
43B
100
AcDbEntity
  8
Multi-Layer
 62
256
370
-1
 48
1.0
  6
ByLayer
100
AcDbHatch
 10
0.0
 20
0.0
 30
0.0
210
0.0
220
0.0
230
1.0
  2
SOLID
 70
1
 71
0
 91
2
 92
1
 93
0
 97
0
 92
1
 93
2
 72
2
 10
35.0000711201422448
 20
28.5000558801117627
 40
0.8500000000000014
 50
180.0
 51
0.0
 73
1
 72
2
 10
35.0000711201422448
 20
28.5000558801117627
 40
0.8500000000000014
 50
0.0
 51
180.0
 73
1
 97
0
 75
0
 76
1
 98
0
1001
ACAD
1010
0.0
1020
0.0
1030
0
  0
HATCH
  5
43C
100
AcDbEntity
  8
Multi-Layer
 62
256
370
-1
 48
1.0
  6
ByLayer
100
AcDbHatch
 10
0.0
 20
0.0
 30
0.0
210
0.0
220
0.0
230
1.0
  2
SOLID
 70
1
 71
0
 91
2
 92
1
 93
0
 97
0
 92
1
 93
2
 72
2
 10
35.0000711201422448
 20
28.5000558801117627
 40
0.8500000000000014
 50
180.0
 51
0.0
 73
1
 72
2
 10
35.0000711201422448
 20
28.5000558801117627
 40
0.8500000000000014
 50
0.0
 51
180.0
 73
1
 97
0
 75
0
 76
1
 98
0
1001
ACAD
1010
0.0
1020
0.0
1030
0
  0
HATCH
  5
43D
100
AcDbEntity
  8
Multi-Layer
 62
256
370
-1
 48
1.0
  6
ByLayer
100
AcDbHatch
 10
0.0
 20
0.0
 30
0.0
210
0.0
220
0.0
230
1.0
  2
SOLID
 70
1
 71
0
 91
2
 92
1
 93
0
 97
0
 92
1
 93
2
 72
2
 10
37.5400762001524058
 20
28.5000558801117627
 40
0.8500000000000014
 50
180.0
 51
0.0
 73
1
 72
2
 10
37.5400762001524058
 20
28.5000558801117627
 40
0.8500000000000014
 50
0.0
 51
180.0
 73
1
 97
0
 75
0
 76
1
 98
0
1001
ACAD
1010
0.0
1020
0.0
1030
0
  0
HATCH
  5
43E
100
AcDbEntity
  8
Multi-Layer
 62
256
370
-1
 48
1.0
  6
ByLayer
100
AcDbHatch
 10
0.0
 20
0.0
 30
0.0
210
0.0
220
0.0
230
1.0
  2
SOLID
 70
1
 71
0
 91
2
 92
1
 93
0
 97
0
 92
1
 93
2
 72
2
 10
37.5400762001524058
 20
28.5000558801117627
 40
0.8500000000000014
 50
180.0
 51
0.0
 73
1
 72
2
 10
37.5400762001524058
 20
28.5000558801117627
 40
0.8500000000000014
 50
0.0
 51
180.0
 73
1
 97
0
 75
0
 76
1
 98
0
1001
ACAD
1010
0.0
1020
0.0
1030
0
  0
HATCH
  5
43F
100
AcDbEntity
  8
Multi-Layer
 62
256
370
-1
 48
1.0
  6
ByLayer
100
AcDbHatch
 10
0.0
 20
0.0
 30
0.0
210
0.0
220
0.0
230
1.0
  2
SOLID
 70
1
 71
0
 91
2
 92
1
 93
0
 97
0
 92
1
 93
2
 72
2
 10
37.5400762001524058
 20
28.5000558801117627
 40
0.8500000000000014
 50
180.0
 51
0.0
 73
1
 72
2
 10
37.5400762001524058
 20
28.5000558801117627
 40
0.8500000000000014
 50
0.0
 51
180.0
 73
1
 97
0
 75
0
 76
1
 98
0
1001
ACAD
1010
0.0
1020
0.0
1030
0
  0
HATCH
  5
440
100
AcDbEntity
  8
Multi-Layer
 62
256
370
-1
 48
1.0
  6
ByLayer
100
AcDbHatch
 10
0.0
 20
0.0
 30
0.0
210
0.0
220
0.0
230
1.0
  2
SOLID
 70
1
 71
0
 91
2
 92
1
 93
0
 97
0
 92
1
 93
2
 72
2
 10
37.5400762001524058
 20
28.5000558801117627
 40
0.8500000000000014
 50
180.0
 51
0.0
 73
1
 72
2
 10
37.5400762001524058
 20
28.5000558801117627
 40
0.8500000000000014
 50
0.0
 51
180.0
 73
1
 97
0
 75
0
 76
1
 98
0
1001
ACAD
1010
0.0
1020
0.0
1030
0
  0
HATCH
  5
441
100
AcDbEntity
  8
Multi-Layer
 62
256
370
-1
 48
1.0
  6
ByLayer
100
AcDbHatch
 10
0.0
 20
0.0
 30
0.0
210
0.0
220
0.0
230
1.0
  2
SOLID
 70
1
 71
0
 91
2
 92
1
 93
0
 97
0
 92
1
 93
2
 72
2
 10
37.5400762001524058
 20
28.5000558801117627
 40
0.8500000000000014
 50
180.0
 51
0.0
 73
1
 72
2
 10
37.5400762001524058
 20
28.5000558801117627
 40
0.8500000000000014
 50
0.0
 51
180.0
 73
1
 97
0
 75
0
 76
1
 98
0
1001
ACAD
1010
0.0
1020
0.0
1030
0
  0
HATCH
  5
442
100
AcDbEntity
  8
Multi-Layer
 62
256
370
-1
 48
1.0
  6
ByLayer
100
AcDbHatch
 10
0.0
 20
0.0
 30
0.0
210
0.0
220
0.0
230
1.0
  2
SOLID
 70
1
 71
0
 91
2
 92
1
 93
0
 97
0
 92
1
 93
2
 72
2
 10
37.5400762001524058
 20
28.5000558801117627
 40
0.8500000000000014
 50
180.0
 51
0.0
 73
1
 72
2
 10
37.5400762001524058
 20
28.5000558801117627
 40
0.8500000000000014
 50
0.0
 51
180.0
 73
1
 97
0
 75
0
 76
1
 98
0
1001
ACAD
1010
0.0
1020
0.0
1030
0
  0
HATCH
  5
443
100
AcDbEntity
  8
Multi-Layer
 62
256
370
-1
 48
1.0
  6
ByLayer
100
AcDbHatch
 10
0.0
 20
0.0
 30
0.0
210
0.0
220
0.0
230
1.0
  2
SOLID
 70
1
 71
0
 91
2
 92
1
 93
0
 97
0
 92
1
 93
2
 72
2
 10
65.0001295402590813
 20
6.0000127000254011
 40
1.25
 50
180.0
 51
0.0
 73
1
 72
2
 10
65.0001295402590813
 20
6.0000127000254011
 40
1.25
 50
0.0
 51
180.0
 73
1
 97
0
 75
0
 76
1
 98
0
1001
ACAD
1010
0.0
1020
0.0
1030
0
  0
HATCH
  5
444
100
AcDbEntity
  8
Multi-Layer
 62
256
370
-1
 48
1.0
  6
ByLayer
100
AcDbHatch
 10
0.0
 20
0.0
 30
0.0
210
0.0
220
0.0
230
1.0
  2
SOLID
 70
1
 71
0
 91
2
 92
1
 93
0
 97
0
 92
1
 93
2
 72
2
 10
65.0001295402590813
 20
6.0000127000254011
 40
1.25
 50
180.0
 51
0.0
 73
1
 72
2
 10
65.0001295402590813
 20
6.0000127000254011
 40
1.25
 50
0.0
 51
180.0
 73
1
 97
0
 75
0
 76
1
 98
0
1001
ACAD
1010
0.0
1020
0.0
1030
0
  0
HATCH
  5
445
100
AcDbEntity
  8
Multi-Layer
 62
256
370
-1
 48
1.0
  6
ByLayer
100
AcDbHatch
 10
0.0
 20
0.0
 30
0.0
210
0.0
220
0.0
230
1.0
  2
SOLID
 70
1
 71
0
 91
2
 92
1
 93
0
 97
0
 92
1
 93
2
 72
2
 10
65.0001295402590813
 20
6.0000127000254011
 40
1.25
 50
180.0
 51
0.0
 73
1
 72
2
 10
65.0001295402590813
 20
6.0000127000254011
 40
1.25
 50
0.0
 51
180.0
 73
1
 97
0
 75
0
 76
1
 98
0
1001
ACAD
1010
0.0
1020
0.0
1030
0
  0
HATCH
  5
446
100
AcDbEntity
  8
Multi-Layer
 62
256
370
-1
 48
1.0
  6
ByLayer
100
AcDbHatch
 10
0.0
 20
0.0
 30
0.0
210
0.0
220
0.0
230
1.0
  2
SOLID
 70
1
 71
0
 91
2
 92
1
 93
0
 97
0
 92
1
 93
2
 72
2
 10
65.0001295402590813
 20
6.0000127000254011
 40
1.25
 50
180.0
 51
0.0
 73
1
 72
2
 10
65.0001295402590813
 20
6.0000127000254011
 40
1.25
 50
0.0
 51
180.0
 73
1
 97
0
 75
0
 76
1
 98
0
1001
ACAD
1010
0.0
1020
0.0
1030
0
  0
HATCH
  5
447
100
AcDbEntity
  8
Multi-Layer
 62
256
370
-1
 48
1.0
  6
ByLayer
100
AcDbHatch
 10
0.0
 20
0.0
 30
0.0
210
0.0
220
0.0
230
1.0
  2
SOLID
 70
1
 71
0
 91
2
 92
1
 93
0
 97
0
 92
1
 93
2
 72
2
 10
65.0001295402590813
 20
6.0000127000254011
 40
1.25
 50
180.0
 51
0.0
 73
1
 72
2
 10
65.0001295402590813
 20
6.0000127000254011
 40
1.25
 50
0.0
 51
180.0
 73
1
 97
0
 75
0
 76
1
 98
0
1001
ACAD
1010
0.0
1020
0.0
1030
0
  0
HATCH
  5
448
100
AcDbEntity
  8
Multi-Layer
 62
256
370
-1
 48
1.0
  6
ByLayer
100
AcDbHatch
 10
0.0
 20
0.0
 30
0.0
210
0.0
220
0.0
230
1.0
  2
SOLID
 70
1
 71
0
 91
2
 92
1
 93
0
 97
0
 92
1
 93
2
 72
2
 10
65.0001295402590813
 20
6.0000127000254011
 40
1.25
 50
180.0
 51
0.0
 73
1
 72
2
 10
65.0001295402590813
 20
6.0000127000254011
 40
1.25
 50
0.0
 51
180.0
 73
1
 97
0
 75
0
 76
1
 98
0
1001
ACAD
1010
0.0
1020
0.0
1030
0
  0
HATCH
  5
449
100
AcDbEntity
  8
Multi-Layer
 62
256
370
-1
 48
1.0
  6
ByLayer
100
AcDbHatch
 10
0.0
 20
0.0
 30
0.0
210
0.0
220
0.0
230
1.0
  2
SOLID
 70
1
 71
0
 91
2
 92
1
 93
0
 97
0
 92
1
 93
2
 72
2
 10
67.5500406400812778
 20
3.4501016002032046
 40
1.25
 50
180.0
 51
0.0
 73
1
 72
2
 10
67.5500406400812778
 20
3.4501016002032046
 40
1.25
 50
0.0
 51
180.0
 73
1
 97
0
 75
0
 76
1
 98
0
1001
ACAD
1010
0.0
1020
0.0
1030
0
  0
HATCH
  5
44A
100
AcDbEntity
  8
Multi-Layer
 62
256
370
-1
 48
1.0
  6
ByLayer
100
AcDbHatch
 10
0.0
 20
0.0
 30
0.0
210
0.0
220
0.0
230
1.0
  2
SOLID
 70
1
 71
0
 91
2
 92
1
 93
0
 97
0
 92
1
 93
2
 72
2
 10
67.5500406400812778
 20
3.4501016002032046
 40
1.25
 50
180.0
 51
0.0
 73
1
 72
2
 10
67.5500406400812778
 20
3.4501016002032046
 40
1.25
 50
0.0
 51
180.0
 73
1
 97
0
 75
0
 76
1
 98
0
1001
ACAD
1010
0.0
1020
0.0
1030
0
  0
HATCH
  5
44B
100
AcDbEntity
  8
Multi-Layer
 62
256
370
-1
 48
1.0
  6
ByLayer
100
AcDbHatch
 10
0.0
 20
0.0
 30
0.0
210
0.0
220
0.0
230
1.0
  2
SOLID
 70
1
 71
0
 91
2
 92
1
 93
0
 97
0
 92
1
 93
2
 72
2
 10
67.5500406400812778
 20
3.4501016002032046
 40
1.25
 50
180.0
 51
0.0
 73
1
 72
2
 10
67.5500406400812778
 20
3.4501016002032046
 40
1.25
 50
0.0
 51
180.0
 73
1
 97
0
 75
0
 76
1
 98
0
1001
ACAD
1010
0.0
1020
0.0
1030
0
  0
HATCH
  5
44C
100
AcDbEntity
  8
Multi-Layer
 62
256
370
-1
 48
1.0
  6
ByLayer
100
AcDbHatch
 10
0.0
 20
0.0
 30
0.0
210
0.0
220
0.0
230
1.0
  2
SOLID
 70
1
 71
0
 91
2
 92
1
 93
0
 97
0
 92
1
 93
2
 72
2
 10
67.5500406400812778
 20
3.4501016002032046
 40
1.25
 50
180.0
 51
0.0
 73
1
 72
2
 10
67.5500406400812778
 20
3.4501016002032046
 40
1.25
 50
0.0
 51
180.0
 73
1
 97
0
 75
0
 76
1
 98
0
1001
ACAD
1010
0.0
1020
0.0
1030
0
  0
HATCH
  5
44D
100
AcDbEntity
  8
Multi-Layer
 62
256
370
-1
 48
1.0
  6
ByLayer
100
AcDbHatch
 10
0.0
 20
0.0
 30
0.0
210
0.0
220
0.0
230
1.0
  2
SOLID
 70
1
 71
0
 91
2
 92
1
 93
0
 97
0
 92
1
 93
2
 72
2
 10
67.5500406400812778
 20
3.4501016002032046
 40
1.25
 50
180.0
 51
0.0
 73
1
 72
2
 10
67.5500406400812778
 20
3.4501016002032046
 40
1.25
 50
0.0
 51
180.0
 73
1
 97
0
 75
0
 76
1
 98
0
1001
ACAD
1010
0.0
1020
0.0
1030
0
  0
HATCH
  5
44E
100
AcDbEntity
  8
Multi-Layer
 62
256
370
-1
 48
1.0
  6
ByLayer
100
AcDbHatch
 10
0.0
 20
0.0
 30
0.0
210
0.0
220
0.0
230
1.0
  2
SOLID
 70
1
 71
0
 91
2
 92
1
 93
0
 97
0
 92
1
 93
2
 72
2
 10
67.5500406400812778
 20
3.4501016002032046
 40
1.25
 50
180.0
 51
0.0
 73
1
 72
2
 10
67.5500406400812778
 20
3.4501016002032046
 40
1.25
 50
0.0
 51
180.0
 73
1
 97
0
 75
0
 76
1
 98
0
1001
ACAD
1010
0.0
1020
0.0
1030
0
  0
HATCH
  5
44F
100
AcDbEntity
  8
Multi-Layer
 62
256
370
-1
 48
1.0
  6
ByLayer
100
AcDbHatch
 10
0.0
 20
0.0
 30
0.0
210
0.0
220
0.0
230
1.0
  2
SOLID
 70
1
 71
0
 91
2
 92
1
 93
0
 97
0
 92
1
 93
2
 72
2
 10
67.5500406400812778
 20
8.5499237998475976
 40
1.25
 50
180.0
 51
0.0
 73
1
 72
2
 10
67.5500406400812778
 20
8.5499237998475976
 40
1.25
 50
0.0
 51
180.0
 73
1
 97
0
 75
0
 76
1
 98
0
1001
ACAD
1010
0.0
1020
0.0
1030
0
  0
HATCH
  5
450
100
AcDbEntity
  8
Multi-Layer
 62
256
370
-1
 48
1.0
  6
ByLayer
100
AcDbHatch
 10
0.0
 20
0.0
 30
0.0
210
0.0
220
0.0
230
1.0
  2
SOLID
 70
1
 71
0
 91
2
 92
1
 93
0
 97
0
 92
1
 93
2
 72
2
 10
67.5500406400812778
 20
8.5499237998475976
 40
1.25
 50
180.0
 51
0.0
 73
1
 72
2
 10
67.5500406400812778
 20
8.5499237998475976
 40
1.25
 50
0.0
 51
180.0
 73
1
 97
0
 75
0
 76
1
 98
0
1001
ACAD
1010
0.0
1020
0.0
1030
0
  0
HATCH
  5
451
100
AcDbEntity
  8
Multi-Layer
 62
256
370
-1
 48
1.0
  6
ByLayer
100
AcDbHatch
 10
0.0
 20
0.0
 30
0.0
210
0.0
220
0.0
230
1.0
  2
SOLID
 70
1
 71
0
 91
2
 92
1
 93
0
 97
0
 92
1
 93
2
 72
2
 10
67.5500406400812778
 20
8.5499237998475976
 40
1.25
 50
180.0
 51
0.0
 73
1
 72
2
 10
67.5500406400812778
 20
8.5499237998475976
 40
1.25
 50
0.0
 51
180.0
 73
1
 97
0
 75
0
 76
1
 98
0
1001
ACAD
1010
0.0
1020
0.0
1030
0
  0
HATCH
  5
452
100
AcDbEntity
  8
Multi-Layer
 62
256
370
-1
 48
1.0
  6
ByLayer
100
AcDbHatch
 10
0.0
 20
0.0
 30
0.0
210
0.0
220
0.0
230
1.0
  2
SOLID
 70
1
 71
0
 91
2
 92
1
 93
0
 97
0
 92
1
 93
2
 72
2
 10
67.5500406400812778
 20
8.5499237998475976
 40
1.25
 50
180.0
 51
0.0
 73
1
 72
2
 10
67.5500406400812778
 20
8.5499237998475976
 40
1.25
 50
0.0
 51
180.0
 73
1
 97
0
 75
0
 76
1
 98
0
1001
ACAD
1010
0.0
1020
0.0
1030
0
  0
HATCH
  5
453
100
AcDbEntity
  8
Multi-Layer
 62
256
370
-1
 48
1.0
  6
ByLayer
100
AcDbHatch
 10
0.0
 20
0.0
 30
0.0
210
0.0
220
0.0
230
1.0
  2
SOLID
 70
1
 71
0
 91
2
 92
1
 93
0
 97
0
 92
1
 93
2
 72
2
 10
67.5500406400812778
 20
8.5499237998475976
 40
1.25
 50
180.0
 51
0.0
 73
1
 72
2
 10
67.5500406400812778
 20
8.5499237998475976
 40
1.25
 50
0.0
 51
180.0
 73
1
 97
0
 75
0
 76
1
 98
0
1001
ACAD
1010
0.0
1020
0.0
1030
0
  0
HATCH
  5
454
100
AcDbEntity
  8
Multi-Layer
 62
256
370
-1
 48
1.0
  6
ByLayer
100
AcDbHatch
 10
0.0
 20
0.0
 30
0.0
210
0.0
220
0.0
230
1.0
  2
SOLID
 70
1
 71
0
 91
2
 92
1
 93
0
 97
0
 92
1
 93
2
 72
2
 10
67.5500406400812778
 20
8.5499237998475976
 40
1.25
 50
180.0
 51
0.0
 73
1
 72
2
 10
67.5500406400812778
 20
8.5499237998475976
 40
1.25
 50
0.0
 51
180.0
 73
1
 97
0
 75
0
 76
1
 98
0
1001
ACAD
1010
0.0
1020
0.0
1030
0
  0
HATCH
  5
455
100
AcDbEntity
  8
Multi-Layer
 62
256
370
-1
 48
1.0
  6
ByLayer
100
AcDbHatch
 10
0.0
 20
0.0
 30
0.0
210
0.0
220
0.0
230
1.0
  2
SOLID
 70
1
 71
0
 91
2
 92
1
 93
0
 97
0
 92
1
 93
2
 72
2
 10
62.4502184404368919
 20
8.5499237998475976
 40
1.25
 50
180.0
 51
0.0
 73
1
 72
2
 10
62.4502184404368919
 20
8.5499237998475976
 40
1.25
 50
0.0
 51
180.0
 73
1
 97
0
 75
0
 76
1
 98
0
1001
ACAD
1010
0.0
1020
0.0
1030
0
  0
HATCH
  5
456
100
AcDbEntity
  8
Multi-Layer
 62
256
370
-1
 48
1.0
  6
ByLayer
100
AcDbHatch
 10
0.0
 20
0.0
 30
0.0
210
0.0
220
0.0
230
1.0
  2
SOLID
 70
1
 71
0
 91
2
 92
1
 93
0
 97
0
 92
1
 93
2
 72
2
 10
62.4502184404368919
 20
8.5499237998475976
 40
1.25
 50
180.0
 51
0.0
 73
1
 72
2
 10
62.4502184404368919
 20
8.5499237998475976
 40
1.25
 50
0.0
 51
180.0
 73
1
 97
0
 75
0
 76
1
 98
0
1001
ACAD
1010
0.0
1020
0.0
1030
0
  0
HATCH
  5
457
100
AcDbEntity
  8
Multi-Layer
 62
256
370
-1
 48
1.0
  6
ByLayer
100
AcDbHatch
 10
0.0
 20
0.0
 30
0.0
210
0.0
220
0.0
230
1.0
  2
SOLID
 70
1
 71
0
 91
2
 92
1
 93
0
 97
0
 92
1
 93
2
 72
2
 10
62.4502184404368919
 20
8.5499237998475976
 40
1.25
 50
180.0
 51
0.0
 73
1
 72
2
 10
62.4502184404368919
 20
8.5499237998475976
 40
1.25
 50
0.0
 51
180.0
 73
1
 97
0
 75
0
 76
1
 98
0
1001
ACAD
1010
0.0
1020
0.0
1030
0
  0
HATCH
  5
458
100
AcDbEntity
  8
Multi-Layer
 62
256
370
-1
 48
1.0
  6
ByLayer
100
AcDbHatch
 10
0.0
 20
0.0
 30
0.0
210
0.0
220
0.0
230
1.0
  2
SOLID
 70
1
 71
0
 91
2
 92
1
 93
0
 97
0
 92
1
 93
2
 72
2
 10
62.4502184404368919
 20
8.5499237998475976
 40
1.25
 50
180.0
 51
0.0
 73
1
 72
2
 10
62.4502184404368919
 20
8.5499237998475976
 40
1.25
 50
0.0
 51
180.0
 73
1
 97
0
 75
0
 76
1
 98
0
1001
ACAD
1010
0.0
1020
0.0
1030
0
  0
HATCH
  5
459
100
AcDbEntity
  8
Multi-Layer
 62
256
370
-1
 48
1.0
  6
ByLayer
100
AcDbHatch
 10
0.0
 20
0.0
 30
0.0
210
0.0
220
0.0
230
1.0
  2
SOLID
 70
1
 71
0
 91
2
 92
1
 93
0
 97
0
 92
1
 93
2
 72
2
 10
62.4502184404368919
 20
8.5499237998475976
 40
1.25
 50
180.0
 51
0.0
 73
1
 72
2
 10
62.4502184404368919
 20
8.5499237998475976
 40
1.25
 50
0.0
 51
180.0
 73
1
 97
0
 75
0
 76
1
 98
0
1001
ACAD
1010
0.0
1020
0.0
1030
0
  0
HATCH
  5
45A
100
AcDbEntity
  8
Multi-Layer
 62
256
370
-1
 48
1.0
  6
ByLayer
100
AcDbHatch
 10
0.0
 20
0.0
 30
0.0
210
0.0
220
0.0
230
1.0
  2
SOLID
 70
1
 71
0
 91
2
 92
1
 93
0
 97
0
 92
1
 93
2
 72
2
 10
62.4502184404368919
 20
8.5499237998475976
 40
1.25
 50
180.0
 51
0.0
 73
1
 72
2
 10
62.4502184404368919
 20
8.5499237998475976
 40
1.25
 50
0.0
 51
180.0
 73
1
 97
0
 75
0
 76
1
 98
0
1001
ACAD
1010
0.0
1020
0.0
1030
0
  0
HATCH
  5
45B
100
AcDbEntity
  8
Multi-Layer
 62
256
370
-1
 48
1.0
  6
ByLayer
100
AcDbHatch
 10
0.0
 20
0.0
 30
0.0
210
0.0
220
0.0
230
1.0
  2
SOLID
 70
1
 71
0
 91
2
 92
1
 93
0
 97
0
 92
1
 93
2
 72
2
 10
62.4502184404368919
 20
3.4501016002032046
 40
1.25
 50
180.0
 51
0.0
 73
1
 72
2
 10
62.4502184404368919
 20
3.4501016002032046
 40
1.25
 50
0.0
 51
180.0
 73
1
 97
0
 75
0
 76
1
 98
0
1001
ACAD
1010
0.0
1020
0.0
1030
0
  0
HATCH
  5
45C
100
AcDbEntity
  8
Multi-Layer
 62
256
370
-1
 48
1.0
  6
ByLayer
100
AcDbHatch
 10
0.0
 20
0.0
 30
0.0
210
0.0
220
0.0
230
1.0
  2
SOLID
 70
1
 71
0
 91
2
 92
1
 93
0
 97
0
 92
1
 93
2
 72
2
 10
62.4502184404368919
 20
3.4501016002032046
 40
1.25
 50
180.0
 51
0.0
 73
1
 72
2
 10
62.4502184404368919
 20
3.4501016002032046
 40
1.25
 50
0.0
 51
180.0
 73
1
 97
0
 75
0
 76
1
 98
0
1001
ACAD
1010
0.0
1020
0.0
1030
0
  0
HATCH
  5
45D
100
AcDbEntity
  8
Multi-Layer
 62
256
370
-1
 48
1.0
  6
ByLayer
100
AcDbHatch
 10
0.0
 20
0.0
 30
0.0
210
0.0
220
0.0
230
1.0
  2
SOLID
 70
1
 71
0
 91
2
 92
1
 93
0
 97
0
 92
1
 93
2
 72
2
 10
62.4502184404368919
 20
3.4501016002032046
 40
1.25
 50
180.0
 51
0.0
 73
1
 72
2
 10
62.4502184404368919
 20
3.4501016002032046
 40
1.25
 50
0.0
 51
180.0
 73
1
 97
0
 75
0
 76
1
 98
0
1001
ACAD
1010
0.0
1020
0.0
1030
0
  0
HATCH
  5
45E
100
AcDbEntity
  8
Multi-Layer
 62
256
370
-1
 48
1.0
  6
ByLayer
100
AcDbHatch
 10
0.0
 20
0.0
 30
0.0
210
0.0
220
0.0
230
1.0
  2
SOLID
 70
1
 71
0
 91
2
 92
1
 93
0
 97
0
 92
1
 93
2
 72
2
 10
62.4502184404368919
 20
3.4501016002032046
 40
1.25
 50
180.0
 51
0.0
 73
1
 72
2
 10
62.4502184404368919
 20
3.4501016002032046
 40
1.25
 50
0.0
 51
180.0
 73
1
 97
0
 75
0
 76
1
 98
0
1001
ACAD
1010
0.0
1020
0.0
1030
0
  0
HATCH
  5
45F
100
AcDbEntity
  8
Multi-Layer
 62
256
370
-1
 48
1.0
  6
ByLayer
100
AcDbHatch
 10
0.0
 20
0.0
 30
0.0
210
0.0
220
0.0
230
1.0
  2
SOLID
 70
1
 71
0
 91
2
 92
1
 93
0
 97
0
 92
1
 93
2
 72
2
 10
62.4502184404368919
 20
3.4501016002032046
 40
1.25
 50
180.0
 51
0.0
 73
1
 72
2
 10
62.4502184404368919
 20
3.4501016002032046
 40
1.25
 50
0.0
 51
180.0
 73
1
 97
0
 75
0
 76
1
 98
0
1001
ACAD
1010
0.0
1020
0.0
1030
0
  0
HATCH
  5
460
100
AcDbEntity
  8
Multi-Layer
 62
256
370
-1
 48
1.0
  6
ByLayer
100
AcDbHatch
 10
0.0
 20
0.0
 30
0.0
210
0.0
220
0.0
230
1.0
  2
SOLID
 70
1
 71
0
 91
2
 92
1
 93
0
 97
0
 92
1
 93
2
 72
2
 10
62.4502184404368919
 20
3.4501016002032046
 40
1.25
 50
180.0
 51
0.0
 73
1
 72
2
 10
62.4502184404368919
 20
3.4501016002032046
 40
1.25
 50
0.0
 51
180.0
 73
1
 97
0
 75
0
 76
1
 98
0
1001
ACAD
1010
0.0
1020
0.0
1030
0
  0
HATCH
  5
461
100
AcDbEntity
  8
Multi-Layer
 62
256
370
-1
 48
1.0
  6
ByLayer
100
AcDbHatch
 10
0.0
 20
0.0
 30
0.0
210
0.0
220
0.0
230
1.0
  2
SOLID
 70
1
 71
0
 91
2
 92
1
 93
0
 97
0
 92
1
 93
2
 72
2
 10
65.0001295402590813
 20
24.000048260096527
 40
1.25
 50
180.0
 51
0.0
 73
1
 72
2
 10
65.0001295402590813
 20
24.000048260096527
 40
1.25
 50
0.0
 51
180.0
 73
1
 97
0
 75
0
 76
1
 98
0
1001
ACAD
1010
0.0
1020
0.0
1030
0
  0
HATCH
  5
462
100
AcDbEntity
  8
Multi-Layer
 62
256
370
-1
 48
1.0
  6
ByLayer
100
AcDbHatch
 10
0.0
 20
0.0
 30
0.0
210
0.0
220
0.0
230
1.0
  2
SOLID
 70
1
 71
0
 91
2
 92
1
 93
0
 97
0
 92
1
 93
2
 72
2
 10
65.0001295402590813
 20
24.000048260096527
 40
1.25
 50
180.0
 51
0.0
 73
1
 72
2
 10
65.0001295402590813
 20
24.000048260096527
 40
1.25
 50
0.0
 51
180.0
 73
1
 97
0
 75
0
 76
1
 98
0
1001
ACAD
1010
0.0
1020
0.0
1030
0
  0
HATCH
  5
463
100
AcDbEntity
  8
Multi-Layer
 62
256
370
-1
 48
1.0
  6
ByLayer
100
AcDbHatch
 10
0.0
 20
0.0
 30
0.0
210
0.0
220
0.0
230
1.0
  2
SOLID
 70
1
 71
0
 91
2
 92
1
 93
0
 97
0
 92
1
 93
2
 72
2
 10
65.0001295402590813
 20
24.000048260096527
 40
1.25
 50
180.0
 51
0.0
 73
1
 72
2
 10
65.0001295402590813
 20
24.000048260096527
 40
1.25
 50
0.0
 51
180.0
 73
1
 97
0
 75
0
 76
1
 98
0
1001
ACAD
1010
0.0
1020
0.0
1030
0
  0
HATCH
  5
464
100
AcDbEntity
  8
Multi-Layer
 62
256
370
-1
 48
1.0
  6
ByLayer
100
AcDbHatch
 10
0.0
 20
0.0
 30
0.0
210
0.0
220
0.0
230
1.0
  2
SOLID
 70
1
 71
0
 91
2
 92
1
 93
0
 97
0
 92
1
 93
2
 72
2
 10
65.0001295402590813
 20
24.000048260096527
 40
1.25
 50
180.0
 51
0.0
 73
1
 72
2
 10
65.0001295402590813
 20
24.000048260096527
 40
1.25
 50
0.0
 51
180.0
 73
1
 97
0
 75
0
 76
1
 98
0
1001
ACAD
1010
0.0
1020
0.0
1030
0
  0
HATCH
  5
465
100
AcDbEntity
  8
Multi-Layer
 62
256
370
-1
 48
1.0
  6
ByLayer
100
AcDbHatch
 10
0.0
 20
0.0
 30
0.0
210
0.0
220
0.0
230
1.0
  2
SOLID
 70
1
 71
0
 91
2
 92
1
 93
0
 97
0
 92
1
 93
2
 72
2
 10
65.0001295402590813
 20
24.000048260096527
 40
1.25
 50
180.0
 51
0.0
 73
1
 72
2
 10
65.0001295402590813
 20
24.000048260096527
 40
1.25
 50
0.0
 51
180.0
 73
1
 97
0
 75
0
 76
1
 98
0
1001
ACAD
1010
0.0
1020
0.0
1030
0
  0
HATCH
  5
466
100
AcDbEntity
  8
Multi-Layer
 62
256
370
-1
 48
1.0
  6
ByLayer
100
AcDbHatch
 10
0.0
 20
0.0
 30
0.0
210
0.0
220
0.0
230
1.0
  2
SOLID
 70
1
 71
0
 91
2
 92
1
 93
0
 97
0
 92
1
 93
2
 72
2
 10
65.0001295402590813
 20
24.000048260096527
 40
1.25
 50
180.0
 51
0.0
 73
1
 72
2
 10
65.0001295402590813
 20
24.000048260096527
 40
1.25
 50
0.0
 51
180.0
 73
1
 97
0
 75
0
 76
1
 98
0
1001
ACAD
1010
0.0
1020
0.0
1030
0
  0
HATCH
  5
467
100
AcDbEntity
  8
Multi-Layer
 62
256
370
-1
 48
1.0
  6
ByLayer
100
AcDbHatch
 10
0.0
 20
0.0
 30
0.0
210
0.0
220
0.0
230
1.0
  2
SOLID
 70
1
 71
0
 91
2
 92
1
 93
0
 97
0
 92
1
 93
2
 72
2
 10
67.5500406400812778
 20
21.4501371602743234
 40
1.25
 50
180.0
 51
0.0
 73
1
 72
2
 10
67.5500406400812778
 20
21.4501371602743234
 40
1.25
 50
0.0
 51
180.0
 73
1
 97
0
 75
0
 76
1
 98
0
1001
ACAD
1010
0.0
1020
0.0
1030
0
  0
HATCH
  5
468
100
AcDbEntity
  8
Multi-Layer
 62
256
370
-1
 48
1.0
  6
ByLayer
100
AcDbHatch
 10
0.0
 20
0.0
 30
0.0
210
0.0
220
0.0
230
1.0
  2
SOLID
 70
1
 71
0
 91
2
 92
1
 93
0
 97
0
 92
1
 93
2
 72
2
 10
67.5500406400812778
 20
21.4501371602743234
 40
1.25
 50
180.0
 51
0.0
 73
1
 72
2
 10
67.5500406400812778
 20
21.4501371602743234
 40
1.25
 50
0.0
 51
180.0
 73
1
 97
0
 75
0
 76
1
 98
0
1001
ACAD
1010
0.0
1020
0.0
1030
0
  0
HATCH
  5
469
100
AcDbEntity
  8
Multi-Layer
 62
256
370
-1
 48
1.0
  6
ByLayer
100
AcDbHatch
 10
0.0
 20
0.0
 30
0.0
210
0.0
220
0.0
230
1.0
  2
SOLID
 70
1
 71
0
 91
2
 92
1
 93
0
 97
0
 92
1
 93
2
 72
2
 10
67.5500406400812778
 20
21.4501371602743234
 40
1.25
 50
180.0
 51
0.0
 73
1
 72
2
 10
67.5500406400812778
 20
21.4501371602743234
 40
1.25
 50
0.0
 51
180.0
 73
1
 97
0
 75
0
 76
1
 98
0
1001
ACAD
1010
0.0
1020
0.0
1030
0
  0
HATCH
  5
46A
100
AcDbEntity
  8
Multi-Layer
 62
256
370
-1
 48
1.0
  6
ByLayer
100
AcDbHatch
 10
0.0
 20
0.0
 30
0.0
210
0.0
220
0.0
230
1.0
  2
SOLID
 70
1
 71
0
 91
2
 92
1
 93
0
 97
0
 92
1
 93
2
 72
2
 10
67.5500406400812778
 20
21.4501371602743234
 40
1.25
 50
180.0
 51
0.0
 73
1
 72
2
 10
67.5500406400812778
 20
21.4501371602743234
 40
1.25
 50
0.0
 51
180.0
 73
1
 97
0
 75
0
 76
1
 98
0
1001
ACAD
1010
0.0
1020
0.0
1030
0
  0
HATCH
  5
46B
100
AcDbEntity
  8
Multi-Layer
 62
256
370
-1
 48
1.0
  6
ByLayer
100
AcDbHatch
 10
0.0
 20
0.0
 30
0.0
210
0.0
220
0.0
230
1.0
  2
SOLID
 70
1
 71
0
 91
2
 92
1
 93
0
 97
0
 92
1
 93
2
 72
2
 10
67.5500406400812778
 20
21.4501371602743234
 40
1.25
 50
180.0
 51
0.0
 73
1
 72
2
 10
67.5500406400812778
 20
21.4501371602743234
 40
1.25
 50
0.0
 51
180.0
 73
1
 97
0
 75
0
 76
1
 98
0
1001
ACAD
1010
0.0
1020
0.0
1030
0
  0
HATCH
  5
46C
100
AcDbEntity
  8
Multi-Layer
 62
256
370
-1
 48
1.0
  6
ByLayer
100
AcDbHatch
 10
0.0
 20
0.0
 30
0.0
210
0.0
220
0.0
230
1.0
  2
SOLID
 70
1
 71
0
 91
2
 92
1
 93
0
 97
0
 92
1
 93
2
 72
2
 10
67.5500406400812778
 20
21.4501371602743234
 40
1.25
 50
180.0
 51
0.0
 73
1
 72
2
 10
67.5500406400812778
 20
21.4501371602743234
 40
1.25
 50
0.0
 51
180.0
 73
1
 97
0
 75
0
 76
1
 98
0
1001
ACAD
1010
0.0
1020
0.0
1030
0
  0
HATCH
  5
46D
100
AcDbEntity
  8
Multi-Layer
 62
256
370
-1
 48
1.0
  6
ByLayer
100
AcDbHatch
 10
0.0
 20
0.0
 30
0.0
210
0.0
220
0.0
230
1.0
  2
SOLID
 70
1
 71
0
 91
2
 92
1
 93
0
 97
0
 92
1
 93
2
 72
2
 10
67.5500406400812778
 20
26.5499593599187271
 40
1.25
 50
180.0
 51
0.0
 73
1
 72
2
 10
67.5500406400812778
 20
26.5499593599187271
 40
1.25
 50
0.0
 51
180.0
 73
1
 97
0
 75
0
 76
1
 98
0
1001
ACAD
1010
0.0
1020
0.0
1030
0
  0
HATCH
  5
46E
100
AcDbEntity
  8
Multi-Layer
 62
256
370
-1
 48
1.0
  6
ByLayer
100
AcDbHatch
 10
0.0
 20
0.0
 30
0.0
210
0.0
220
0.0
230
1.0
  2
SOLID
 70
1
 71
0
 91
2
 92
1
 93
0
 97
0
 92
1
 93
2
 72
2
 10
67.5500406400812778
 20
26.5499593599187271
 40
1.25
 50
180.0
 51
0.0
 73
1
 72
2
 10
67.5500406400812778
 20
26.5499593599187271
 40
1.25
 50
0.0
 51
180.0
 73
1
 97
0
 75
0
 76
1
 98
0
1001
ACAD
1010
0.0
1020
0.0
1030
0
  0
HATCH
  5
46F
100
AcDbEntity
  8
Multi-Layer
 62
256
370
-1
 48
1.0
  6
ByLayer
100
AcDbHatch
 10
0.0
 20
0.0
 30
0.0
210
0.0
220
0.0
230
1.0
  2
SOLID
 70
1
 71
0
 91
2
 92
1
 93
0
 97
0
 92
1
 93
2
 72
2
 10
67.5500406400812778
 20
26.5499593599187271
 40
1.25
 50
180.0
 51
0.0
 73
1
 72
2
 10
67.5500406400812778
 20
26.5499593599187271
 40
1.25
 50
0.0
 51
180.0
 73
1
 97
0
 75
0
 76
1
 98
0
1001
ACAD
1010
0.0
1020
0.0
1030
0
  0
HATCH
  5
470
100
AcDbEntity
  8
Multi-Layer
 62
256
370
-1
 48
1.0
  6
ByLayer
100
AcDbHatch
 10
0.0
 20
0.0
 30
0.0
210
0.0
220
0.0
230
1.0
  2
SOLID
 70
1
 71
0
 91
2
 92
1
 93
0
 97
0
 92
1
 93
2
 72
2
 10
67.5500406400812778
 20
26.5499593599187271
 40
1.25
 50
180.0
 51
0.0
 73
1
 72
2
 10
67.5500406400812778
 20
26.5499593599187271
 40
1.25
 50
0.0
 51
180.0
 73
1
 97
0
 75
0
 76
1
 98
0
1001
ACAD
1010
0.0
1020
0.0
1030
0
  0
HATCH
  5
471
100
AcDbEntity
  8
Multi-Layer
 62
256
370
-1
 48
1.0
  6
ByLayer
100
AcDbHatch
 10
0.0
 20
0.0
 30
0.0
210
0.0
220
0.0
230
1.0
  2
SOLID
 70
1
 71
0
 91
2
 92
1
 93
0
 97
0
 92
1
 93
2
 72
2
 10
67.5500406400812778
 20
26.5499593599187271
 40
1.25
 50
180.0
 51
0.0
 73
1
 72
2
 10
67.5500406400812778
 20
26.5499593599187271
 40
1.25
 50
0.0
 51
180.0
 73
1
 97
0
 75
0
 76
1
 98
0
1001
ACAD
1010
0.0
1020
0.0
1030
0
  0
HATCH
  5
472
100
AcDbEntity
  8
Multi-Layer
 62
256
370
-1
 48
1.0
  6
ByLayer
100
AcDbHatch
 10
0.0
 20
0.0
 30
0.0
210
0.0
220
0.0
230
1.0
  2
SOLID
 70
1
 71
0
 91
2
 92
1
 93
0
 97
0
 92
1
 93
2
 72
2
 10
67.5500406400812778
 20
26.5499593599187271
 40
1.25
 50
180.0
 51
0.0
 73
1
 72
2
 10
67.5500406400812778
 20
26.5499593599187271
 40
1.25
 50
0.0
 51
180.0
 73
1
 97
0
 75
0
 76
1
 98
0
1001
ACAD
1010
0.0
1020
0.0
1030
0
  0
HATCH
  5
473
100
AcDbEntity
  8
Multi-Layer
 62
256
370
-1
 48
1.0
  6
ByLayer
100
AcDbHatch
 10
0.0
 20
0.0
 30
0.0
210
0.0
220
0.0
230
1.0
  2
SOLID
 70
1
 71
0
 91
2
 92
1
 93
0
 97
0
 92
1
 93
2
 72
2
 10
62.4502184404368919
 20
26.5499593599187236
 40
1.25
 50
180.0
 51
0.0
 73
1
 72
2
 10
62.4502184404368919
 20
26.5499593599187236
 40
1.25
 50
0.0
 51
180.0
 73
1
 97
0
 75
0
 76
1
 98
0
1001
ACAD
1010
0.0
1020
0.0
1030
0
  0
HATCH
  5
474
100
AcDbEntity
  8
Multi-Layer
 62
256
370
-1
 48
1.0
  6
ByLayer
100
AcDbHatch
 10
0.0
 20
0.0
 30
0.0
210
0.0
220
0.0
230
1.0
  2
SOLID
 70
1
 71
0
 91
2
 92
1
 93
0
 97
0
 92
1
 93
2
 72
2
 10
62.4502184404368919
 20
26.5499593599187236
 40
1.25
 50
180.0
 51
0.0
 73
1
 72
2
 10
62.4502184404368919
 20
26.5499593599187236
 40
1.25
 50
0.0
 51
180.0
 73
1
 97
0
 75
0
 76
1
 98
0
1001
ACAD
1010
0.0
1020
0.0
1030
0
  0
HATCH
  5
475
100
AcDbEntity
  8
Multi-Layer
 62
256
370
-1
 48
1.0
  6
ByLayer
100
AcDbHatch
 10
0.0
 20
0.0
 30
0.0
210
0.0
220
0.0
230
1.0
  2
SOLID
 70
1
 71
0
 91
2
 92
1
 93
0
 97
0
 92
1
 93
2
 72
2
 10
62.4502184404368919
 20
26.5499593599187236
 40
1.25
 50
180.0
 51
0.0
 73
1
 72
2
 10
62.4502184404368919
 20
26.5499593599187236
 40
1.25
 50
0.0
 51
180.0
 73
1
 97
0
 75
0
 76
1
 98
0
1001
ACAD
1010
0.0
1020
0.0
1030
0
  0
HATCH
  5
476
100
AcDbEntity
  8
Multi-Layer
 62
256
370
-1
 48
1.0
  6
ByLayer
100
AcDbHatch
 10
0.0
 20
0.0
 30
0.0
210
0.0
220
0.0
230
1.0
  2
SOLID
 70
1
 71
0
 91
2
 92
1
 93
0
 97
0
 92
1
 93
2
 72
2
 10
62.4502184404368919
 20
26.5499593599187236
 40
1.25
 50
180.0
 51
0.0
 73
1
 72
2
 10
62.4502184404368919
 20
26.5499593599187236
 40
1.25
 50
0.0
 51
180.0
 73
1
 97
0
 75
0
 76
1
 98
0
1001
ACAD
1010
0.0
1020
0.0
1030
0
  0
HATCH
  5
477
100
AcDbEntity
  8
Multi-Layer
 62
256
370
-1
 48
1.0
  6
ByLayer
100
AcDbHatch
 10
0.0
 20
0.0
 30
0.0
210
0.0
220
0.0
230
1.0
  2
SOLID
 70
1
 71
0
 91
2
 92
1
 93
0
 97
0
 92
1
 93
2
 72
2
 10
62.4502184404368919
 20
26.5499593599187236
 40
1.25
 50
180.0
 51
0.0
 73
1
 72
2
 10
62.4502184404368919
 20
26.5499593599187236
 40
1.25
 50
0.0
 51
180.0
 73
1
 97
0
 75
0
 76
1
 98
0
1001
ACAD
1010
0.0
1020
0.0
1030
0
  0
HATCH
  5
478
100
AcDbEntity
  8
Multi-Layer
 62
256
370
-1
 48
1.0
  6
ByLayer
100
AcDbHatch
 10
0.0
 20
0.0
 30
0.0
210
0.0
220
0.0
230
1.0
  2
SOLID
 70
1
 71
0
 91
2
 92
1
 93
0
 97
0
 92
1
 93
2
 72
2
 10
62.4502184404368919
 20
26.5499593599187236
 40
1.25
 50
180.0
 51
0.0
 73
1
 72
2
 10
62.4502184404368919
 20
26.5499593599187236
 40
1.25
 50
0.0
 51
180.0
 73
1
 97
0
 75
0
 76
1
 98
0
1001
ACAD
1010
0.0
1020
0.0
1030
0
  0
HATCH
  5
479
100
AcDbEntity
  8
Multi-Layer
 62
256
370
-1
 48
1.0
  6
ByLayer
100
AcDbHatch
 10
0.0
 20
0.0
 30
0.0
210
0.0
220
0.0
230
1.0
  2
SOLID
 70
1
 71
0
 91
2
 92
1
 93
0
 97
0
 92
1
 93
2
 72
2
 10
62.4502184404368919
 20
21.4501371602743234
 40
1.25
 50
180.0
 51
0.0
 73
1
 72
2
 10
62.4502184404368919
 20
21.4501371602743234
 40
1.25
 50
0.0
 51
180.0
 73
1
 97
0
 75
0
 76
1
 98
0
1001
ACAD
1010
0.0
1020
0.0
1030
0
  0
HATCH
  5
47A
100
AcDbEntity
  8
Multi-Layer
 62
256
370
-1
 48
1.0
  6
ByLayer
100
AcDbHatch
 10
0.0
 20
0.0
 30
0.0
210
0.0
220
0.0
230
1.0
  2
SOLID
 70
1
 71
0
 91
2
 92
1
 93
0
 97
0
 92
1
 93
2
 72
2
 10
62.4502184404368919
 20
21.4501371602743234
 40
1.25
 50
180.0
 51
0.0
 73
1
 72
2
 10
62.4502184404368919
 20
21.4501371602743234
 40
1.25
 50
0.0
 51
180.0
 73
1
 97
0
 75
0
 76
1
 98
0
1001
ACAD
1010
0.0
1020
0.0
1030
0
  0
HATCH
  5
47B
100
AcDbEntity
  8
Multi-Layer
 62
256
370
-1
 48
1.0
  6
ByLayer
100
AcDbHatch
 10
0.0
 20
0.0
 30
0.0
210
0.0
220
0.0
230
1.0
  2
SOLID
 70
1
 71
0
 91
2
 92
1
 93
0
 97
0
 92
1
 93
2
 72
2
 10
62.4502184404368919
 20
21.4501371602743234
 40
1.25
 50
180.0
 51
0.0
 73
1
 72
2
 10
62.4502184404368919
 20
21.4501371602743234
 40
1.25
 50
0.0
 51
180.0
 73
1
 97
0
 75
0
 76
1
 98
0
1001
ACAD
1010
0.0
1020
0.0
1030
0
  0
HATCH
  5
47C
100
AcDbEntity
  8
Multi-Layer
 62
256
370
-1
 48
1.0
  6
ByLayer
100
AcDbHatch
 10
0.0
 20
0.0
 30
0.0
210
0.0
220
0.0
230
1.0
  2
SOLID
 70
1
 71
0
 91
2
 92
1
 93
0
 97
0
 92
1
 93
2
 72
2
 10
62.4502184404368919
 20
21.4501371602743234
 40
1.25
 50
180.0
 51
0.0
 73
1
 72
2
 10
62.4502184404368919
 20
21.4501371602743234
 40
1.25
 50
0.0
 51
180.0
 73
1
 97
0
 75
0
 76
1
 98
0
1001
ACAD
1010
0.0
1020
0.0
1030
0
  0
HATCH
  5
47D
100
AcDbEntity
  8
Multi-Layer
 62
256
370
-1
 48
1.0
  6
ByLayer
100
AcDbHatch
 10
0.0
 20
0.0
 30
0.0
210
0.0
220
0.0
230
1.0
  2
SOLID
 70
1
 71
0
 91
2
 92
1
 93
0
 97
0
 92
1
 93
2
 72
2
 10
62.4502184404368919
 20
21.4501371602743234
 40
1.25
 50
180.0
 51
0.0
 73
1
 72
2
 10
62.4502184404368919
 20
21.4501371602743234
 40
1.25
 50
0.0
 51
180.0
 73
1
 97
0
 75
0
 76
1
 98
0
1001
ACAD
1010
0.0
1020
0.0
1030
0
  0
HATCH
  5
47E
100
AcDbEntity
  8
Multi-Layer
 62
256
370
-1
 48
1.0
  6
ByLayer
100
AcDbHatch
 10
0.0
 20
0.0
 30
0.0
210
0.0
220
0.0
230
1.0
  2
SOLID
 70
1
 71
0
 91
2
 92
1
 93
0
 97
0
 92
1
 93
2
 72
2
 10
62.4502184404368919
 20
21.4501371602743234
 40
1.25
 50
180.0
 51
0.0
 73
1
 72
2
 10
62.4502184404368919
 20
21.4501371602743234
 40
1.25
 50
0.0
 51
180.0
 73
1
 97
0
 75
0
 76
1
 98
0
1001
ACAD
1010
0.0
1020
0.0
1030
0
  0
LWPOLYLINE
  5
47F
100
AcDbEntity
  8
Multi-Layer
 62
256
370
-1
 48
1.0
  6
ByLayer
100
AcDbPolyline
 90
4
 70
1
 10
9.1600203200406405
 20
24.1206502413004884
 10
11.1600203200406405
 20
24.1206502413004849
 10
11.1600203200406405
 20
26.1206502413004849
 10
9.1600203200406405
 20
26.1206502413004884
  0
HATCH
  5
480
100
AcDbEntity
  8
Multi-Layer
 62
256
370
-1
 48
1.0
  6
ByLayer
100
AcDbHatch
 10
0.0
 20
0.0
 30
0.0
210
0.0
220
0.0
230
1.0
  2
SOLID
 70
1
 71
0
 91
2
 92
1
 93
0
 97
0
 92
1
 93
4
 72
1
 10
9.1600203200406405
 20
24.1206502413004884
 11
11.1600203200406405
 21
24.1206502413004849
 72
1
 10
11.1600203200406405
 20
24.1206502413004849
 11
11.1600203200406405
 21
26.1206502413004849
 72
1
 10
11.1600203200406405
 20
26.1206502413004849
 11
9.1600203200406405
 21
26.1206502413004884
 72
1
 10
9.1600203200406405
 20
26.1206502413004884
 11
9.1600203200406405
 21
24.1206502413004884
 97
0
 75
0
 76
1
 98
0
1001
ACAD
1010
0.0
1020
0.0
1030
0
  0
LWPOLYLINE
  5
481
100
AcDbEntity
  8
Multi-Layer
 62
256
370
-1
 48
1.0
  6
ByLayer
100
AcDbPolyline
 90
4
 70
1
 10
9.1600203200406405
 20
24.1206502413004884
 10
11.1600203200406405
 20
24.1206502413004849
 10
11.1600203200406405
 20
26.1206502413004849
 10
9.1600203200406405
 20
26.1206502413004884
  0
HATCH
  5
482
100
AcDbEntity
  8
Multi-Layer
 62
256
370
-1
 48
1.0
  6
ByLayer
100
AcDbHatch
 10
0.0
 20
0.0
 30
0.0
210
0.0
220
0.0
230
1.0
  2
SOLID
 70
1
 71
0
 91
2
 92
1
 93
0
 97
0
 92
1
 93
4
 72
1
 10
9.1600203200406405
 20
24.1206502413004884
 11
11.1600203200406405
 21
24.1206502413004849
 72
1
 10
11.1600203200406405
 20
24.1206502413004849
 11
11.1600203200406405
 21
26.1206502413004849
 72
1
 10
11.1600203200406405
 20
26.1206502413004849
 11
9.1600203200406405
 21
26.1206502413004884
 72
1
 10
9.1600203200406405
 20
26.1206502413004884
 11
9.1600203200406405
 21
24.1206502413004884
 97
0
 75
0
 76
1
 98
0
1001
ACAD
1010
0.0
1020
0.0
1030
0
  0
LWPOLYLINE
  5
483
100
AcDbEntity
  8
Multi-Layer
 62
256
370
-1
 48
1.0
  6
ByLayer
100
AcDbPolyline
 90
4
 70
1
 10
9.1600203200406405
 20
24.1206502413004884
 10
11.1600203200406405
 20
24.1206502413004849
 10
11.1600203200406405
 20
26.1206502413004849
 10
9.1600203200406405
 20
26.1206502413004884
  0
HATCH
  5
484
100
AcDbEntity
  8
Multi-Layer
 62
256
370
-1
 48
1.0
  6
ByLayer
100
AcDbHatch
 10
0.0
 20
0.0
 30
0.0
210
0.0
220
0.0
230
1.0
  2
SOLID
 70
1
 71
0
 91
2
 92
1
 93
0
 97
0
 92
1
 93
4
 72
1
 10
9.1600203200406405
 20
24.1206502413004884
 11
11.1600203200406405
 21
24.1206502413004849
 72
1
 10
11.1600203200406405
 20
24.1206502413004849
 11
11.1600203200406405
 21
26.1206502413004849
 72
1
 10
11.1600203200406405
 20
26.1206502413004849
 11
9.1600203200406405
 21
26.1206502413004884
 72
1
 10
9.1600203200406405
 20
26.1206502413004884
 11
9.1600203200406405
 21
24.1206502413004884
 97
0
 75
0
 76
1
 98
0
1001
ACAD
1010
0.0
1020
0.0
1030
0
  0
HATCH
  5
485
100
AcDbEntity
  8
Multi-Layer
 62
256
370
-1
 48
1.0
  6
ByLayer
100
AcDbHatch
 10
0.0
 20
0.0
 30
0.0
210
0.0
220
0.0
230
1.0
  2
SOLID
 70
1
 71
0
 91
2
 92
1
 93
0
 97
0
 92
1
 93
2
 72
2
 10
10.1600203200406405
 20
27.6606553213106494
 40
1.0
 50
180.0
 51
0.0
 73
1
 72
2
 10
10.1600203200406405
 20
27.6606553213106494
 40
1.0
 50
0.0
 51
180.0
 73
1
 97
0
 75
0
 76
1
 98
0
1001
ACAD
1010
0.0
1020
0.0
1030
0
  0
HATCH
  5
486
100
AcDbEntity
  8
Multi-Layer
 62
256
370
-1
 48
1.0
  6
ByLayer
100
AcDbHatch
 10
0.0
 20
0.0
 30
0.0
210
0.0
220
0.0
230
1.0
  2
SOLID
 70
1
 71
0
 91
2
 92
1
 93
0
 97
0
 92
1
 93
2
 72
2
 10
10.1600203200406405
 20
27.6606553213106494
 40
1.0
 50
180.0
 51
0.0
 73
1
 72
2
 10
10.1600203200406405
 20
27.6606553213106494
 40
1.0
 50
0.0
 51
180.0
 73
1
 97
0
 75
0
 76
1
 98
0
1001
ACAD
1010
0.0
1020
0.0
1030
0
  0
HATCH
  5
487
100
AcDbEntity
  8
Multi-Layer
 62
256
370
-1
 48
1.0
  6
ByLayer
100
AcDbHatch
 10
0.0
 20
0.0
 30
0.0
210
0.0
220
0.0
230
1.0
  2
SOLID
 70
1
 71
0
 91
2
 92
1
 93
0
 97
0
 92
1
 93
2
 72
2
 10
10.1600203200406405
 20
27.6606553213106494
 40
1.0
 50
180.0
 51
0.0
 73
1
 72
2
 10
10.1600203200406405
 20
27.6606553213106494
 40
1.0
 50
0.0
 51
180.0
 73
1
 97
0
 75
0
 76
1
 98
0
1001
ACAD
1010
0.0
1020
0.0
1030
0
  0
HATCH
  5
488
100
AcDbEntity
  8
Multi-Layer
 62
256
370
-1
 48
1.0
  6
ByLayer
100
AcDbHatch
 10
0.0
 20
0.0
 30
0.0
210
0.0
220
0.0
230
1.0
  2
SOLID
 70
1
 71
0
 91
2
 92
1
 93
0
 97
0
 92
1
 93
2
 72
2
 10
10.1600203200406405
 20
27.6606553213106494
 40
1.0
 50
180.0
 51
0.0
 73
1
 72
2
 10
10.1600203200406405
 20
27.6606553213106494
 40
1.0
 50
0.0
 51
180.0
 73
1
 97
0
 75
0
 76
1
 98
0
1001
ACAD
1010
0.0
1020
0.0
1030
0
  0
HATCH
  5
489
100
AcDbEntity
  8
Multi-Layer
 62
256
370
-1
 48
1.0
  6
ByLayer
100
AcDbHatch
 10
0.0
 20
0.0
 30
0.0
210
0.0
220
0.0
230
1.0
  2
SOLID
 70
1
 71
0
 91
2
 92
1
 93
0
 97
0
 92
1
 93
2
 72
2
 10
10.1600203200406405
 20
27.6606553213106494
 40
1.0
 50
180.0
 51
0.0
 73
1
 72
2
 10
10.1600203200406405
 20
27.6606553213106494
 40
1.0
 50
0.0
 51
180.0
 73
1
 97
0
 75
0
 76
1
 98
0
1001
ACAD
1010
0.0
1020
0.0
1030
0
  0
HATCH
  5
48A
100
AcDbEntity
  8
Multi-Layer
 62
256
370
-1
 48
1.0
  6
ByLayer
100
AcDbHatch
 10
0.0
 20
0.0
 30
0.0
210
0.0
220
0.0
230
1.0
  2
SOLID
 70
1
 71
0
 91
2
 92
1
 93
0
 97
0
 92
1
 93
2
 72
2
 10
10.1600203200406405
 20
27.6606553213106494
 40
1.0
 50
180.0
 51
0.0
 73
1
 72
2
 10
10.1600203200406405
 20
27.6606553213106494
 40
1.0
 50
0.0
 51
180.0
 73
1
 97
0
 75
0
 76
1
 98
0
1001
ACAD
1010
0.0
1020
0.0
1030
0
  0
HATCH
  5
48B
100
AcDbEntity
  8
Hole Layer
 62
256
370
-1
 48
1.0
  6
ByLayer
100
AcDbHatch
 10
0.0
 20
0.0
 30
0.0
210
0.0
220
0.0
230
1.0
  2
SOLID
 70
1
 71
0
 91
2
 92
1
 93
0
 97
0
 92
1
 93
2
 72
2
 10
53.5363068326136826
 20
3.8000076200152364
 40
0.381000762001527
 50
180.0
 51
0.0
 73
1
 72
2
 10
53.5363068326136826
 20
3.8000076200152364
 40
0.381000762001527
 50
0.0
 51
180.0
 73
1
 97
0
 75
0
 76
1
 98
0
1001
ACAD
1010
0.0
1020
0.0
1030
0
  0
HATCH
  5
48C
100
AcDbEntity
  8
Hole Layer
 62
256
370
-1
 48
1.0
  6
ByLayer
100
AcDbHatch
 10
0.0
 20
0.0
 30
0.0
210
0.0
220
0.0
230
1.0
  2
SOLID
 70
1
 71
0
 91
2
 92
1
 93
0
 97
0
 92
1
 93
2
 72
2
 10
53.5363068326136826
 20
3.8000076200152364
 40
0.381000762001527
 50
180.0
 51
0.0
 73
1
 72
2
 10
53.5363068326136826
 20
3.8000076200152364
 40
0.381000762001527
 50
0.0
 51
180.0
 73
1
 97
0
 75
0
 76
1
 98
0
1001
ACAD
1010
0.0
1020
0.0
1030
0
  0
HATCH
  5
48D
100
AcDbEntity
  8
Hole Layer
 62
256
370
-1
 48
1.0
  6
ByLayer
100
AcDbHatch
 10
0.0
 20
0.0
 30
0.0
210
0.0
220
0.0
230
1.0
  2
SOLID
 70
1
 71
0
 91
2
 92
1
 93
0
 97
0
 92
1
 93
2
 72
2
 10
54.2720142240284602
 20
2.0719100838201641
 40
0.381000762001527
 50
180.0
 51
0.0
 73
1
 72
2
 10
54.2720142240284602
 20
2.0719100838201641
 40
0.381000762001527
 50
0.0
 51
180.0
 73
1
 97
0
 75
0
 76
1
 98
0
1001
ACAD
1010
0.0
1020
0.0
1030
0
  0
HATCH
  5
48E
100
AcDbEntity
  8
Hole Layer
 62
256
370
-1
 48
1.0
  6
ByLayer
100
AcDbHatch
 10
0.0
 20
0.0
 30
0.0
210
0.0
220
0.0
230
1.0
  2
SOLID
 70
1
 71
0
 91
2
 92
1
 93
0
 97
0
 92
1
 93
2
 72
2
 10
54.2720142240284602
 20
2.0719100838201641
 40
0.381000762001527
 50
180.0
 51
0.0
 73
1
 72
2
 10
54.2720142240284602
 20
2.0719100838201641
 40
0.381000762001527
 50
0.0
 51
180.0
 73
1
 97
0
 75
0
 76
1
 98
0
1001
ACAD
1010
0.0
1020
0.0
1030
0
  0
HATCH
  5
48F
100
AcDbEntity
  8
Hole Layer
 62
256
370
-1
 48
1.0
  6
ByLayer
100
AcDbHatch
 10
0.0
 20
0.0
 30
0.0
210
0.0
220
0.0
230
1.0
  2
SOLID
 70
1
 71
0
 91
2
 92
1
 93
0
 97
0
 92
1
 93
2
 72
2
 10
56.0001117602235254
 20
1.3561163322326593
 40
0.381000762001527
 50
180.0
 51
0.0
 73
1
 72
2
 10
56.0001117602235254
 20
1.3561163322326593
 40
0.381000762001527
 50
0.0
 51
180.0
 73
1
 97
0
 75
0
 76
1
 98
0
1001
ACAD
1010
0.0
1020
0.0
1030
0
  0
HATCH
  5
490
100
AcDbEntity
  8
Hole Layer
 62
256
370
-1
 48
1.0
  6
ByLayer
100
AcDbHatch
 10
0.0
 20
0.0
 30
0.0
210
0.0
220
0.0
230
1.0
  2
SOLID
 70
1
 71
0
 91
2
 92
1
 93
0
 97
0
 92
1
 93
2
 72
2
 10
56.0001117602235254
 20
1.3561163322326593
 40
0.381000762001527
 50
180.0
 51
0.0
 73
1
 72
2
 10
56.0001117602235254
 20
1.3561163322326593
 40
0.381000762001527
 50
0.0
 51
180.0
 73
1
 97
0
 75
0
 76
1
 98
0
1001
ACAD
1010
0.0
1020
0.0
1030
0
  0
HATCH
  5
491
100
AcDbEntity
  8
Hole Layer
 62
256
370
-1
 48
1.0
  6
ByLayer
100
AcDbHatch
 10
0.0
 20
0.0
 30
0.0
210
0.0
220
0.0
230
1.0
  2
SOLID
 70
1
 71
0
 91
2
 92
1
 93
0
 97
0
 92
1
 93
2
 72
2
 10
57.7282042164084359
 20
2.0719151638303259
 40
0.381000762001527
 50
180.0
 51
0.0
 73
1
 72
2
 10
57.7282042164084359
 20
2.0719151638303259
 40
0.381000762001527
 50
0.0
 51
180.0
 73
1
 97
0
 75
0
 76
1
 98
0
1001
ACAD
1010
0.0
1020
0.0
1030
0
  0
HATCH
  5
492
100
AcDbEntity
  8
Hole Layer
 62
256
370
-1
 48
1.0
  6
ByLayer
100
AcDbHatch
 10
0.0
 20
0.0
 30
0.0
210
0.0
220
0.0
230
1.0
  2
SOLID
 70
1
 71
0
 91
2
 92
1
 93
0
 97
0
 92
1
 93
2
 72
2
 10
57.7282042164084359
 20
2.0719151638303259
 40
0.381000762001527
 50
180.0
 51
0.0
 73
1
 72
2
 10
57.7282042164084359
 20
2.0719151638303259
 40
0.381000762001527
 50
0.0
 51
180.0
 73
1
 97
0
 75
0
 76
1
 98
0
1001
ACAD
1010
0.0
1020
0.0
1030
0
  0
HATCH
  5
493
100
AcDbEntity
  8
Hole Layer
 62
256
370
-1
 48
1.0
  6
ByLayer
100
AcDbHatch
 10
0.0
 20
0.0
 30
0.0
210
0.0
220
0.0
230
1.0
  2
SOLID
 70
1
 71
0
 91
2
 92
1
 93
0
 97
0
 92
1
 93
2
 72
2
 10
58.4440055880111728
 20
3.8000076200152364
 40
0.381000762001527
 50
180.0
 51
0.0
 73
1
 72
2
 10
58.4440055880111728
 20
3.8000076200152364
 40
0.381000762001527
 50
0.0
 51
180.0
 73
1
 97
0
 75
0
 76
1
 98
0
1001
ACAD
1010
0.0
1020
0.0
1030
0
  0
HATCH
  5
494
100
AcDbEntity
  8
Hole Layer
 62
256
370
-1
 48
1.0
  6
ByLayer
100
AcDbHatch
 10
0.0
 20
0.0
 30
0.0
210
0.0
220
0.0
230
1.0
  2
SOLID
 70
1
 71
0
 91
2
 92
1
 93
0
 97
0
 92
1
 93
2
 72
2
 10
58.4440055880111728
 20
3.8000076200152364
 40
0.381000762001527
 50
180.0
 51
0.0
 73
1
 72
2
 10
58.4440055880111728
 20
3.8000076200152364
 40
0.381000762001527
 50
0.0
 51
180.0
 73
1
 97
0
 75
0
 76
1
 98
0
1001
ACAD
1010
0.0
1020
0.0
1030
0
  0
HATCH
  5
495
100
AcDbEntity
  8
Hole Layer
 62
256
370
-1
 48
1.0
  6
ByLayer
100
AcDbHatch
 10
0.0
 20
0.0
 30
0.0
210
0.0
220
0.0
230
1.0
  2
SOLID
 70
1
 71
0
 91
2
 92
1
 93
0
 97
0
 92
1
 93
2
 72
2
 10
57.7282092964186049
 20
5.5281051562103087
 40
0.381000762001527
 50
180.0
 51
0.0
 73
1
 72
2
 10
57.7282092964186049
 20
5.5281051562103087
 40
0.381000762001527
 50
0.0
 51
180.0
 73
1
 97
0
 75
0
 76
1
 98
0
1001
ACAD
1010
0.0
1020
0.0
1030
0
  0
HATCH
  5
496
100
AcDbEntity
  8
Hole Layer
 62
256
370
-1
 48
1.0
  6
ByLayer
100
AcDbHatch
 10
0.0
 20
0.0
 30
0.0
210
0.0
220
0.0
230
1.0
  2
SOLID
 70
1
 71
0
 91
2
 92
1
 93
0
 97
0
 92
1
 93
2
 72
2
 10
57.7282092964186049
 20
5.5281051562103087
 40
0.381000762001527
 50
180.0
 51
0.0
 73
1
 72
2
 10
57.7282092964186049
 20
5.5281051562103087
 40
0.381000762001527
 50
0.0
 51
180.0
 73
1
 97
0
 75
0
 76
1
 98
0
1001
ACAD
1010
0.0
1020
0.0
1030
0
  0
HATCH
  5
497
100
AcDbEntity
  8
Hole Layer
 62
256
370
-1
 48
1.0
  6
ByLayer
100
AcDbHatch
 10
0.0
 20
0.0
 30
0.0
210
0.0
220
0.0
230
1.0
  2
SOLID
 70
1
 71
0
 91
2
 92
1
 93
0
 97
0
 92
1
 93
2
 72
2
 10
56.0001117602235254
 20
6.2439014478028909
 40
0.381000762001527
 50
180.0
 51
0.0
 73
1
 72
2
 10
56.0001117602235254
 20
6.2439014478028909
 40
0.381000762001527
 50
0.0
 51
180.0
 73
1
 97
0
 75
0
 76
1
 98
0
1001
ACAD
1010
0.0
1020
0.0
1030
0
  0
HATCH
  5
498
100
AcDbEntity
  8
Hole Layer
 62
256
370
-1
 48
1.0
  6
ByLayer
100
AcDbHatch
 10
0.0
 20
0.0
 30
0.0
210
0.0
220
0.0
230
1.0
  2
SOLID
 70
1
 71
0
 91
2
 92
1
 93
0
 97
0
 92
1
 93
2
 72
2
 10
56.0001117602235254
 20
6.2439014478028909
 40
0.381000762001527
 50
180.0
 51
0.0
 73
1
 72
2
 10
56.0001117602235254
 20
6.2439014478028909
 40
0.381000762001527
 50
0.0
 51
180.0
 73
1
 97
0
 75
0
 76
1
 98
0
1001
ACAD
1010
0.0
1020
0.0
1030
0
  0
HATCH
  5
499
100
AcDbEntity
  8
Hole Layer
 62
256
370
-1
 48
1.0
  6
ByLayer
100
AcDbHatch
 10
0.0
 20
0.0
 30
0.0
210
0.0
220
0.0
230
1.0
  2
SOLID
 70
1
 71
0
 91
2
 92
1
 93
0
 97
0
 92
1
 93
2
 72
2
 10
54.272019304038615
 20
5.5281000762001469
 40
0.381000762001527
 50
180.0
 51
0.0
 73
1
 72
2
 10
54.272019304038615
 20
5.5281000762001469
 40
0.381000762001527
 50
0.0
 51
180.0
 73
1
 97
0
 75
0
 76
1
 98
0
1001
ACAD
1010
0.0
1020
0.0
1030
0
  0
HATCH
  5
49A
100
AcDbEntity
  8
Hole Layer
 62
256
370
-1
 48
1.0
  6
ByLayer
100
AcDbHatch
 10
0.0
 20
0.0
 30
0.0
210
0.0
220
0.0
230
1.0
  2
SOLID
 70
1
 71
0
 91
2
 92
1
 93
0
 97
0
 92
1
 93
2
 72
2
 10
54.272019304038615
 20
5.5281000762001469
 40
0.381000762001527
 50
180.0
 51
0.0
 73
1
 72
2
 10
54.272019304038615
 20
5.5281000762001469
 40
0.381000762001527
 50
0.0
 51
180.0
 73
1
 97
0
 75
0
 76
1
 98
0
1001
ACAD
1010
0.0
1020
0.0
1030
0
  0
HATCH
  5
49B
100
AcDbEntity
  8
Hole Layer
 62
256
370
-1
 48
1.0
  6
ByLayer
100
AcDbHatch
 10
0.0
 20
0.0
 30
0.0
210
0.0
220
0.0
230
1.0
  2
SOLID
 70
1
 71
0
 91
2
 92
1
 93
0
 97
0
 92
1
 93
2
 72
2
 10
56.0001117602235254
 20
3.8000076200152364
 40
1.6999987299974606
 50
180.0
 51
0.0
 73
1
 72
2
 10
56.0001117602235254
 20
3.8000076200152364
 40
1.6999987299974606
 50
0.0
 51
180.0
 73
1
 97
0
 75
0
 76
1
 98
0
1001
ACAD
1010
0.0
1020
0.0
1030
0
  0
HATCH
  5
49C
100
AcDbEntity
  8
Hole Layer
 62
256
370
-1
 48
1.0
  6
ByLayer
100
AcDbHatch
 10
0.0
 20
0.0
 30
0.0
210
0.0
220
0.0
230
1.0
  2
SOLID
 70
1
 71
0
 91
2
 92
1
 93
0
 97
0
 92
1
 93
2
 72
2
 10
56.0001117602235254
 20
3.8000076200152364
 40
1.6999987299974606
 50
180.0
 51
0.0
 73
1
 72
2
 10
56.0001117602235254
 20
3.8000076200152364
 40
1.6999987299974606
 50
0.0
 51
180.0
 73
1
 97
0
 75
0
 76
1
 98
0
1001
ACAD
1010
0.0
1020
0.0
1030
0
  0
HATCH
  5
49D
100
AcDbEntity
  8
Hole Layer
 62
256
370
-1
 48
1.0
  6
ByLayer
100
AcDbHatch
 10
0.0
 20
0.0
 30
0.0
210
0.0
220
0.0
230
1.0
  2
SOLID
 70
1
 71
0
 91
2
 92
1
 93
0
 97
0
 92
1
 93
2
 72
2
 10
53.5363068326136826
 20
26.2000533401066882
 40
0.381000762001527
 50
180.0
 51
0.0
 73
1
 72
2
 10
53.5363068326136826
 20
26.2000533401066882
 40
0.381000762001527
 50
0.0
 51
180.0
 73
1
 97
0
 75
0
 76
1
 98
0
1001
ACAD
1010
0.0
1020
0.0
1030
0
  0
HATCH
  5
49E
100
AcDbEntity
  8
Hole Layer
 62
256
370
-1
 48
1.0
  6
ByLayer
100
AcDbHatch
 10
0.0
 20
0.0
 30
0.0
210
0.0
220
0.0
230
1.0
  2
SOLID
 70
1
 71
0
 91
2
 92
1
 93
0
 97
0
 92
1
 93
2
 72
2
 10
53.5363068326136826
 20
26.2000533401066882
 40
0.381000762001527
 50
180.0
 51
0.0
 73
1
 72
2
 10
53.5363068326136826
 20
26.2000533401066882
 40
0.381000762001527
 50
0.0
 51
180.0
 73
1
 97
0
 75
0
 76
1
 98
0
1001
ACAD
1010
0.0
1020
0.0
1030
0
  0
HATCH
  5
49F
100
AcDbEntity
  8
Hole Layer
 62
256
370
-1
 48
1.0
  6
ByLayer
100
AcDbHatch
 10
0.0
 20
0.0
 30
0.0
210
0.0
220
0.0
230
1.0
  2
SOLID
 70
1
 71
0
 91
2
 92
1
 93
0
 97
0
 92
1
 93
2
 72
2
 10
54.2720142240284602
 20
24.4719558039116123
 40
0.381000762001527
 50
180.0
 51
0.0
 73
1
 72
2
 10
54.2720142240284602
 20
24.4719558039116123
 40
0.381000762001527
 50
0.0
 51
180.0
 73
1
 97
0
 75
0
 76
1
 98
0
1001
ACAD
1010
0.0
1020
0.0
1030
0
  0
HATCH
  5
4A0
100
AcDbEntity
  8
Hole Layer
 62
256
370
-1
 48
1.0
  6
ByLayer
100
AcDbHatch
 10
0.0
 20
0.0
 30
0.0
210
0.0
220
0.0
230
1.0
  2
SOLID
 70
1
 71
0
 91
2
 92
1
 93
0
 97
0
 92
1
 93
2
 72
2
 10
54.2720142240284602
 20
24.4719558039116123
 40
0.381000762001527
 50
180.0
 51
0.0
 73
1
 72
2
 10
54.2720142240284602
 20
24.4719558039116123
 40
0.381000762001527
 50
0.0
 51
180.0
 73
1
 97
0
 75
0
 76
1
 98
0
1001
ACAD
1010
0.0
1020
0.0
1030
0
  0
HATCH
  5
4A1
100
AcDbEntity
  8
Hole Layer
 62
256
370
-1
 48
1.0
  6
ByLayer
100
AcDbHatch
 10
0.0
 20
0.0
 30
0.0
210
0.0
220
0.0
230
1.0
  2
SOLID
 70
1
 71
0
 91
2
 92
1
 93
0
 97
0
 92
1
 93
2
 72
2
 10
56.0001117602235254
 20
23.756162052324111
 40
0.381000762001527
 50
180.0
 51
0.0
 73
1
 72
2
 10
56.0001117602235254
 20
23.756162052324111
 40
0.381000762001527
 50
0.0
 51
180.0
 73
1
 97
0
 75
0
 76
1
 98
0
1001
ACAD
1010
0.0
1020
0.0
1030
0
  0
HATCH
  5
4A2
100
AcDbEntity
  8
Hole Layer
 62
256
370
-1
 48
1.0
  6
ByLayer
100
AcDbHatch
 10
0.0
 20
0.0
 30
0.0
210
0.0
220
0.0
230
1.0
  2
SOLID
 70
1
 71
0
 91
2
 92
1
 93
0
 97
0
 92
1
 93
2
 72
2
 10
56.0001117602235254
 20
23.756162052324111
 40
0.381000762001527
 50
180.0
 51
0.0
 73
1
 72
2
 10
56.0001117602235254
 20
23.756162052324111
 40
0.381000762001527
 50
0.0
 51
180.0
 73
1
 97
0
 75
0
 76
1
 98
0
1001
ACAD
1010
0.0
1020
0.0
1030
0
  0
HATCH
  5
4A3
100
AcDbEntity
  8
Hole Layer
 62
256
370
-1
 48
1.0
  6
ByLayer
100
AcDbHatch
 10
0.0
 20
0.0
 30
0.0
210
0.0
220
0.0
230
1.0
  2
SOLID
 70
1
 71
0
 91
2
 92
1
 93
0
 97
0
 92
1
 93
2
 72
2
 10
57.7282042164084359
 20
24.4719608839217742
 40
0.381000762001527
 50
180.0
 51
0.0
 73
1
 72
2
 10
57.7282042164084359
 20
24.4719608839217742
 40
0.381000762001527
 50
0.0
 51
180.0
 73
1
 97
0
 75
0
 76
1
 98
0
1001
ACAD
1010
0.0
1020
0.0
1030
0
  0
HATCH
  5
4A4
100
AcDbEntity
  8
Hole Layer
 62
256
370
-1
 48
1.0
  6
ByLayer
100
AcDbHatch
 10
0.0
 20
0.0
 30
0.0
210
0.0
220
0.0
230
1.0
  2
SOLID
 70
1
 71
0
 91
2
 92
1
 93
0
 97
0
 92
1
 93
2
 72
2
 10
57.7282042164084359
 20
24.4719608839217742
 40
0.381000762001527
 50
180.0
 51
0.0
 73
1
 72
2
 10
57.7282042164084359
 20
24.4719608839217742
 40
0.381000762001527
 50
0.0
 51
180.0
 73
1
 97
0
 75
0
 76
1
 98
0
1001
ACAD
1010
0.0
1020
0.0
1030
0
  0
HATCH
  5
4A5
100
AcDbEntity
  8
Hole Layer
 62
256
370
-1
 48
1.0
  6
ByLayer
100
AcDbHatch
 10
0.0
 20
0.0
 30
0.0
210
0.0
220
0.0
230
1.0
  2
SOLID
 70
1
 71
0
 91
2
 92
1
 93
0
 97
0
 92
1
 93
2
 72
2
 10
58.4440055880111728
 20
26.2000533401066882
 40
0.381000762001527
 50
180.0
 51
0.0
 73
1
 72
2
 10
58.4440055880111728
 20
26.2000533401066882
 40
0.381000762001527
 50
0.0
 51
180.0
 73
1
 97
0
 75
0
 76
1
 98
0
1001
ACAD
1010
0.0
1020
0.0
1030
0
  0
HATCH
  5
4A6
100
AcDbEntity
  8
Hole Layer
 62
256
370
-1
 48
1.0
  6
ByLayer
100
AcDbHatch
 10
0.0
 20
0.0
 30
0.0
210
0.0
220
0.0
230
1.0
  2
SOLID
 70
1
 71
0
 91
2
 92
1
 93
0
 97
0
 92
1
 93
2
 72
2
 10
58.4440055880111728
 20
26.2000533401066882
 40
0.381000762001527
 50
180.0
 51
0.0
 73
1
 72
2
 10
58.4440055880111728
 20
26.2000533401066882
 40
0.381000762001527
 50
0.0
 51
180.0
 73
1
 97
0
 75
0
 76
1
 98
0
1001
ACAD
1010
0.0
1020
0.0
1030
0
  0
HATCH
  5
4A7
100
AcDbEntity
  8
Hole Layer
 62
256
370
-1
 48
1.0
  6
ByLayer
100
AcDbHatch
 10
0.0
 20
0.0
 30
0.0
210
0.0
220
0.0
230
1.0
  2
SOLID
 70
1
 71
0
 91
2
 92
1
 93
0
 97
0
 92
1
 93
2
 72
2
 10
57.7282092964186049
 20
27.9281508763017605
 40
0.381000762001527
 50
180.0
 51
0.0
 73
1
 72
2
 10
57.7282092964186049
 20
27.9281508763017605
 40
0.381000762001527
 50
0.0
 51
180.0
 73
1
 97
0
 75
0
 76
1
 98
0
1001
ACAD
1010
0.0
1020
0.0
1030
0
  0
HATCH
  5
4A8
100
AcDbEntity
  8
Hole Layer
 62
256
370
-1
 48
1.0
  6
ByLayer
100
AcDbHatch
 10
0.0
 20
0.0
 30
0.0
210
0.0
220
0.0
230
1.0
  2
SOLID
 70
1
 71
0
 91
2
 92
1
 93
0
 97
0
 92
1
 93
2
 72
2
 10
57.7282092964186049
 20
27.9281508763017605
 40
0.381000762001527
 50
180.0
 51
0.0
 73
1
 72
2
 10
57.7282092964186049
 20
27.9281508763017605
 40
0.381000762001527
 50
0.0
 51
180.0
 73
1
 97
0
 75
0
 76
1
 98
0
1001
ACAD
1010
0.0
1020
0.0
1030
0
  0
HATCH
  5
4A9
100
AcDbEntity
  8
Hole Layer
 62
256
370
-1
 48
1.0
  6
ByLayer
100
AcDbHatch
 10
0.0
 20
0.0
 30
0.0
210
0.0
220
0.0
230
1.0
  2
SOLID
 70
1
 71
0
 91
2
 92
1
 93
0
 97
0
 92
1
 93
2
 72
2
 10
56.0001117602235254
 20
28.6439471678943427
 40
0.381000762001527
 50
180.0
 51
0.0
 73
1
 72
2
 10
56.0001117602235254
 20
28.6439471678943427
 40
0.381000762001527
 50
0.0
 51
180.0
 73
1
 97
0
 75
0
 76
1
 98
0
1001
ACAD
1010
0.0
1020
0.0
1030
0
  0
HATCH
  5
4AA
100
AcDbEntity
  8
Hole Layer
 62
256
370
-1
 48
1.0
  6
ByLayer
100
AcDbHatch
 10
0.0
 20
0.0
 30
0.0
210
0.0
220
0.0
230
1.0
  2
SOLID
 70
1
 71
0
 91
2
 92
1
 93
0
 97
0
 92
1
 93
2
 72
2
 10
56.0001117602235254
 20
28.6439471678943427
 40
0.381000762001527
 50
180.0
 51
0.0
 73
1
 72
2
 10
56.0001117602235254
 20
28.6439471678943427
 40
0.381000762001527
 50
0.0
 51
180.0
 73
1
 97
0
 75
0
 76
1
 98
0
1001
ACAD
1010
0.0
1020
0.0
1030
0
  0
HATCH
  5
4AB
100
AcDbEntity
  8
Hole Layer
 62
256
370
-1
 48
1.0
  6
ByLayer
100
AcDbHatch
 10
0.0
 20
0.0
 30
0.0
210
0.0
220
0.0
230
1.0
  2
SOLID
 70
1
 71
0
 91
2
 92
1
 93
0
 97
0
 92
1
 93
2
 72
2
 10
54.272019304038615
 20
27.9281457962915987
 40
0.381000762001527
 50
180.0
 51
0.0
 73
1
 72
2
 10
54.272019304038615
 20
27.9281457962915987
 40
0.381000762001527
 50
0.0
 51
180.0
 73
1
 97
0
 75
0
 76
1
 98
0
1001
ACAD
1010
0.0
1020
0.0
1030
0
  0
HATCH
  5
4AC
100
AcDbEntity
  8
Hole Layer
 62
256
370
-1
 48
1.0
  6
ByLayer
100
AcDbHatch
 10
0.0
 20
0.0
 30
0.0
210
0.0
220
0.0
230
1.0
  2
SOLID
 70
1
 71
0
 91
2
 92
1
 93
0
 97
0
 92
1
 93
2
 72
2
 10
54.272019304038615
 20
27.9281457962915987
 40
0.381000762001527
 50
180.0
 51
0.0
 73
1
 72
2
 10
54.272019304038615
 20
27.9281457962915987
 40
0.381000762001527
 50
0.0
 51
180.0
 73
1
 97
0
 75
0
 76
1
 98
0
1001
ACAD
1010
0.0
1020
0.0
1030
0
  0
HATCH
  5
4AD
100
AcDbEntity
  8
Hole Layer
 62
256
370
-1
 48
1.0
  6
ByLayer
100
AcDbHatch
 10
0.0
 20
0.0
 30
0.0
210
0.0
220
0.0
230
1.0
  2
SOLID
 70
1
 71
0
 91
2
 92
1
 93
0
 97
0
 92
1
 93
2
 72
2
 10
56.0001117602235254
 20
26.2000533401066882
 40
1.6999987299974606
 50
180.0
 51
0.0
 73
1
 72
2
 10
56.0001117602235254
 20
26.2000533401066882
 40
1.6999987299974606
 50
0.0
 51
180.0
 73
1
 97
0
 75
0
 76
1
 98
0
1001
ACAD
1010
0.0
1020
0.0
1030
0
  0
HATCH
  5
4AE
100
AcDbEntity
  8
Hole Layer
 62
256
370
-1
 48
1.0
  6
ByLayer
100
AcDbHatch
 10
0.0
 20
0.0
 30
0.0
210
0.0
220
0.0
230
1.0
  2
SOLID
 70
1
 71
0
 91
2
 92
1
 93
0
 97
0
 92
1
 93
2
 72
2
 10
56.0001117602235254
 20
26.2000533401066882
 40
1.6999987299974606
 50
180.0
 51
0.0
 73
1
 72
2
 10
56.0001117602235254
 20
26.2000533401066882
 40
1.6999987299974606
 50
0.0
 51
180.0
 73
1
 97
0
 75
0
 76
1
 98
0
1001
ACAD
1010
0.0
1020
0.0
1030
0
  0
HATCH
  5
4AF
100
AcDbEntity
  8
Hole Layer
 62
256
370
-1
 48
1.0
  6
ByLayer
100
AcDbHatch
 10
0.0
 20
0.0
 30
0.0
210
0.0
220
0.0
230
1.0
  2
SOLID
 70
1
 71
0
 91
2
 92
1
 93
0
 97
0
 92
1
 93
2
 72
2
 10
19.6850393700787443
 20
24.3840487680975393
 40
0.5500012700025394
 50
180.0
 51
0.0
 73
1
 72
2
 10
19.6850393700787443
 20
24.3840487680975393
 40
0.5500012700025394
 50
0.0
 51
180.0
 73
1
 97
0
 75
0
 76
1
 98
0
1001
ACAD
1010
0.0
1020
0.0
1030
0
  0
HATCH
  5
4B0
100
AcDbEntity
  8
Hole Layer
 62
256
370
-1
 48
1.0
  6
ByLayer
100
AcDbHatch
 10
0.0
 20
0.0
 30
0.0
210
0.0
220
0.0
230
1.0
  2
SOLID
 70
1
 71
0
 91
2
 92
1
 93
0
 97
0
 92
1
 93
2
 72
2
 10
19.6850393700787443
 20
24.3840487680975393
 40
0.5500012700025394
 50
180.0
 51
0.0
 73
1
 72
2
 10
19.6850393700787443
 20
24.3840487680975393
 40
0.5500012700025394
 50
0.0
 51
180.0
 73
1
 97
0
 75
0
 76
1
 98
0
1001
ACAD
1010
0.0
1020
0.0
1030
0
  0
HATCH
  5
4B1
100
AcDbEntity
  8
Hole Layer
 62
256
370
-1
 48
1.0
  6
ByLayer
100
AcDbHatch
 10
0.0
 20
0.0
 30
0.0
210
0.0
220
0.0
230
1.0
  2
SOLID
 70
1
 71
0
 91
2
 92
1
 93
0
 97
0
 92
1
 93
2
 72
2
 10
14.6050292100584223
 20
24.3840487680975393
 40
0.5500012700025394
 50
180.0
 51
0.0
 73
1
 72
2
 10
14.6050292100584223
 20
24.3840487680975393
 40
0.5500012700025394
 50
0.0
 51
180.0
 73
1
 97
0
 75
0
 76
1
 98
0
1001
ACAD
1010
0.0
1020
0.0
1030
0
  0
HATCH
  5
4B2
100
AcDbEntity
  8
Hole Layer
 62
256
370
-1
 48
1.0
  6
ByLayer
100
AcDbHatch
 10
0.0
 20
0.0
 30
0.0
210
0.0
220
0.0
230
1.0
  2
SOLID
 70
1
 71
0
 91
2
 92
1
 93
0
 97
0
 92
1
 93
2
 72
2
 10
14.6050292100584223
 20
24.3840487680975393
 40
0.5500012700025394
 50
180.0
 51
0.0
 73
1
 72
2
 10
14.6050292100584223
 20
24.3840487680975393
 40
0.5500012700025394
 50
0.0
 51
180.0
 73
1
 97
0
 75
0
 76
1
 98
0
1001
ACAD
1010
0.0
1020
0.0
1030
0
  0
HATCH
  5
4B3
100
AcDbEntity
  8
Hole Layer
 62
256
370
-1
 48
1.0
  6
ByLayer
100
AcDbHatch
 10
0.0
 20
0.0
 30
0.0
210
0.0
220
0.0
230
1.0
  2
SOLID
 70
1
 71
0
 91
2
 92
1
 93
0
 97
0
 92
1
 93
2
 72
2
 10
6.7700127000254007
 20
27.7000558801117691
 40
0.4500012700025398
 50
180.0
 51
0.0
 73
1
 72
2
 10
6.7700127000254007
 20
27.7000558801117691
 40
0.4500012700025398
 50
0.0
 51
180.0
 73
1
 97
0
 75
0
 76
1
 98
0
1001
ACAD
1010
0.0
1020
0.0
1030
0
  0
HATCH
  5
4B4
100
AcDbEntity
  8
Hole Layer
 62
256
370
-1
 48
1.0
  6
ByLayer
100
AcDbHatch
 10
0.0
 20
0.0
 30
0.0
210
0.0
220
0.0
230
1.0
  2
SOLID
 70
1
 71
0
 91
2
 92
1
 93
0
 97
0
 92
1
 93
2
 72
2
 10
6.7700127000254007
 20
27.7000558801117691
 40
0.4500012700025398
 50
180.0
 51
0.0
 73
1
 72
2
 10
6.7700127000254007
 20
27.7000558801117691
 40
0.4500012700025398
 50
0.0
 51
180.0
 73
1
 97
0
 75
0
 76
1
 98
0
1001
ACAD
1010
0.0
1020
0.0
1030
0
  0
HATCH
  5
4B5
100
AcDbEntity
  8
Hole Layer
 62
256
370
-1
 48
1.0
  6
ByLayer
100
AcDbHatch
 10
0.0
 20
0.0
 30
0.0
210
0.0
220
0.0
230
1.0
  2
SOLID
 70
1
 71
0
 91
2
 92
1
 93
0
 97
0
 92
1
 93
2
 72
2
 10
4.2300076200152343
 20
27.7000558801117691
 40
0.45000127000254
 50
180.0
 51
0.0
 73
1
 72
2
 10
4.2300076200152343
 20
27.7000558801117691
 40
0.45000127000254
 50
0.0
 51
180.0
 73
1
 97
0
 75
0
 76
1
 98
0
1001
ACAD
1010
0.0
1020
0.0
1030
0
  0
HATCH
  5
4B6
100
AcDbEntity
  8
Hole Layer
 62
256
370
-1
 48
1.0
  6
ByLayer
100
AcDbHatch
 10
0.0
 20
0.0
 30
0.0
210
0.0
220
0.0
230
1.0
  2
SOLID
 70
1
 71
0
 91
2
 92
1
 93
0
 97
0
 92
1
 93
2
 72
2
 10
4.2300076200152343
 20
27.7000558801117691
 40
0.45000127000254
 50
180.0
 51
0.0
 73
1
 72
2
 10
4.2300076200152343
 20
27.7000558801117691
 40
0.45000127000254
 50
0.0
 51
180.0
 73
1
 97
0
 75
0
 76
1
 98
0
1001
ACAD
1010
0.0
1020
0.0
1030
0
  0
HATCH
  5
4B7
100
AcDbEntity
  8
Hole Layer
 62
256
370
-1
 48
1.0
  6
ByLayer
100
AcDbHatch
 10
0.0
 20
0.0
 30
0.0
210
0.0
220
0.0
230
1.0
  2
SOLID
 70
1
 71
0
 91
2
 92
1
 93
0
 97
0
 92
1
 93
2
 72
2
 10
6.7700127000254007
 20
25.1600508001016081
 40
0.4500012700025398
 50
180.0
 51
0.0
 73
1
 72
2
 10
6.7700127000254007
 20
25.1600508001016081
 40
0.4500012700025398
 50
0.0
 51
180.0
 73
1
 97
0
 75
0
 76
1
 98
0
1001
ACAD
1010
0.0
1020
0.0
1030
0
  0
HATCH
  5
4B8
100
AcDbEntity
  8
Hole Layer
 62
256
370
-1
 48
1.0
  6
ByLayer
100
AcDbHatch
 10
0.0
 20
0.0
 30
0.0
210
0.0
220
0.0
230
1.0
  2
SOLID
 70
1
 71
0
 91
2
 92
1
 93
0
 97
0
 92
1
 93
2
 72
2
 10
6.7700127000254007
 20
25.1600508001016081
 40
0.4500012700025398
 50
180.0
 51
0.0
 73
1
 72
2
 10
6.7700127000254007
 20
25.1600508001016081
 40
0.4500012700025398
 50
0.0
 51
180.0
 73
1
 97
0
 75
0
 76
1
 98
0
1001
ACAD
1010
0.0
1020
0.0
1030
0
  0
HATCH
  5
4B9
100
AcDbEntity
  8
Hole Layer
 62
256
370
-1
 48
1.0
  6
ByLayer
100
AcDbHatch
 10
0.0
 20
0.0
 30
0.0
210
0.0
220
0.0
230
1.0
  2
SOLID
 70
1
 71
0
 91
2
 92
1
 93
0
 97
0
 92
1
 93
2
 72
2
 10
4.2300076200152343
 20
25.1600508001016081
 40
0.45000127000254
 50
180.0
 51
0.0
 73
1
 72
2
 10
4.2300076200152343
 20
25.1600508001016081
 40
0.45000127000254
 50
0.0
 51
180.0
 73
1
 97
0
 75
0
 76
1
 98
0
1001
ACAD
1010
0.0
1020
0.0
1030
0
  0
HATCH
  5
4BA
100
AcDbEntity
  8
Hole Layer
 62
256
370
-1
 48
1.0
  6
ByLayer
100
AcDbHatch
 10
0.0
 20
0.0
 30
0.0
210
0.0
220
0.0
230
1.0
  2
SOLID
 70
1
 71
0
 91
2
 92
1
 93
0
 97
0
 92
1
 93
2
 72
2
 10
4.2300076200152343
 20
25.1600508001016081
 40
0.45000127000254
 50
180.0
 51
0.0
 73
1
 72
2
 10
4.2300076200152343
 20
25.1600508001016081
 40
0.45000127000254
 50
0.0
 51
180.0
 73
1
 97
0
 75
0
 76
1
 98
0
1001
ACAD
1010
0.0
1020
0.0
1030
0
  0
HATCH
  5
4BB
100
AcDbEntity
  8
Hole Layer
 62
256
370
-1
 48
1.0
  6
ByLayer
100
AcDbHatch
 10
0.0
 20
0.0
 30
0.0
210
0.0
220
0.0
230
1.0
  2
SOLID
 70
1
 71
0
 91
2
 92
1
 93
0
 97
0
 92
1
 93
2
 72
2
 10
6.7700127000254007
 20
22.6200457200914471
 40
0.4500012700025398
 50
180.0
 51
0.0
 73
1
 72
2
 10
6.7700127000254007
 20
22.6200457200914471
 40
0.4500012700025398
 50
0.0
 51
180.0
 73
1
 97
0
 75
0
 76
1
 98
0
1001
ACAD
1010
0.0
1020
0.0
1030
0
  0
HATCH
  5
4BC
100
AcDbEntity
  8
Hole Layer
 62
256
370
-1
 48
1.0
  6
ByLayer
100
AcDbHatch
 10
0.0
 20
0.0
 30
0.0
210
0.0
220
0.0
230
1.0
  2
SOLID
 70
1
 71
0
 91
2
 92
1
 93
0
 97
0
 92
1
 93
2
 72
2
 10
6.7700127000254007
 20
22.6200457200914471
 40
0.4500012700025398
 50
180.0
 51
0.0
 73
1
 72
2
 10
6.7700127000254007
 20
22.6200457200914471
 40
0.4500012700025398
 50
0.0
 51
180.0
 73
1
 97
0
 75
0
 76
1
 98
0
1001
ACAD
1010
0.0
1020
0.0
1030
0
  0
HATCH
  5
4BD
100
AcDbEntity
  8
Hole Layer
 62
256
370
-1
 48
1.0
  6
ByLayer
100
AcDbHatch
 10
0.0
 20
0.0
 30
0.0
210
0.0
220
0.0
230
1.0
  2
SOLID
 70
1
 71
0
 91
2
 92
1
 93
0
 97
0
 92
1
 93
2
 72
2
 10
4.2300076200152379
 20
22.6200457200914471
 40
0.45000127000254
 50
180.0
 51
0.0
 73
1
 72
2
 10
4.2300076200152379
 20
22.6200457200914471
 40
0.45000127000254
 50
0.0
 51
180.0
 73
1
 97
0
 75
0
 76
1
 98
0
1001
ACAD
1010
0.0
1020
0.0
1030
0
  0
HATCH
  5
4BE
100
AcDbEntity
  8
Hole Layer
 62
256
370
-1
 48
1.0
  6
ByLayer
100
AcDbHatch
 10
0.0
 20
0.0
 30
0.0
210
0.0
220
0.0
230
1.0
  2
SOLID
 70
1
 71
0
 91
2
 92
1
 93
0
 97
0
 92
1
 93
2
 72
2
 10
4.2300076200152379
 20
22.6200457200914471
 40
0.45000127000254
 50
180.0
 51
0.0
 73
1
 72
2
 10
4.2300076200152379
 20
22.6200457200914471
 40
0.45000127000254
 50
0.0
 51
180.0
 73
1
 97
0
 75
0
 76
1
 98
0
1001
ACAD
1010
0.0
1020
0.0
1030
0
  0
HATCH
  5
4BF
100
AcDbEntity
  8
Hole Layer
 62
256
370
-1
 48
1.0
  6
ByLayer
100
AcDbHatch
 10
0.0
 20
0.0
 30
0.0
210
0.0
220
0.0
230
1.0
  2
SOLID
 70
1
 71
0
 91
2
 92
1
 93
0
 97
0
 92
1
 93
2
 72
2
 10
6.7700127000254007
 20
20.0800406400812861
 40
0.4500012700025398
 50
180.0
 51
0.0
 73
1
 72
2
 10
6.7700127000254007
 20
20.0800406400812861
 40
0.4500012700025398
 50
0.0
 51
180.0
 73
1
 97
0
 75
0
 76
1
 98
0
1001
ACAD
1010
0.0
1020
0.0
1030
0
  0
HATCH
  5
4C0
100
AcDbEntity
  8
Hole Layer
 62
256
370
-1
 48
1.0
  6
ByLayer
100
AcDbHatch
 10
0.0
 20
0.0
 30
0.0
210
0.0
220
0.0
230
1.0
  2
SOLID
 70
1
 71
0
 91
2
 92
1
 93
0
 97
0
 92
1
 93
2
 72
2
 10
6.7700127000254007
 20
20.0800406400812861
 40
0.4500012700025398
 50
180.0
 51
0.0
 73
1
 72
2
 10
6.7700127000254007
 20
20.0800406400812861
 40
0.4500012700025398
 50
0.0
 51
180.0
 73
1
 97
0
 75
0
 76
1
 98
0
1001
ACAD
1010
0.0
1020
0.0
1030
0
  0
HATCH
  5
4C1
100
AcDbEntity
  8
Hole Layer
 62
256
370
-1
 48
1.0
  6
ByLayer
100
AcDbHatch
 10
0.0
 20
0.0
 30
0.0
210
0.0
220
0.0
230
1.0
  2
SOLID
 70
1
 71
0
 91
2
 92
1
 93
0
 97
0
 92
1
 93
2
 72
2
 10
4.2300076200152379
 20
20.0800406400812861
 40
0.45000127000254
 50
180.0
 51
0.0
 73
1
 72
2
 10
4.2300076200152379
 20
20.0800406400812861
 40
0.45000127000254
 50
0.0
 51
180.0
 73
1
 97
0
 75
0
 76
1
 98
0
1001
ACAD
1010
0.0
1020
0.0
1030
0
  0
HATCH
  5
4C2
100
AcDbEntity
  8
Hole Layer
 62
256
370
-1
 48
1.0
  6
ByLayer
100
AcDbHatch
 10
0.0
 20
0.0
 30
0.0
210
0.0
220
0.0
230
1.0
  2
SOLID
 70
1
 71
0
 91
2
 92
1
 93
0
 97
0
 92
1
 93
2
 72
2
 10
4.2300076200152379
 20
20.0800406400812861
 40
0.45000127000254
 50
180.0
 51
0.0
 73
1
 72
2
 10
4.2300076200152379
 20
20.0800406400812861
 40
0.45000127000254
 50
0.0
 51
180.0
 73
1
 97
0
 75
0
 76
1
 98
0
1001
ACAD
1010
0.0
1020
0.0
1030
0
  0
HATCH
  5
4C3
100
AcDbEntity
  8
Hole Layer
 62
256
370
-1
 48
1.0
  6
ByLayer
100
AcDbHatch
 10
0.0
 20
0.0
 30
0.0
210
0.0
220
0.0
230
1.0
  2
SOLID
 70
1
 71
0
 91
2
 92
1
 93
0
 97
0
 92
1
 93
2
 72
2
 10
6.7700127000254007
 20
17.5400355600711251
 40
0.4500012700025398
 50
180.0
 51
0.0
 73
1
 72
2
 10
6.7700127000254007
 20
17.5400355600711251
 40
0.4500012700025398
 50
0.0
 51
180.0
 73
1
 97
0
 75
0
 76
1
 98
0
1001
ACAD
1010
0.0
1020
0.0
1030
0
  0
HATCH
  5
4C4
100
AcDbEntity
  8
Hole Layer
 62
256
370
-1
 48
1.0
  6
ByLayer
100
AcDbHatch
 10
0.0
 20
0.0
 30
0.0
210
0.0
220
0.0
230
1.0
  2
SOLID
 70
1
 71
0
 91
2
 92
1
 93
0
 97
0
 92
1
 93
2
 72
2
 10
6.7700127000254007
 20
17.5400355600711251
 40
0.4500012700025398
 50
180.0
 51
0.0
 73
1
 72
2
 10
6.7700127000254007
 20
17.5400355600711251
 40
0.4500012700025398
 50
0.0
 51
180.0
 73
1
 97
0
 75
0
 76
1
 98
0
1001
ACAD
1010
0.0
1020
0.0
1030
0
  0
HATCH
  5
4C5
100
AcDbEntity
  8
Hole Layer
 62
256
370
-1
 48
1.0
  6
ByLayer
100
AcDbHatch
 10
0.0
 20
0.0
 30
0.0
210
0.0
220
0.0
230
1.0
  2
SOLID
 70
1
 71
0
 91
2
 92
1
 93
0
 97
0
 92
1
 93
2
 72
2
 10
4.2300076200152379
 20
17.5400355600711251
 40
0.45000127000254
 50
180.0
 51
0.0
 73
1
 72
2
 10
4.2300076200152379
 20
17.5400355600711251
 40
0.45000127000254
 50
0.0
 51
180.0
 73
1
 97
0
 75
0
 76
1
 98
0
1001
ACAD
1010
0.0
1020
0.0
1030
0
  0
HATCH
  5
4C6
100
AcDbEntity
  8
Hole Layer
 62
256
370
-1
 48
1.0
  6
ByLayer
100
AcDbHatch
 10
0.0
 20
0.0
 30
0.0
210
0.0
220
0.0
230
1.0
  2
SOLID
 70
1
 71
0
 91
2
 92
1
 93
0
 97
0
 92
1
 93
2
 72
2
 10
4.2300076200152379
 20
17.5400355600711251
 40
0.45000127000254
 50
180.0
 51
0.0
 73
1
 72
2
 10
4.2300076200152379
 20
17.5400355600711251
 40
0.45000127000254
 50
0.0
 51
180.0
 73
1
 97
0
 75
0
 76
1
 98
0
1001
ACAD
1010
0.0
1020
0.0
1030
0
  0
HATCH
  5
4C7
100
AcDbEntity
  8
Hole Layer
 62
256
370
-1
 48
1.0
  6
ByLayer
100
AcDbHatch
 10
0.0
 20
0.0
 30
0.0
210
0.0
220
0.0
230
1.0
  2
SOLID
 70
1
 71
0
 91
2
 92
1
 93
0
 97
0
 92
1
 93
2
 72
2
 10
6.7700127000254007
 20
15.0000304800609641
 40
0.4500012700025398
 50
180.0
 51
0.0
 73
1
 72
2
 10
6.7700127000254007
 20
15.0000304800609641
 40
0.4500012700025398
 50
0.0
 51
180.0
 73
1
 97
0
 75
0
 76
1
 98
0
1001
ACAD
1010
0.0
1020
0.0
1030
0
  0
HATCH
  5
4C8
100
AcDbEntity
  8
Hole Layer
 62
256
370
-1
 48
1.0
  6
ByLayer
100
AcDbHatch
 10
0.0
 20
0.0
 30
0.0
210
0.0
220
0.0
230
1.0
  2
SOLID
 70
1
 71
0
 91
2
 92
1
 93
0
 97
0
 92
1
 93
2
 72
2
 10
6.7700127000254007
 20
15.0000304800609641
 40
0.4500012700025398
 50
180.0
 51
0.0
 73
1
 72
2
 10
6.7700127000254007
 20
15.0000304800609641
 40
0.4500012700025398
 50
0.0
 51
180.0
 73
1
 97
0
 75
0
 76
1
 98
0
1001
ACAD
1010
0.0
1020
0.0
1030
0
  0
HATCH
  5
4C9
100
AcDbEntity
  8
Hole Layer
 62
256
370
-1
 48
1.0
  6
ByLayer
100
AcDbHatch
 10
0.0
 20
0.0
 30
0.0
210
0.0
220
0.0
230
1.0
  2
SOLID
 70
1
 71
0
 91
2
 92
1
 93
0
 97
0
 92
1
 93
2
 72
2
 10
4.2300076200152379
 20
15.0000304800609641
 40
0.45000127000254
 50
180.0
 51
0.0
 73
1
 72
2
 10
4.2300076200152379
 20
15.0000304800609641
 40
0.45000127000254
 50
0.0
 51
180.0
 73
1
 97
0
 75
0
 76
1
 98
0
1001
ACAD
1010
0.0
1020
0.0
1030
0
  0
HATCH
  5
4CA
100
AcDbEntity
  8
Hole Layer
 62
256
370
-1
 48
1.0
  6
ByLayer
100
AcDbHatch
 10
0.0
 20
0.0
 30
0.0
210
0.0
220
0.0
230
1.0
  2
SOLID
 70
1
 71
0
 91
2
 92
1
 93
0
 97
0
 92
1
 93
2
 72
2
 10
4.2300076200152379
 20
15.0000304800609641
 40
0.45000127000254
 50
180.0
 51
0.0
 73
1
 72
2
 10
4.2300076200152379
 20
15.0000304800609641
 40
0.45000127000254
 50
0.0
 51
180.0
 73
1
 97
0
 75
0
 76
1
 98
0
1001
ACAD
1010
0.0
1020
0.0
1030
0
  0
HATCH
  5
4CB
100
AcDbEntity
  8
Hole Layer
 62
256
370
-1
 48
1.0
  6
ByLayer
100
AcDbHatch
 10
0.0
 20
0.0
 30
0.0
210
0.0
220
0.0
230
1.0
  2
SOLID
 70
1
 71
0
 91
2
 92
1
 93
0
 97
0
 92
1
 93
2
 72
2
 10
6.7700127000254007
 20
12.4600254000508102
 40
0.4500012700025398
 50
180.0
 51
0.0
 73
1
 72
2
 10
6.7700127000254007
 20
12.4600254000508102
 40
0.4500012700025398
 50
0.0
 51
180.0
 73
1
 97
0
 75
0
 76
1
 98
0
1001
ACAD
1010
0.0
1020
0.0
1030
0
  0
HATCH
  5
4CC
100
AcDbEntity
  8
Hole Layer
 62
256
370
-1
 48
1.0
  6
ByLayer
100
AcDbHatch
 10
0.0
 20
0.0
 30
0.0
210
0.0
220
0.0
230
1.0
  2
SOLID
 70
1
 71
0
 91
2
 92
1
 93
0
 97
0
 92
1
 93
2
 72
2
 10
6.7700127000254007
 20
12.4600254000508102
 40
0.4500012700025398
 50
180.0
 51
0.0
 73
1
 72
2
 10
6.7700127000254007
 20
12.4600254000508102
 40
0.4500012700025398
 50
0.0
 51
180.0
 73
1
 97
0
 75
0
 76
1
 98
0
1001
ACAD
1010
0.0
1020
0.0
1030
0
  0
HATCH
  5
4CD
100
AcDbEntity
  8
Hole Layer
 62
256
370
-1
 48
1.0
  6
ByLayer
100
AcDbHatch
 10
0.0
 20
0.0
 30
0.0
210
0.0
220
0.0
230
1.0
  2
SOLID
 70
1
 71
0
 91
2
 92
1
 93
0
 97
0
 92
1
 93
2
 72
2
 10
4.2300076200152379
 20
12.4600254000508102
 40
0.45000127000254
 50
180.0
 51
0.0
 73
1
 72
2
 10
4.2300076200152379
 20
12.4600254000508102
 40
0.45000127000254
 50
0.0
 51
180.0
 73
1
 97
0
 75
0
 76
1
 98
0
1001
ACAD
1010
0.0
1020
0.0
1030
0
  0
HATCH
  5
4CE
100
AcDbEntity
  8
Hole Layer
 62
256
370
-1
 48
1.0
  6
ByLayer
100
AcDbHatch
 10
0.0
 20
0.0
 30
0.0
210
0.0
220
0.0
230
1.0
  2
SOLID
 70
1
 71
0
 91
2
 92
1
 93
0
 97
0
 92
1
 93
2
 72
2
 10
4.2300076200152379
 20
12.4600254000508102
 40
0.45000127000254
 50
180.0
 51
0.0
 73
1
 72
2
 10
4.2300076200152379
 20
12.4600254000508102
 40
0.45000127000254
 50
0.0
 51
180.0
 73
1
 97
0
 75
0
 76
1
 98
0
1001
ACAD
1010
0.0
1020
0.0
1030
0
  0
HATCH
  5
4CF
100
AcDbEntity
  8
Hole Layer
 62
256
370
-1
 48
1.0
  6
ByLayer
100
AcDbHatch
 10
0.0
 20
0.0
 30
0.0
210
0.0
220
0.0
230
1.0
  2
SOLID
 70
1
 71
0
 91
2
 92
1
 93
0
 97
0
 92
1
 93
2
 72
2
 10
6.7700127000254007
 20
9.9200203200406492
 40
0.4500012700025398
 50
180.0
 51
0.0
 73
1
 72
2
 10
6.7700127000254007
 20
9.9200203200406492
 40
0.4500012700025398
 50
0.0
 51
180.0
 73
1
 97
0
 75
0
 76
1
 98
0
1001
ACAD
1010
0.0
1020
0.0
1030
0
  0
HATCH
  5
4D0
100
AcDbEntity
  8
Hole Layer
 62
256
370
-1
 48
1.0
  6
ByLayer
100
AcDbHatch
 10
0.0
 20
0.0
 30
0.0
210
0.0
220
0.0
230
1.0
  2
SOLID
 70
1
 71
0
 91
2
 92
1
 93
0
 97
0
 92
1
 93
2
 72
2
 10
6.7700127000254007
 20
9.9200203200406492
 40
0.4500012700025398
 50
180.0
 51
0.0
 73
1
 72
2
 10
6.7700127000254007
 20
9.9200203200406492
 40
0.4500012700025398
 50
0.0
 51
180.0
 73
1
 97
0
 75
0
 76
1
 98
0
1001
ACAD
1010
0.0
1020
0.0
1030
0
  0
HATCH
  5
4D1
100
AcDbEntity
  8
Hole Layer
 62
256
370
-1
 48
1.0
  6
ByLayer
100
AcDbHatch
 10
0.0
 20
0.0
 30
0.0
210
0.0
220
0.0
230
1.0
  2
SOLID
 70
1
 71
0
 91
2
 92
1
 93
0
 97
0
 92
1
 93
2
 72
2
 10
4.2300076200152379
 20
9.9200203200406492
 40
0.45000127000254
 50
180.0
 51
0.0
 73
1
 72
2
 10
4.2300076200152379
 20
9.9200203200406492
 40
0.45000127000254
 50
0.0
 51
180.0
 73
1
 97
0
 75
0
 76
1
 98
0
1001
ACAD
1010
0.0
1020
0.0
1030
0
  0
HATCH
  5
4D2
100
AcDbEntity
  8
Hole Layer
 62
256
370
-1
 48
1.0
  6
ByLayer
100
AcDbHatch
 10
0.0
 20
0.0
 30
0.0
210
0.0
220
0.0
230
1.0
  2
SOLID
 70
1
 71
0
 91
2
 92
1
 93
0
 97
0
 92
1
 93
2
 72
2
 10
4.2300076200152379
 20
9.9200203200406492
 40
0.45000127000254
 50
180.0
 51
0.0
 73
1
 72
2
 10
4.2300076200152379
 20
9.9200203200406492
 40
0.45000127000254
 50
0.0
 51
180.0
 73
1
 97
0
 75
0
 76
1
 98
0
1001
ACAD
1010
0.0
1020
0.0
1030
0
  0
HATCH
  5
4D3
100
AcDbEntity
  8
Hole Layer
 62
256
370
-1
 48
1.0
  6
ByLayer
100
AcDbHatch
 10
0.0
 20
0.0
 30
0.0
210
0.0
220
0.0
230
1.0
  2
SOLID
 70
1
 71
0
 91
2
 92
1
 93
0
 97
0
 92
1
 93
2
 72
2
 10
6.7700127000254007
 20
7.3800152400304881
 40
0.4500012700025398
 50
180.0
 51
0.0
 73
1
 72
2
 10
6.7700127000254007
 20
7.3800152400304881
 40
0.4500012700025398
 50
0.0
 51
180.0
 73
1
 97
0
 75
0
 76
1
 98
0
1001
ACAD
1010
0.0
1020
0.0
1030
0
  0
HATCH
  5
4D4
100
AcDbEntity
  8
Hole Layer
 62
256
370
-1
 48
1.0
  6
ByLayer
100
AcDbHatch
 10
0.0
 20
0.0
 30
0.0
210
0.0
220
0.0
230
1.0
  2
SOLID
 70
1
 71
0
 91
2
 92
1
 93
0
 97
0
 92
1
 93
2
 72
2
 10
6.7700127000254007
 20
7.3800152400304881
 40
0.4500012700025398
 50
180.0
 51
0.0
 73
1
 72
2
 10
6.7700127000254007
 20
7.3800152400304881
 40
0.4500012700025398
 50
0.0
 51
180.0
 73
1
 97
0
 75
0
 76
1
 98
0
1001
ACAD
1010
0.0
1020
0.0
1030
0
  0
HATCH
  5
4D5
100
AcDbEntity
  8
Hole Layer
 62
256
370
-1
 48
1.0
  6
ByLayer
100
AcDbHatch
 10
0.0
 20
0.0
 30
0.0
210
0.0
220
0.0
230
1.0
  2
SOLID
 70
1
 71
0
 91
2
 92
1
 93
0
 97
0
 92
1
 93
2
 72
2
 10
4.2300076200152379
 20
7.3800152400304881
 40
0.45000127000254
 50
180.0
 51
0.0
 73
1
 72
2
 10
4.2300076200152379
 20
7.3800152400304881
 40
0.45000127000254
 50
0.0
 51
180.0
 73
1
 97
0
 75
0
 76
1
 98
0
1001
ACAD
1010
0.0
1020
0.0
1030
0
  0
HATCH
  5
4D6
100
AcDbEntity
  8
Hole Layer
 62
256
370
-1
 48
1.0
  6
ByLayer
100
AcDbHatch
 10
0.0
 20
0.0
 30
0.0
210
0.0
220
0.0
230
1.0
  2
SOLID
 70
1
 71
0
 91
2
 92
1
 93
0
 97
0
 92
1
 93
2
 72
2
 10
4.2300076200152379
 20
7.3800152400304881
 40
0.45000127000254
 50
180.0
 51
0.0
 73
1
 72
2
 10
4.2300076200152379
 20
7.3800152400304881
 40
0.45000127000254
 50
0.0
 51
180.0
 73
1
 97
0
 75
0
 76
1
 98
0
1001
ACAD
1010
0.0
1020
0.0
1030
0
  0
HATCH
  5
4D7
100
AcDbEntity
  8
Hole Layer
 62
256
370
-1
 48
1.0
  6
ByLayer
100
AcDbHatch
 10
0.0
 20
0.0
 30
0.0
210
0.0
220
0.0
230
1.0
  2
SOLID
 70
1
 71
0
 91
2
 92
1
 93
0
 97
0
 92
1
 93
2
 72
2
 10
6.7700127000254007
 20
4.8400101600203271
 40
0.4500012700025398
 50
180.0
 51
0.0
 73
1
 72
2
 10
6.7700127000254007
 20
4.8400101600203271
 40
0.4500012700025398
 50
0.0
 51
180.0
 73
1
 97
0
 75
0
 76
1
 98
0
1001
ACAD
1010
0.0
1020
0.0
1030
0
  0
HATCH
  5
4D8
100
AcDbEntity
  8
Hole Layer
 62
256
370
-1
 48
1.0
  6
ByLayer
100
AcDbHatch
 10
0.0
 20
0.0
 30
0.0
210
0.0
220
0.0
230
1.0
  2
SOLID
 70
1
 71
0
 91
2
 92
1
 93
0
 97
0
 92
1
 93
2
 72
2
 10
6.7700127000254007
 20
4.8400101600203271
 40
0.4500012700025398
 50
180.0
 51
0.0
 73
1
 72
2
 10
6.7700127000254007
 20
4.8400101600203271
 40
0.4500012700025398
 50
0.0
 51
180.0
 73
1
 97
0
 75
0
 76
1
 98
0
1001
ACAD
1010
0.0
1020
0.0
1030
0
  0
HATCH
  5
4D9
100
AcDbEntity
  8
Hole Layer
 62
256
370
-1
 48
1.0
  6
ByLayer
100
AcDbHatch
 10
0.0
 20
0.0
 30
0.0
210
0.0
220
0.0
230
1.0
  2
SOLID
 70
1
 71
0
 91
2
 92
1
 93
0
 97
0
 92
1
 93
2
 72
2
 10
4.2300076200152379
 20
4.8400101600203271
 40
0.45000127000254
 50
180.0
 51
0.0
 73
1
 72
2
 10
4.2300076200152379
 20
4.8400101600203271
 40
0.45000127000254
 50
0.0
 51
180.0
 73
1
 97
0
 75
0
 76
1
 98
0
1001
ACAD
1010
0.0
1020
0.0
1030
0
  0
HATCH
  5
4DA
100
AcDbEntity
  8
Hole Layer
 62
256
370
-1
 48
1.0
  6
ByLayer
100
AcDbHatch
 10
0.0
 20
0.0
 30
0.0
210
0.0
220
0.0
230
1.0
  2
SOLID
 70
1
 71
0
 91
2
 92
1
 93
0
 97
0
 92
1
 93
2
 72
2
 10
4.2300076200152379
 20
4.8400101600203271
 40
0.45000127000254
 50
180.0
 51
0.0
 73
1
 72
2
 10
4.2300076200152379
 20
4.8400101600203271
 40
0.45000127000254
 50
0.0
 51
180.0
 73
1
 97
0
 75
0
 76
1
 98
0
1001
ACAD
1010
0.0
1020
0.0
1030
0
  0
HATCH
  5
4DB
100
AcDbEntity
  8
Hole Layer
 62
256
370
-1
 48
1.0
  6
ByLayer
100
AcDbHatch
 10
0.0
 20
0.0
 30
0.0
210
0.0
220
0.0
230
1.0
  2
SOLID
 70
1
 71
0
 91
2
 92
1
 93
0
 97
0
 92
1
 93
2
 72
2
 10
6.7700127000254007
 20
2.3000050800101661
 40
0.4500012700025398
 50
180.0
 51
0.0
 73
1
 72
2
 10
6.7700127000254007
 20
2.3000050800101661
 40
0.4500012700025398
 50
0.0
 51
180.0
 73
1
 97
0
 75
0
 76
1
 98
0
1001
ACAD
1010
0.0
1020
0.0
1030
0
  0
HATCH
  5
4DC
100
AcDbEntity
  8
Hole Layer
 62
256
370
-1
 48
1.0
  6
ByLayer
100
AcDbHatch
 10
0.0
 20
0.0
 30
0.0
210
0.0
220
0.0
230
1.0
  2
SOLID
 70
1
 71
0
 91
2
 92
1
 93
0
 97
0
 92
1
 93
2
 72
2
 10
6.7700127000254007
 20
2.3000050800101661
 40
0.4500012700025398
 50
180.0
 51
0.0
 73
1
 72
2
 10
6.7700127000254007
 20
2.3000050800101661
 40
0.4500012700025398
 50
0.0
 51
180.0
 73
1
 97
0
 75
0
 76
1
 98
0
1001
ACAD
1010
0.0
1020
0.0
1030
0
  0
HATCH
  5
4DD
100
AcDbEntity
  8
Hole Layer
 62
256
370
-1
 48
1.0
  6
ByLayer
100
AcDbHatch
 10
0.0
 20
0.0
 30
0.0
210
0.0
220
0.0
230
1.0
  2
SOLID
 70
1
 71
0
 91
2
 92
1
 93
0
 97
0
 92
1
 93
2
 72
2
 10
4.2300076200152379
 20
2.3000050800101661
 40
0.45000127000254
 50
180.0
 51
0.0
 73
1
 72
2
 10
4.2300076200152379
 20
2.3000050800101661
 40
0.45000127000254
 50
0.0
 51
180.0
 73
1
 97
0
 75
0
 76
1
 98
0
1001
ACAD
1010
0.0
1020
0.0
1030
0
  0
HATCH
  5
4DE
100
AcDbEntity
  8
Hole Layer
 62
256
370
-1
 48
1.0
  6
ByLayer
100
AcDbHatch
 10
0.0
 20
0.0
 30
0.0
210
0.0
220
0.0
230
1.0
  2
SOLID
 70
1
 71
0
 91
2
 92
1
 93
0
 97
0
 92
1
 93
2
 72
2
 10
4.2300076200152379
 20
2.3000050800101661
 40
0.45000127000254
 50
180.0
 51
0.0
 73
1
 72
2
 10
4.2300076200152379
 20
2.3000050800101661
 40
0.45000127000254
 50
0.0
 51
180.0
 73
1
 97
0
 75
0
 76
1
 98
0
1001
ACAD
1010
0.0
1020
0.0
1030
0
  0
HATCH
  5
4DF
100
AcDbEntity
  8
Hole Layer
 62
256
370
-1
 48
1.0
  6
ByLayer
100
AcDbHatch
 10
0.0
 20
0.0
 30
0.0
210
0.0
220
0.0
230
1.0
  2
SOLID
 70
1
 71
0
 91
2
 92
1
 93
0
 97
0
 92
1
 93
2
 72
2
 10
32.4600660401320837
 20
28.5000558801117627
 40
0.450001270002538
 50
180.0
 51
0.0
 73
1
 72
2
 10
32.4600660401320837
 20
28.5000558801117627
 40
0.450001270002538
 50
0.0
 51
180.0
 73
1
 97
0
 75
0
 76
1
 98
0
1001
ACAD
1010
0.0
1020
0.0
1030
0
  0
HATCH
  5
4E0
100
AcDbEntity
  8
Hole Layer
 62
256
370
-1
 48
1.0
  6
ByLayer
100
AcDbHatch
 10
0.0
 20
0.0
 30
0.0
210
0.0
220
0.0
230
1.0
  2
SOLID
 70
1
 71
0
 91
2
 92
1
 93
0
 97
0
 92
1
 93
2
 72
2
 10
32.4600660401320837
 20
28.5000558801117627
 40
0.450001270002538
 50
180.0
 51
0.0
 73
1
 72
2
 10
32.4600660401320837
 20
28.5000558801117627
 40
0.450001270002538
 50
0.0
 51
180.0
 73
1
 97
0
 75
0
 76
1
 98
0
1001
ACAD
1010
0.0
1020
0.0
1030
0
  0
HATCH
  5
4E1
100
AcDbEntity
  8
Hole Layer
 62
256
370
-1
 48
1.0
  6
ByLayer
100
AcDbHatch
 10
0.0
 20
0.0
 30
0.0
210
0.0
220
0.0
230
1.0
  2
SOLID
 70
1
 71
0
 91
2
 92
1
 93
0
 97
0
 92
1
 93
2
 72
2
 10
35.0000711201422448
 20
28.5000558801117627
 40
0.450001270002538
 50
180.0
 51
0.0
 73
1
 72
2
 10
35.0000711201422448
 20
28.5000558801117627
 40
0.450001270002538
 50
0.0
 51
180.0
 73
1
 97
0
 75
0
 76
1
 98
0
1001
ACAD
1010
0.0
1020
0.0
1030
0
  0
HATCH
  5
4E2
100
AcDbEntity
  8
Hole Layer
 62
256
370
-1
 48
1.0
  6
ByLayer
100
AcDbHatch
 10
0.0
 20
0.0
 30
0.0
210
0.0
220
0.0
230
1.0
  2
SOLID
 70
1
 71
0
 91
2
 92
1
 93
0
 97
0
 92
1
 93
2
 72
2
 10
35.0000711201422448
 20
28.5000558801117627
 40
0.450001270002538
 50
180.0
 51
0.0
 73
1
 72
2
 10
35.0000711201422448
 20
28.5000558801117627
 40
0.450001270002538
 50
0.0
 51
180.0
 73
1
 97
0
 75
0
 76
1
 98
0
1001
ACAD
1010
0.0
1020
0.0
1030
0
  0
HATCH
  5
4E3
100
AcDbEntity
  8
Hole Layer
 62
256
370
-1
 48
1.0
  6
ByLayer
100
AcDbHatch
 10
0.0
 20
0.0
 30
0.0
210
0.0
220
0.0
230
1.0
  2
SOLID
 70
1
 71
0
 91
2
 92
1
 93
0
 97
0
 92
1
 93
2
 72
2
 10
37.5400762001524058
 20
28.5000558801117627
 40
0.450001270002538
 50
180.0
 51
0.0
 73
1
 72
2
 10
37.5400762001524058
 20
28.5000558801117627
 40
0.450001270002538
 50
0.0
 51
180.0
 73
1
 97
0
 75
0
 76
1
 98
0
1001
ACAD
1010
0.0
1020
0.0
1030
0
  0
HATCH
  5
4E4
100
AcDbEntity
  8
Hole Layer
 62
256
370
-1
 48
1.0
  6
ByLayer
100
AcDbHatch
 10
0.0
 20
0.0
 30
0.0
210
0.0
220
0.0
230
1.0
  2
SOLID
 70
1
 71
0
 91
2
 92
1
 93
0
 97
0
 92
1
 93
2
 72
2
 10
37.5400762001524058
 20
28.5000558801117627
 40
0.450001270002538
 50
180.0
 51
0.0
 73
1
 72
2
 10
37.5400762001524058
 20
28.5000558801117627
 40
0.450001270002538
 50
0.0
 51
180.0
 73
1
 97
0
 75
0
 76
1
 98
0
1001
ACAD
1010
0.0
1020
0.0
1030
0
  0
HATCH
  5
4E5
100
AcDbEntity
  8
Hole Layer
 62
256
370
-1
 48
1.0
  6
ByLayer
100
AcDbHatch
 10
0.0
 20
0.0
 30
0.0
210
0.0
220
0.0
230
1.0
  2
SOLID
 70
1
 71
0
 91
2
 92
1
 93
0
 97
0
 92
1
 93
2
 72
2
 10
65.0001295402590813
 20
6.0000127000254011
 40
0.6250012700025422
 50
180.0
 51
0.0
 73
1
 72
2
 10
65.0001295402590813
 20
6.0000127000254011
 40
0.6250012700025422
 50
0.0
 51
180.0
 73
1
 97
0
 75
0
 76
1
 98
0
1001
ACAD
1010
0.0
1020
0.0
1030
0
  0
HATCH
  5
4E6
100
AcDbEntity
  8
Hole Layer
 62
256
370
-1
 48
1.0
  6
ByLayer
100
AcDbHatch
 10
0.0
 20
0.0
 30
0.0
210
0.0
220
0.0
230
1.0
  2
SOLID
 70
1
 71
0
 91
2
 92
1
 93
0
 97
0
 92
1
 93
2
 72
2
 10
65.0001295402590813
 20
6.0000127000254011
 40
0.6250012700025422
 50
180.0
 51
0.0
 73
1
 72
2
 10
65.0001295402590813
 20
6.0000127000254011
 40
0.6250012700025422
 50
0.0
 51
180.0
 73
1
 97
0
 75
0
 76
1
 98
0
1001
ACAD
1010
0.0
1020
0.0
1030
0
  0
HATCH
  5
4E7
100
AcDbEntity
  8
Hole Layer
 62
256
370
-1
 48
1.0
  6
ByLayer
100
AcDbHatch
 10
0.0
 20
0.0
 30
0.0
210
0.0
220
0.0
230
1.0
  2
SOLID
 70
1
 71
0
 91
2
 92
1
 93
0
 97
0
 92
1
 93
2
 72
2
 10
67.5501422402844867
 20
3.4500000000000028
 40
0.6250012700025422
 50
180.0
 51
0.0
 73
1
 72
2
 10
67.5501422402844867
 20
3.4500000000000028
 40
0.6250012700025422
 50
0.0
 51
180.0
 73
1
 97
0
 75
0
 76
1
 98
0
1001
ACAD
1010
0.0
1020
0.0
1030
0
  0
HATCH
  5
4E8
100
AcDbEntity
  8
Hole Layer
 62
256
370
-1
 48
1.0
  6
ByLayer
100
AcDbHatch
 10
0.0
 20
0.0
 30
0.0
210
0.0
220
0.0
230
1.0
  2
SOLID
 70
1
 71
0
 91
2
 92
1
 93
0
 97
0
 92
1
 93
2
 72
2
 10
67.5501422402844867
 20
3.4500000000000028
 40
0.6250012700025422
 50
180.0
 51
0.0
 73
1
 72
2
 10
67.5501422402844867
 20
3.4500000000000028
 40
0.6250012700025422
 50
0.0
 51
180.0
 73
1
 97
0
 75
0
 76
1
 98
0
1001
ACAD
1010
0.0
1020
0.0
1030
0
  0
HATCH
  5
4E9
100
AcDbEntity
  8
Hole Layer
 62
256
370
-1
 48
1.0
  6
ByLayer
100
AcDbHatch
 10
0.0
 20
0.0
 30
0.0
210
0.0
220
0.0
230
1.0
  2
SOLID
 70
1
 71
0
 91
2
 92
1
 93
0
 97
0
 92
1
 93
2
 72
2
 10
67.5501422402844867
 20
8.5500254000508065
 40
0.6250012700025422
 50
180.0
 51
0.0
 73
1
 72
2
 10
67.5501422402844867
 20
8.5500254000508065
 40
0.6250012700025422
 50
0.0
 51
180.0
 73
1
 97
0
 75
0
 76
1
 98
0
1001
ACAD
1010
0.0
1020
0.0
1030
0
  0
HATCH
  5
4EA
100
AcDbEntity
  8
Hole Layer
 62
256
370
-1
 48
1.0
  6
ByLayer
100
AcDbHatch
 10
0.0
 20
0.0
 30
0.0
210
0.0
220
0.0
230
1.0
  2
SOLID
 70
1
 71
0
 91
2
 92
1
 93
0
 97
0
 92
1
 93
2
 72
2
 10
67.5501422402844867
 20
8.5500254000508065
 40
0.6250012700025422
 50
180.0
 51
0.0
 73
1
 72
2
 10
67.5501422402844867
 20
8.5500254000508065
 40
0.6250012700025422
 50
0.0
 51
180.0
 73
1
 97
0
 75
0
 76
1
 98
0
1001
ACAD
1010
0.0
1020
0.0
1030
0
  0
HATCH
  5
4EB
100
AcDbEntity
  8
Hole Layer
 62
256
370
-1
 48
1.0
  6
ByLayer
100
AcDbHatch
 10
0.0
 20
0.0
 30
0.0
210
0.0
220
0.0
230
1.0
  2
SOLID
 70
1
 71
0
 91
2
 92
1
 93
0
 97
0
 92
1
 93
2
 72
2
 10
62.450116840233683
 20
8.5500254000508065
 40
0.6250012700025422
 50
180.0
 51
0.0
 73
1
 72
2
 10
62.450116840233683
 20
8.5500254000508065
 40
0.6250012700025422
 50
0.0
 51
180.0
 73
1
 97
0
 75
0
 76
1
 98
0
1001
ACAD
1010
0.0
1020
0.0
1030
0
  0
HATCH
  5
4EC
100
AcDbEntity
  8
Hole Layer
 62
256
370
-1
 48
1.0
  6
ByLayer
100
AcDbHatch
 10
0.0
 20
0.0
 30
0.0
210
0.0
220
0.0
230
1.0
  2
SOLID
 70
1
 71
0
 91
2
 92
1
 93
0
 97
0
 92
1
 93
2
 72
2
 10
62.450116840233683
 20
8.5500254000508065
 40
0.6250012700025422
 50
180.0
 51
0.0
 73
1
 72
2
 10
62.450116840233683
 20
8.5500254000508065
 40
0.6250012700025422
 50
0.0
 51
180.0
 73
1
 97
0
 75
0
 76
1
 98
0
1001
ACAD
1010
0.0
1020
0.0
1030
0
  0
HATCH
  5
4ED
100
AcDbEntity
  8
Hole Layer
 62
256
370
-1
 48
1.0
  6
ByLayer
100
AcDbHatch
 10
0.0
 20
0.0
 30
0.0
210
0.0
220
0.0
230
1.0
  2
SOLID
 70
1
 71
0
 91
2
 92
1
 93
0
 97
0
 92
1
 93
2
 72
2
 10
62.450116840233683
 20
3.4500000000000028
 40
0.6250012700025422
 50
180.0
 51
0.0
 73
1
 72
2
 10
62.450116840233683
 20
3.4500000000000028
 40
0.6250012700025422
 50
0.0
 51
180.0
 73
1
 97
0
 75
0
 76
1
 98
0
1001
ACAD
1010
0.0
1020
0.0
1030
0
  0
HATCH
  5
4EE
100
AcDbEntity
  8
Hole Layer
 62
256
370
-1
 48
1.0
  6
ByLayer
100
AcDbHatch
 10
0.0
 20
0.0
 30
0.0
210
0.0
220
0.0
230
1.0
  2
SOLID
 70
1
 71
0
 91
2
 92
1
 93
0
 97
0
 92
1
 93
2
 72
2
 10
62.450116840233683
 20
3.4500000000000028
 40
0.6250012700025422
 50
180.0
 51
0.0
 73
1
 72
2
 10
62.450116840233683
 20
3.4500000000000028
 40
0.6250012700025422
 50
0.0
 51
180.0
 73
1
 97
0
 75
0
 76
1
 98
0
1001
ACAD
1010
0.0
1020
0.0
1030
0
  0
HATCH
  5
4EF
100
AcDbEntity
  8
Hole Layer
 62
256
370
-1
 48
1.0
  6
ByLayer
100
AcDbHatch
 10
0.0
 20
0.0
 30
0.0
210
0.0
220
0.0
230
1.0
  2
SOLID
 70
1
 71
0
 91
2
 92
1
 93
0
 97
0
 92
1
 93
2
 72
2
 10
65.0001295402590813
 20
24.000048260096527
 40
0.6250012700025422
 50
180.0
 51
0.0
 73
1
 72
2
 10
65.0001295402590813
 20
24.000048260096527
 40
0.6250012700025422
 50
0.0
 51
180.0
 73
1
 97
0
 75
0
 76
1
 98
0
1001
ACAD
1010
0.0
1020
0.0
1030
0
  0
HATCH
  5
4F0
100
AcDbEntity
  8
Hole Layer
 62
256
370
-1
 48
1.0
  6
ByLayer
100
AcDbHatch
 10
0.0
 20
0.0
 30
0.0
210
0.0
220
0.0
230
1.0
  2
SOLID
 70
1
 71
0
 91
2
 92
1
 93
0
 97
0
 92
1
 93
2
 72
2
 10
65.0001295402590813
 20
24.000048260096527
 40
0.6250012700025422
 50
180.0
 51
0.0
 73
1
 72
2
 10
65.0001295402590813
 20
24.000048260096527
 40
0.6250012700025422
 50
0.0
 51
180.0
 73
1
 97
0
 75
0
 76
1
 98
0
1001
ACAD
1010
0.0
1020
0.0
1030
0
  0
HATCH
  5
4F1
100
AcDbEntity
  8
Hole Layer
 62
256
370
-1
 48
1.0
  6
ByLayer
100
AcDbHatch
 10
0.0
 20
0.0
 30
0.0
210
0.0
220
0.0
230
1.0
  2
SOLID
 70
1
 71
0
 91
2
 92
1
 93
0
 97
0
 92
1
 93
2
 72
2
 10
67.5501422402844867
 20
21.4500355600711217
 40
0.6250012700025422
 50
180.0
 51
0.0
 73
1
 72
2
 10
67.5501422402844867
 20
21.4500355600711217
 40
0.6250012700025422
 50
0.0
 51
180.0
 73
1
 97
0
 75
0
 76
1
 98
0
1001
ACAD
1010
0.0
1020
0.0
1030
0
  0
HATCH
  5
4F2
100
AcDbEntity
  8
Hole Layer
 62
256
370
-1
 48
1.0
  6
ByLayer
100
AcDbHatch
 10
0.0
 20
0.0
 30
0.0
210
0.0
220
0.0
230
1.0
  2
SOLID
 70
1
 71
0
 91
2
 92
1
 93
0
 97
0
 92
1
 93
2
 72
2
 10
67.5501422402844867
 20
21.4500355600711217
 40
0.6250012700025422
 50
180.0
 51
0.0
 73
1
 72
2
 10
67.5501422402844867
 20
21.4500355600711217
 40
0.6250012700025422
 50
0.0
 51
180.0
 73
1
 97
0
 75
0
 76
1
 98
0
1001
ACAD
1010
0.0
1020
0.0
1030
0
  0
HATCH
  5
4F3
100
AcDbEntity
  8
Hole Layer
 62
256
370
-1
 48
1.0
  6
ByLayer
100
AcDbHatch
 10
0.0
 20
0.0
 30
0.0
210
0.0
220
0.0
230
1.0
  2
SOLID
 70
1
 71
0
 91
2
 92
1
 93
0
 97
0
 92
1
 93
2
 72
2
 10
67.5501422402844867
 20
26.5500609601219253
 40
0.6250012700025422
 50
180.0
 51
0.0
 73
1
 72
2
 10
67.5501422402844867
 20
26.5500609601219253
 40
0.6250012700025422
 50
0.0
 51
180.0
 73
1
 97
0
 75
0
 76
1
 98
0
1001
ACAD
1010
0.0
1020
0.0
1030
0
  0
HATCH
  5
4F4
100
AcDbEntity
  8
Hole Layer
 62
256
370
-1
 48
1.0
  6
ByLayer
100
AcDbHatch
 10
0.0
 20
0.0
 30
0.0
210
0.0
220
0.0
230
1.0
  2
SOLID
 70
1
 71
0
 91
2
 92
1
 93
0
 97
0
 92
1
 93
2
 72
2
 10
67.5501422402844867
 20
26.5500609601219253
 40
0.6250012700025422
 50
180.0
 51
0.0
 73
1
 72
2
 10
67.5501422402844867
 20
26.5500609601219253
 40
0.6250012700025422
 50
0.0
 51
180.0
 73
1
 97
0
 75
0
 76
1
 98
0
1001
ACAD
1010
0.0
1020
0.0
1030
0
  0
HATCH
  5
4F5
100
AcDbEntity
  8
Hole Layer
 62
256
370
-1
 48
1.0
  6
ByLayer
100
AcDbHatch
 10
0.0
 20
0.0
 30
0.0
210
0.0
220
0.0
230
1.0
  2
SOLID
 70
1
 71
0
 91
2
 92
1
 93
0
 97
0
 92
1
 93
2
 72
2
 10
62.450116840233683
 20
26.5500609601219217
 40
0.6250012700025422
 50
180.0
 51
0.0
 73
1
 72
2
 10
62.450116840233683
 20
26.5500609601219217
 40
0.6250012700025422
 50
0.0
 51
180.0
 73
1
 97
0
 75
0
 76
1
 98
0
1001
ACAD
1010
0.0
1020
0.0
1030
0
  0
HATCH
  5
4F6
100
AcDbEntity
  8
Hole Layer
 62
256
370
-1
 48
1.0
  6
ByLayer
100
AcDbHatch
 10
0.0
 20
0.0
 30
0.0
210
0.0
220
0.0
230
1.0
  2
SOLID
 70
1
 71
0
 91
2
 92
1
 93
0
 97
0
 92
1
 93
2
 72
2
 10
62.450116840233683
 20
26.5500609601219217
 40
0.6250012700025422
 50
180.0
 51
0.0
 73
1
 72
2
 10
62.450116840233683
 20
26.5500609601219217
 40
0.6250012700025422
 50
0.0
 51
180.0
 73
1
 97
0
 75
0
 76
1
 98
0
1001
ACAD
1010
0.0
1020
0.0
1030
0
  0
HATCH
  5
4F7
100
AcDbEntity
  8
Hole Layer
 62
256
370
-1
 48
1.0
  6
ByLayer
100
AcDbHatch
 10
0.0
 20
0.0
 30
0.0
210
0.0
220
0.0
230
1.0
  2
SOLID
 70
1
 71
0
 91
2
 92
1
 93
0
 97
0
 92
1
 93
2
 72
2
 10
62.450116840233683
 20
21.4500355600711217
 40
0.6250012700025422
 50
180.0
 51
0.0
 73
1
 72
2
 10
62.450116840233683
 20
21.4500355600711217
 40
0.6250012700025422
 50
0.0
 51
180.0
 73
1
 97
0
 75
0
 76
1
 98
0
1001
ACAD
1010
0.0
1020
0.0
1030
0
  0
HATCH
  5
4F8
100
AcDbEntity
  8
Hole Layer
 62
256
370
-1
 48
1.0
  6
ByLayer
100
AcDbHatch
 10
0.0
 20
0.0
 30
0.0
210
0.0
220
0.0
230
1.0
  2
SOLID
 70
1
 71
0
 91
2
 92
1
 93
0
 97
0
 92
1
 93
2
 72
2
 10
62.450116840233683
 20
21.4500355600711217
 40
0.6250012700025422
 50
180.0
 51
0.0
 73
1
 72
2
 10
62.450116840233683
 20
21.4500355600711217
 40
0.6250012700025422
 50
0.0
 51
180.0
 73
1
 97
0
 75
0
 76
1
 98
0
1001
ACAD
1010
0.0
1020
0.0
1030
0
  0
HATCH
  5
4F9
100
AcDbEntity
  8
Hole Layer
 62
256
370
-1
 48
1.0
  6
ByLayer
100
AcDbHatch
 10
0.0
 20
0.0
 30
0.0
210
0.0
220
0.0
230
1.0
  2
SOLID
 70
1
 71
0
 91
2
 92
1
 93
0
 97
0
 92
1
 93
2
 72
2
 10
10.1600203200406405
 20
25.1206502413004884
 40
0.4500012700025398
 50
180.0
 51
0.0
 73
1
 72
2
 10
10.1600203200406405
 20
25.1206502413004884
 40
0.4500012700025398
 50
0.0
 51
180.0
 73
1
 97
0
 75
0
 76
1
 98
0
1001
ACAD
1010
0.0
1020
0.0
1030
0
  0
HATCH
  5
4FA
100
AcDbEntity
  8
Hole Layer
 62
256
370
-1
 48
1.0
  6
ByLayer
100
AcDbHatch
 10
0.0
 20
0.0
 30
0.0
210
0.0
220
0.0
230
1.0
  2
SOLID
 70
1
 71
0
 91
2
 92
1
 93
0
 97
0
 92
1
 93
2
 72
2
 10
10.1600203200406405
 20
25.1206502413004884
 40
0.4500012700025398
 50
180.0
 51
0.0
 73
1
 72
2
 10
10.1600203200406405
 20
25.1206502413004884
 40
0.4500012700025398
 50
0.0
 51
180.0
 73
1
 97
0
 75
0
 76
1
 98
0
1001
ACAD
1010
0.0
1020
0.0
1030
0
  0
HATCH
  5
4FB
100
AcDbEntity
  8
Hole Layer
 62
256
370
-1
 48
1.0
  6
ByLayer
100
AcDbHatch
 10
0.0
 20
0.0
 30
0.0
210
0.0
220
0.0
230
1.0
  2
SOLID
 70
1
 71
0
 91
2
 92
1
 93
0
 97
0
 92
1
 93
2
 72
2
 10
10.1600203200406405
 20
27.6606553213106494
 40
0.4500012700025398
 50
180.0
 51
0.0
 73
1
 72
2
 10
10.1600203200406405
 20
27.6606553213106494
 40
0.4500012700025398
 50
0.0
 51
180.0
 73
1
 97
0
 75
0
 76
1
 98
0
1001
ACAD
1010
0.0
1020
0.0
1030
0
  0
HATCH
  5
4FC
100
AcDbEntity
  8
Hole Layer
 62
256
370
-1
 48
1.0
  6
ByLayer
100
AcDbHatch
 10
0.0
 20
0.0
 30
0.0
210
0.0
220
0.0
230
1.0
  2
SOLID
 70
1
 71
0
 91
2
 92
1
 93
0
 97
0
 92
1
 93
2
 72
2
 10
10.1600203200406405
 20
27.6606553213106494
 40
0.4500012700025398
 50
180.0
 51
0.0
 73
1
 72
2
 10
10.1600203200406405
 20
27.6606553213106494
 40
0.4500012700025398
 50
0.0
 51
180.0
 73
1
 97
0
 75
0
 76
1
 98
0
1001
ACAD
1010
0.0
1020
0.0
1030
0
  0
HATCH
  5
4FD
100
AcDbEntity
  8
Component Marking Layer
 62
256
370
-1
 48
1.0
  6
ByLayer
100
AcDbHatch
 10
0.0
 20
0.0
 30
0.0
210
0.0
220
0.0
230
1.0
  2
SOLID
 70
1
 71
0
 91
2
 92
1
 93
0
 97
0
 92
1
 93
2
 72
2
 10
11.9380238760477546
 20
19.7345694691389397
 40
0.05996951993904
 50
180.0
 51
0.0
 73
1
 72
2
 10
11.9380238760477546
 20
19.7345694691389397
 40
0.05996951993904
 50
0.0
 51
180.0
 73
1
 97
0
 75
0
 76
1
 98
0
1001
ACAD
1010
0.0
1020
0.0
1030
0
  0
HATCH
  5
4FE
100
AcDbEntity
  8
Component Marking Layer
 62
256
370
-1
 48
1.0
  6
ByLayer
100
AcDbHatch
 10
0.0
 20
0.0
 30
0.0
210
0.0
220
0.0
230
1.0
  2
SOLID
 70
1
 71
0
 91
2
 92
1
 93
0
 97
0
 92
1
 93
2
 72
2
 10
11.9380238760477546
 20
19.7345694691389397
 40
0.05996951993904
 50
180.0
 51
0.0
 73
1
 72
2
 10
11.9380238760477546
 20
19.7345694691389397
 40
0.05996951993904
 50
0.0
 51
180.0
 73
1
 97
0
 75
0
 76
1
 98
0
1001
ACAD
1010
0.0
1020
0.0
1030
0
  0
HATCH
  5
4FF
100
AcDbEntity
  8
Component Marking Layer
 62
256
370
-1
 48
1.0
  6
ByLayer
100
AcDbHatch
 10
0.0
 20
0.0
 30
0.0
210
0.0
220
0.0
230
1.0
  2
SOLID
 70
1
 71
0
 91
2
 92
1
 93
0
 97
0
 92
1
 93
2
 72
2
 10
8.0000101600203202
 20
29.1700584201168525
 40
0.0599949199898404
 50
180.0
 51
0.0
 73
1
 72
2
 10
8.0000101600203202
 20
29.1700584201168525
 40
0.0599949199898404
 50
0.0
 51
180.0
 73
1
 97
0
 75
0
 76
1
 98
0
1001
ACAD
1010
0.0
1020
0.0
1030
0
  0
HATCH
  5
500
100
AcDbEntity
  8
Component Marking Layer
 62
256
370
-1
 48
1.0
  6
ByLayer
100
AcDbHatch
 10
0.0
 20
0.0
 30
0.0
210
0.0
220
0.0
230
1.0
  2
SOLID
 70
1
 71
0
 91
2
 92
1
 93
0
 97
0
 92
1
 93
2
 72
2
 10
8.0000101600203202
 20
29.1700584201168525
 40
0.0599949199898404
 50
180.0
 51
0.0
 73
1
 72
2
 10
8.0000101600203202
 20
29.1700584201168525
 40
0.0599949199898404
 50
0.0
 51
180.0
 73
1
 97
0
 75
0
 76
1
 98
0
1001
ACAD
1010
0.0
1020
0.0
1030
0
  0
HATCH
  5
501
100
AcDbEntity
  8
Component Marking Layer
 62
256
370
-1
 48
1.0
  6
ByLayer
100
AcDbHatch
 10
0.0
 20
0.0
 30
0.0
210
0.0
220
0.0
230
1.0
  2
SOLID
 70
1
 71
0
 91
2
 92
1
 93
0
 97
0
 92
1
 93
2
 72
2
 10
31.1900635001270032
 20
27.2500685801371638
 40
0.0599949199898404
 50
180.0
 51
0.0
 73
1
 72
2
 10
31.1900635001270032
 20
27.2500685801371638
 40
0.0599949199898404
 50
0.0
 51
180.0
 73
1
 97
0
 75
0
 76
1
 98
0
1001
ACAD
1010
0.0
1020
0.0
1030
0
  0
HATCH
  5
502
100
AcDbEntity
  8
Component Marking Layer
 62
256
370
-1
 48
1.0
  6
ByLayer
100
AcDbHatch
 10
0.0
 20
0.0
 30
0.0
210
0.0
220
0.0
230
1.0
  2
SOLID
 70
1
 71
0
 91
2
 92
1
 93
0
 97
0
 92
1
 93
2
 72
2
 10
31.1900635001270032
 20
27.2500685801371638
 40
0.0599949199898404
 50
180.0
 51
0.0
 73
1
 72
2
 10
31.1900635001270032
 20
27.2500685801371638
 40
0.0599949199898404
 50
0.0
 51
180.0
 73
1
 97
0
 75
0
 76
1
 98
0
1001
ACAD
1010
0.0
1020
0.0
1030
0
  0
HATCH
  5
503
100
AcDbEntity
  8
Component Marking Layer
 62
256
370
-1
 48
1.0
  6
ByLayer
100
AcDbHatch
 10
0.0
 20
0.0
 30
0.0
210
0.0
220
0.0
230
1.0
  2
SOLID
 70
1
 71
0
 91
2
 92
1
 93
0
 97
0
 92
1
 93
2
 72
2
 10
61.2002819405638903
 20
2.200165100330203
 40
0.0599695199390382
 50
180.0
 51
0.0
 73
1
 72
2
 10
61.2002819405638903
 20
2.200165100330203
 40
0.0599695199390382
 50
0.0
 51
180.0
 73
1
 97
0
 75
0
 76
1
 98
0
1001
ACAD
1010
0.0
1020
0.0
1030
0
  0
HATCH
  5
504
100
AcDbEntity
  8
Component Marking Layer
 62
256
370
-1
 48
1.0
  6
ByLayer
100
AcDbHatch
 10
0.0
 20
0.0
 30
0.0
210
0.0
220
0.0
230
1.0
  2
SOLID
 70
1
 71
0
 91
2
 92
1
 93
0
 97
0
 92
1
 93
2
 72
2
 10
61.2002819405638903
 20
2.200165100330203
 40
0.0599695199390382
 50
180.0
 51
0.0
 73
1
 72
2
 10
61.2002819405638903
 20
2.200165100330203
 40
0.0599695199390382
 50
0.0
 51
180.0
 73
1
 97
0
 75
0
 76
1
 98
0
1001
ACAD
1010
0.0
1020
0.0
1030
0
  0
HATCH
  5
505
100
AcDbEntity
  8
Component Marking Layer
 62
256
370
-1
 48
1.0
  6
ByLayer
100
AcDbHatch
 10
0.0
 20
0.0
 30
0.0
210
0.0
220
0.0
230
1.0
  2
SOLID
 70
1
 71
0
 91
2
 92
1
 93
0
 97
0
 92
1
 93
2
 72
2
 10
61.2002819405638903
 20
20.2002006604013218
 40
0.0599695199390382
 50
180.0
 51
0.0
 73
1
 72
2
 10
61.2002819405638903
 20
20.2002006604013218
 40
0.0599695199390382
 50
0.0
 51
180.0
 73
1
 97
0
 75
0
 76
1
 98
0
1001
ACAD
1010
0.0
1020
0.0
1030
0
  0
HATCH
  5
506
100
AcDbEntity
  8
Component Marking Layer
 62
256
370
-1
 48
1.0
  6
ByLayer
100
AcDbHatch
 10
0.0
 20
0.0
 30
0.0
210
0.0
220
0.0
230
1.0
  2
SOLID
 70
1
 71
0
 91
2
 92
1
 93
0
 97
0
 92
1
 93
2
 72
2
 10
61.2002819405638903
 20
20.2002006604013218
 40
0.0599695199390382
 50
180.0
 51
0.0
 73
1
 72
2
 10
61.2002819405638903
 20
20.2002006604013218
 40
0.0599695199390382
 50
0.0
 51
180.0
 73
1
 97
0
 75
0
 76
1
 98
0
1001
ACAD
1010
0.0
1020
0.0
1030
0
  0
HATCH
  5
507
100
AcDbEntity
  8
Component Marking Layer
 62
256
370
-1
 48
1.0
  6
ByLayer
100
AcDbHatch
 10
0.0
 20
0.0
 30
0.0
210
0.0
220
0.0
230
1.0
  2
SOLID
 70
1
 71
0
 91
2
 92
1
 93
0
 97
0
 92
1
 93
2
 72
2
 10
11.4100330200660451
 20
23.8506477012954079
 40
0.0599949199898404
 50
180.0
 51
0.0
 73
1
 72
2
 10
11.4100330200660451
 20
23.8506477012954079
 40
0.0599949199898404
 50
0.0
 51
180.0
 73
1
 97
0
 75
0
 76
1
 98
0
1001
ACAD
1010
0.0
1020
0.0
1030
0
  0
HATCH
  5
508
100
AcDbEntity
  8
Component Marking Layer
 62
256
370
-1
 48
1.0
  6
ByLayer
100
AcDbHatch
 10
0.0
 20
0.0
 30
0.0
210
0.0
220
0.0
230
1.0
  2
SOLID
 70
1
 71
0
 91
2
 92
1
 93
0
 97
0
 92
1
 93
2
 72
2
 10
11.4100330200660451
 20
23.8506477012954079
 40
0.0599949199898404
 50
180.0
 51
0.0
 73
1
 72
2
 10
11.4100330200660451
 20
23.8506477012954079
 40
0.0599949199898404
 50
0.0
 51
180.0
 73
1
 97
0
 75
0
 76
1
 98
0
1001
ACAD
1010
0.0
1020
0.0
1030
0
  0
LWPOLYLINE
  5
509
100
AcDbEntity
  8
Component Marking Layer
 62
256
370
-1
 48
1.0
  6
ByLayer
100
AcDbPolyline
 90
4
 70
0
 10
11.8780543561087164
 20
19.734569469151559
 42
0.9999999999999999
 10
11.9979933959867928
 20
19.7345694691375968
 10
11.9979933959867928
 20
19.7345694691263205
 42
0.9999999999999999
 10
11.8780543561087164
 20
19.7345694691402826
  0
LWPOLYLINE
  5
50A
100
AcDbEntity
  8
Component Marking Layer
 62
256
370
-1
 48
1.0
  6
ByLayer
100
AcDbPolyline
 90
4
 70
0
 10
7.9400152400304798
 20
29.170058420127237
 42
0.9999999999999999
 10
8.060005080010157
 20
29.1700584201075657
 10
8.060005080010157
 20
29.1700584201064643
 42
0.9999999999999999
 10
7.9400152400304798
 20
29.1700584201261357
  0
LWPOLYLINE
  5
50B
100
AcDbEntity
  8
Component Marking Layer
 62
256
370
-1
 48
1.0
  6
ByLayer
100
AcDbPolyline
 90
4
 70
0
 10
31.1300685801371628
 20
27.2500685801475484
 42
0.9999999999999999
 10
31.2500584201168436
 20
27.2500685801278806
 10
31.2500584201168436
 20
27.2500685801267792
 42
0.9999999999999999
 10
31.1300685801371628
 20
27.2500685801464471
  0
LWPOLYLINE
  5
50C
100
AcDbEntity
  8
Component Marking Layer
 62
256
370
-1
 48
1.0
  6
ByLayer
100
AcDbPolyline
 90
2
 70
1
 10
61.1403124206248449
 20
2.200165100330203
 42
0.9999999999999999
 10
61.2602514605029356
 20
2.200165100330203
 42
0.9999999999999999
  0
LWPOLYLINE
  5
50D
100
AcDbEntity
  8
Component Marking Layer
 62
256
370
-1
 48
1.0
  6
ByLayer
100
AcDbPolyline
 90
2
 70
1
 10
61.1403124206248449
 20
20.2002006604013218
 42
0.9999999999999999
 10
61.2602514605029356
 20
20.2002006604013218
 42
0.9999999999999999
  0
LWPOLYLINE
  5
50E
100
AcDbEntity
  8
Component Marking Layer
 62
256
370
-1
 48
1.0
  6
ByLayer
100
AcDbPolyline
 90
4
 70
0
 10
11.3500381000762083
 20
23.8506477013057925
 42
0.9999999999999999
 10
11.4700279400558856
 20
23.8506477012861247
 10
11.4700279400558856
 20
23.8506477012850233
 42
0.9999999999999999
 10
11.3500381000762083
 20
23.8506477013046911
  0
HATCH
  5
50F
100
AcDbEntity
  8
Pin Soldering Layer
 62
256
370
-1
 48
1.0
  6
ByLayer
100
AcDbHatch
 10
0.0
 20
0.0
 30
0.0
210
0.0
220
0.0
230
1.0
  2
SOLID
 70
1
 71
0
 91
2
 92
1
 93
0
 97
0
 92
1
 93
2
 72
2
 10
19.6850393700787443
 20
24.3840487680975393
 40
0.5500889001778013
 50
180.0
 51
0.0
 73
1
 72
2
 10
19.6850393700787443
 20
24.3840487680975393
 40
0.5500889001778013
 50
0.0
 51
180.0
 73
1
 97
0
 75
0
 76
1
 98
0
1001
ACAD
1010
0.0
1020
0.0
1030
0
  0
HATCH
  5
510
100
AcDbEntity
  8
Pin Soldering Layer
 62
256
370
-1
 48
1.0
  6
ByLayer
100
AcDbHatch
 10
0.0
 20
0.0
 30
0.0
210
0.0
220
0.0
230
1.0
  2
SOLID
 70
1
 71
0
 91
2
 92
1
 93
0
 97
0
 92
1
 93
2
 72
2
 10
19.6850393700787443
 20
24.3840487680975393
 40
0.5500889001778013
 50
180.0
 51
0.0
 73
1
 72
2
 10
19.6850393700787443
 20
24.3840487680975393
 40
0.5500889001778013
 50
0.0
 51
180.0
 73
1
 97
0
 75
0
 76
1
 98
0
1001
ACAD
1010
0.0
1020
0.0
1030
0
  0
HATCH
  5
511
100
AcDbEntity
  8
Pin Soldering Layer
 62
256
370
-1
 48
1.0
  6
ByLayer
100
AcDbHatch
 10
0.0
 20
0.0
 30
0.0
210
0.0
220
0.0
230
1.0
  2
SOLID
 70
1
 71
0
 91
2
 92
1
 93
0
 97
0
 92
1
 93
2
 72
2
 10
14.6050292100584223
 20
24.3840487680975393
 40
0.5500889001778013
 50
180.0
 51
0.0
 73
1
 72
2
 10
14.6050292100584223
 20
24.3840487680975393
 40
0.5500889001778013
 50
0.0
 51
180.0
 73
1
 97
0
 75
0
 76
1
 98
0
1001
ACAD
1010
0.0
1020
0.0
1030
0
  0
HATCH
  5
512
100
AcDbEntity
  8
Pin Soldering Layer
 62
256
370
-1
 48
1.0
  6
ByLayer
100
AcDbHatch
 10
0.0
 20
0.0
 30
0.0
210
0.0
220
0.0
230
1.0
  2
SOLID
 70
1
 71
0
 91
2
 92
1
 93
0
 97
0
 92
1
 93
2
 72
2
 10
14.6050292100584223
 20
24.3840487680975393
 40
0.5500889001778013
 50
180.0
 51
0.0
 73
1
 72
2
 10
14.6050292100584223
 20
24.3840487680975393
 40
0.5500889001778013
 50
0.0
 51
180.0
 73
1
 97
0
 75
0
 76
1
 98
0
1001
ACAD
1010
0.0
1020
0.0
1030
0
  0
HATCH
  5
513
100
AcDbEntity
  8
Pin Soldering Layer
 62
256
370
-1
 48
1.0
  6
ByLayer
100
AcDbHatch
 10
0.0
 20
0.0
 30
0.0
210
0.0
220
0.0
230
1.0
  2
SOLID
 70
1
 71
0
 91
2
 92
1
 93
0
 97
0
 92
1
 93
2
 72
2
 10
65.0001295402590813
 20
6.0000127000254011
 40
0.6501270002540025
 50
180.0
 51
0.0
 73
1
 72
2
 10
65.0001295402590813
 20
6.0000127000254011
 40
0.6501270002540025
 50
0.0
 51
180.0
 73
1
 97
0
 75
0
 76
1
 98
0
1001
ACAD
1010
0.0
1020
0.0
1030
0
  0
HATCH
  5
514
100
AcDbEntity
  8
Pin Soldering Layer
 62
256
370
-1
 48
1.0
  6
ByLayer
100
AcDbHatch
 10
0.0
 20
0.0
 30
0.0
210
0.0
220
0.0
230
1.0
  2
SOLID
 70
1
 71
0
 91
2
 92
1
 93
0
 97
0
 92
1
 93
2
 72
2
 10
65.0001295402590813
 20
6.0000127000254011
 40
0.6501270002540025
 50
180.0
 51
0.0
 73
1
 72
2
 10
65.0001295402590813
 20
6.0000127000254011
 40
0.6501270002540025
 50
0.0
 51
180.0
 73
1
 97
0
 75
0
 76
1
 98
0
1001
ACAD
1010
0.0
1020
0.0
1030
0
  0
HATCH
  5
515
100
AcDbEntity
  8
Pin Soldering Layer
 62
256
370
-1
 48
1.0
  6
ByLayer
100
AcDbHatch
 10
0.0
 20
0.0
 30
0.0
210
0.0
220
0.0
230
1.0
  2
SOLID
 70
1
 71
0
 91
2
 92
1
 93
0
 97
0
 92
1
 93
2
 72
2
 10
67.5500406400812778
 20
3.4501016002032046
 40
0.6501270002540025
 50
180.0
 51
0.0
 73
1
 72
2
 10
67.5500406400812778
 20
3.4501016002032046
 40
0.6501270002540025
 50
0.0
 51
180.0
 73
1
 97
0
 75
0
 76
1
 98
0
1001
ACAD
1010
0.0
1020
0.0
1030
0
  0
HATCH
  5
516
100
AcDbEntity
  8
Pin Soldering Layer
 62
256
370
-1
 48
1.0
  6
ByLayer
100
AcDbHatch
 10
0.0
 20
0.0
 30
0.0
210
0.0
220
0.0
230
1.0
  2
SOLID
 70
1
 71
0
 91
2
 92
1
 93
0
 97
0
 92
1
 93
2
 72
2
 10
67.5500406400812778
 20
3.4501016002032046
 40
0.6501270002540025
 50
180.0
 51
0.0
 73
1
 72
2
 10
67.5500406400812778
 20
3.4501016002032046
 40
0.6501270002540025
 50
0.0
 51
180.0
 73
1
 97
0
 75
0
 76
1
 98
0
1001
ACAD
1010
0.0
1020
0.0
1030
0
  0
HATCH
  5
517
100
AcDbEntity
  8
Pin Soldering Layer
 62
256
370
-1
 48
1.0
  6
ByLayer
100
AcDbHatch
 10
0.0
 20
0.0
 30
0.0
210
0.0
220
0.0
230
1.0
  2
SOLID
 70
1
 71
0
 91
2
 92
1
 93
0
 97
0
 92
1
 93
2
 72
2
 10
67.5500406400812778
 20
8.5499237998475976
 40
0.6501270002540025
 50
180.0
 51
0.0
 73
1
 72
2
 10
67.5500406400812778
 20
8.5499237998475976
 40
0.6501270002540025
 50
0.0
 51
180.0
 73
1
 97
0
 75
0
 76
1
 98
0
1001
ACAD
1010
0.0
1020
0.0
1030
0
  0
HATCH
  5
518
100
AcDbEntity
  8
Pin Soldering Layer
 62
256
370
-1
 48
1.0
  6
ByLayer
100
AcDbHatch
 10
0.0
 20
0.0
 30
0.0
210
0.0
220
0.0
230
1.0
  2
SOLID
 70
1
 71
0
 91
2
 92
1
 93
0
 97
0
 92
1
 93
2
 72
2
 10
67.5500406400812778
 20
8.5499237998475976
 40
0.6501270002540025
 50
180.0
 51
0.0
 73
1
 72
2
 10
67.5500406400812778
 20
8.5499237998475976
 40
0.6501270002540025
 50
0.0
 51
180.0
 73
1
 97
0
 75
0
 76
1
 98
0
1001
ACAD
1010
0.0
1020
0.0
1030
0
  0
HATCH
  5
519
100
AcDbEntity
  8
Pin Soldering Layer
 62
256
370
-1
 48
1.0
  6
ByLayer
100
AcDbHatch
 10
0.0
 20
0.0
 30
0.0
210
0.0
220
0.0
230
1.0
  2
SOLID
 70
1
 71
0
 91
2
 92
1
 93
0
 97
0
 92
1
 93
2
 72
2
 10
62.4502184404368919
 20
8.5499237998475976
 40
0.6501270002540025
 50
180.0
 51
0.0
 73
1
 72
2
 10
62.4502184404368919
 20
8.5499237998475976
 40
0.6501270002540025
 50
0.0
 51
180.0
 73
1
 97
0
 75
0
 76
1
 98
0
1001
ACAD
1010
0.0
1020
0.0
1030
0
  0
HATCH
  5
51A
100
AcDbEntity
  8
Pin Soldering Layer
 62
256
370
-1
 48
1.0
  6
ByLayer
100
AcDbHatch
 10
0.0
 20
0.0
 30
0.0
210
0.0
220
0.0
230
1.0
  2
SOLID
 70
1
 71
0
 91
2
 92
1
 93
0
 97
0
 92
1
 93
2
 72
2
 10
62.4502184404368919
 20
8.5499237998475976
 40
0.6501270002540025
 50
180.0
 51
0.0
 73
1
 72
2
 10
62.4502184404368919
 20
8.5499237998475976
 40
0.6501270002540025
 50
0.0
 51
180.0
 73
1
 97
0
 75
0
 76
1
 98
0
1001
ACAD
1010
0.0
1020
0.0
1030
0
  0
HATCH
  5
51B
100
AcDbEntity
  8
Pin Soldering Layer
 62
256
370
-1
 48
1.0
  6
ByLayer
100
AcDbHatch
 10
0.0
 20
0.0
 30
0.0
210
0.0
220
0.0
230
1.0
  2
SOLID
 70
1
 71
0
 91
2
 92
1
 93
0
 97
0
 92
1
 93
2
 72
2
 10
62.4502184404368919
 20
3.4501016002032046
 40
0.6501270002540025
 50
180.0
 51
0.0
 73
1
 72
2
 10
62.4502184404368919
 20
3.4501016002032046
 40
0.6501270002540025
 50
0.0
 51
180.0
 73
1
 97
0
 75
0
 76
1
 98
0
1001
ACAD
1010
0.0
1020
0.0
1030
0
  0
HATCH
  5
51C
100
AcDbEntity
  8
Pin Soldering Layer
 62
256
370
-1
 48
1.0
  6
ByLayer
100
AcDbHatch
 10
0.0
 20
0.0
 30
0.0
210
0.0
220
0.0
230
1.0
  2
SOLID
 70
1
 71
0
 91
2
 92
1
 93
0
 97
0
 92
1
 93
2
 72
2
 10
62.4502184404368919
 20
3.4501016002032046
 40
0.6501270002540025
 50
180.0
 51
0.0
 73
1
 72
2
 10
62.4502184404368919
 20
3.4501016002032046
 40
0.6501270002540025
 50
0.0
 51
180.0
 73
1
 97
0
 75
0
 76
1
 98
0
1001
ACAD
1010
0.0
1020
0.0
1030
0
  0
HATCH
  5
51D
100
AcDbEntity
  8
Pin Soldering Layer
 62
256
370
-1
 48
1.0
  6
ByLayer
100
AcDbHatch
 10
0.0
 20
0.0
 30
0.0
210
0.0
220
0.0
230
1.0
  2
SOLID
 70
1
 71
0
 91
2
 92
1
 93
0
 97
0
 92
1
 93
2
 72
2
 10
65.0001295402590813
 20
24.000048260096527
 40
0.6501270002540025
 50
180.0
 51
0.0
 73
1
 72
2
 10
65.0001295402590813
 20
24.000048260096527
 40
0.6501270002540025
 50
0.0
 51
180.0
 73
1
 97
0
 75
0
 76
1
 98
0
1001
ACAD
1010
0.0
1020
0.0
1030
0
  0
HATCH
  5
51E
100
AcDbEntity
  8
Pin Soldering Layer
 62
256
370
-1
 48
1.0
  6
ByLayer
100
AcDbHatch
 10
0.0
 20
0.0
 30
0.0
210
0.0
220
0.0
230
1.0
  2
SOLID
 70
1
 71
0
 91
2
 92
1
 93
0
 97
0
 92
1
 93
2
 72
2
 10
65.0001295402590813
 20
24.000048260096527
 40
0.6501270002540025
 50
180.0
 51
0.0
 73
1
 72
2
 10
65.0001295402590813
 20
24.000048260096527
 40
0.6501270002540025
 50
0.0
 51
180.0
 73
1
 97
0
 75
0
 76
1
 98
0
1001
ACAD
1010
0.0
1020
0.0
1030
0
  0
HATCH
  5
51F
100
AcDbEntity
  8
Pin Soldering Layer
 62
256
370
-1
 48
1.0
  6
ByLayer
100
AcDbHatch
 10
0.0
 20
0.0
 30
0.0
210
0.0
220
0.0
230
1.0
  2
SOLID
 70
1
 71
0
 91
2
 92
1
 93
0
 97
0
 92
1
 93
2
 72
2
 10
67.5500406400812778
 20
21.4501371602743234
 40
0.6501270002540025
 50
180.0
 51
0.0
 73
1
 72
2
 10
67.5500406400812778
 20
21.4501371602743234
 40
0.6501270002540025
 50
0.0
 51
180.0
 73
1
 97
0
 75
0
 76
1
 98
0
1001
ACAD
1010
0.0
1020
0.0
1030
0
  0
HATCH
  5
520
100
AcDbEntity
  8
Pin Soldering Layer
 62
256
370
-1
 48
1.0
  6
ByLayer
100
AcDbHatch
 10
0.0
 20
0.0
 30
0.0
210
0.0
220
0.0
230
1.0
  2
SOLID
 70
1
 71
0
 91
2
 92
1
 93
0
 97
0
 92
1
 93
2
 72
2
 10
67.5500406400812778
 20
21.4501371602743234
 40
0.6501270002540025
 50
180.0
 51
0.0
 73
1
 72
2
 10
67.5500406400812778
 20
21.4501371602743234
 40
0.6501270002540025
 50
0.0
 51
180.0
 73
1
 97
0
 75
0
 76
1
 98
0
1001
ACAD
1010
0.0
1020
0.0
1030
0
  0
HATCH
  5
521
100
AcDbEntity
  8
Pin Soldering Layer
 62
256
370
-1
 48
1.0
  6
ByLayer
100
AcDbHatch
 10
0.0
 20
0.0
 30
0.0
210
0.0
220
0.0
230
1.0
  2
SOLID
 70
1
 71
0
 91
2
 92
1
 93
0
 97
0
 92
1
 93
2
 72
2
 10
67.5500406400812778
 20
26.5499593599187271
 40
0.6501270002540025
 50
180.0
 51
0.0
 73
1
 72
2
 10
67.5500406400812778
 20
26.5499593599187271
 40
0.6501270002540025
 50
0.0
 51
180.0
 73
1
 97
0
 75
0
 76
1
 98
0
1001
ACAD
1010
0.0
1020
0.0
1030
0
  0
HATCH
  5
522
100
AcDbEntity
  8
Pin Soldering Layer
 62
256
370
-1
 48
1.0
  6
ByLayer
100
AcDbHatch
 10
0.0
 20
0.0
 30
0.0
210
0.0
220
0.0
230
1.0
  2
SOLID
 70
1
 71
0
 91
2
 92
1
 93
0
 97
0
 92
1
 93
2
 72
2
 10
67.5500406400812778
 20
26.5499593599187271
 40
0.6501270002540025
 50
180.0
 51
0.0
 73
1
 72
2
 10
67.5500406400812778
 20
26.5499593599187271
 40
0.6501270002540025
 50
0.0
 51
180.0
 73
1
 97
0
 75
0
 76
1
 98
0
1001
ACAD
1010
0.0
1020
0.0
1030
0
  0
HATCH
  5
523
100
AcDbEntity
  8
Pin Soldering Layer
 62
256
370
-1
 48
1.0
  6
ByLayer
100
AcDbHatch
 10
0.0
 20
0.0
 30
0.0
210
0.0
220
0.0
230
1.0
  2
SOLID
 70
1
 71
0
 91
2
 92
1
 93
0
 97
0
 92
1
 93
2
 72
2
 10
62.4502184404368919
 20
26.5499593599187236
 40
0.6501270002540025
 50
180.0
 51
0.0
 73
1
 72
2
 10
62.4502184404368919
 20
26.5499593599187236
 40
0.6501270002540025
 50
0.0
 51
180.0
 73
1
 97
0
 75
0
 76
1
 98
0
1001
ACAD
1010
0.0
1020
0.0
1030
0
  0
HATCH
  5
524
100
AcDbEntity
  8
Pin Soldering Layer
 62
256
370
-1
 48
1.0
  6
ByLayer
100
AcDbHatch
 10
0.0
 20
0.0
 30
0.0
210
0.0
220
0.0
230
1.0
  2
SOLID
 70
1
 71
0
 91
2
 92
1
 93
0
 97
0
 92
1
 93
2
 72
2
 10
62.4502184404368919
 20
26.5499593599187236
 40
0.6501270002540025
 50
180.0
 51
0.0
 73
1
 72
2
 10
62.4502184404368919
 20
26.5499593599187236
 40
0.6501270002540025
 50
0.0
 51
180.0
 73
1
 97
0
 75
0
 76
1
 98
0
1001
ACAD
1010
0.0
1020
0.0
1030
0
  0
HATCH
  5
525
100
AcDbEntity
  8
Pin Soldering Layer
 62
256
370
-1
 48
1.0
  6
ByLayer
100
AcDbHatch
 10
0.0
 20
0.0
 30
0.0
210
0.0
220
0.0
230
1.0
  2
SOLID
 70
1
 71
0
 91
2
 92
1
 93
0
 97
0
 92
1
 93
2
 72
2
 10
62.4502184404368919
 20
21.4501371602743234
 40
0.6501270002540025
 50
180.0
 51
0.0
 73
1
 72
2
 10
62.4502184404368919
 20
21.4501371602743234
 40
0.6501270002540025
 50
0.0
 51
180.0
 73
1
 97
0
 75
0
 76
1
 98
0
1001
ACAD
1010
0.0
1020
0.0
1030
0
  0
HATCH
  5
526
100
AcDbEntity
  8
Pin Soldering Layer
 62
256
370
-1
 48
1.0
  6
ByLayer
100
AcDbHatch
 10
0.0
 20
0.0
 30
0.0
210
0.0
220
0.0
230
1.0
  2
SOLID
 70
1
 71
0
 91
2
 92
1
 93
0
 97
0
 92
1
 93
2
 72
2
 10
62.4502184404368919
 20
21.4501371602743234
 40
0.6501270002540025
 50
180.0
 51
0.0
 73
1
 72
2
 10
62.4502184404368919
 20
21.4501371602743234
 40
0.6501270002540025
 50
0.0
 51
180.0
 73
1
 97
0
 75
0
 76
1
 98
0
1001
ACAD
1010
0.0
1020
0.0
1030
0
  0
LWPOLYLINE
  5
527
100
AcDbEntity
  8
Pin Soldering Layer
 62
256
370
-1
 48
1.0
  6
ByLayer
100
AcDbPolyline
 90
4
 70
1
 10
4.0300076200152368
 20
2.6199949199898498
 10
4.0300076200152368
 20
1.9800152400304825
 10
4.4300076200152372
 20
1.9800152400304825
 10
4.4300076200152372
 20
2.6199949199898498
  0
HATCH
  5
528
100
AcDbEntity
  8
Pin Soldering Layer
 62
256
370
-1
 48
1.0
  6
ByLayer
100
AcDbHatch
 10
0.0
 20
0.0
 30
0.0
210
0.0
220
0.0
230
1.0
  2
SOLID
 70
1
 71
0
 91
2
 92
1
 93
0
 97
0
 92
1
 93
4
 72
1
 10
4.0300076200152368
 20
2.6199949199898498
 11
4.0300076200152368
 21
1.9800152400304825
 72
1
 10
4.0300076200152368
 20
1.9800152400304825
 11
4.4300076200152372
 21
1.9800152400304825
 72
1
 10
4.4300076200152372
 20
1.9800152400304825
 11
4.4300076200152372
 21
2.6199949199898498
 72
1
 10
4.4300076200152372
 20
2.6199949199898498
 11
4.0300076200152368
 21
2.6199949199898498
 97
0
 75
0
 76
1
 98
0
1001
ACAD
1010
0.0
1020
0.0
1030
0
  0
LWPOLYLINE
  5
529
100
AcDbEntity
  8
Pin Soldering Layer
 62
256
370
-1
 48
1.0
  6
ByLayer
100
AcDbPolyline
 90
4
 70
1
 10
6.5700127000253978
 20
2.6199949199898498
 10
6.5700127000253978
 20
1.9800152400304825
 10
6.9700127000253964
 20
1.9800152400304825
 10
6.9700127000253964
 20
2.6199949199898498
  0
HATCH
  5
52A
100
AcDbEntity
  8
Pin Soldering Layer
 62
256
370
-1
 48
1.0
  6
ByLayer
100
AcDbHatch
 10
0.0
 20
0.0
 30
0.0
210
0.0
220
0.0
230
1.0
  2
SOLID
 70
1
 71
0
 91
2
 92
1
 93
0
 97
0
 92
1
 93
4
 72
1
 10
6.5700127000253978
 20
2.6199949199898498
 11
6.5700127000253978
 21
1.9800152400304825
 72
1
 10
6.5700127000253978
 20
1.9800152400304825
 11
6.9700127000253964
 21
1.9800152400304825
 72
1
 10
6.9700127000253964
 20
1.9800152400304825
 11
6.9700127000253964
 21
2.6199949199898498
 72
1
 10
6.9700127000253964
 20
2.6199949199898498
 11
6.5700127000253978
 21
2.6199949199898498
 97
0
 75
0
 76
1
 98
0
1001
ACAD
1010
0.0
1020
0.0
1030
0
  0
LWPOLYLINE
  5
52B
100
AcDbEntity
  8
Pin Soldering Layer
 62
256
370
-1
 48
1.0
  6
ByLayer
100
AcDbPolyline
 90
4
 70
1
 10
4.0300076200152368
 20
5.1600000000000108
 10
4.0300076200152368
 20
4.5200203200406435
 10
4.4300076200152372
 20
4.5200203200406435
 10
4.4300076200152372
 20
5.1600000000000108
  0
HATCH
  5
52C
100
AcDbEntity
  8
Pin Soldering Layer
 62
256
370
-1
 48
1.0
  6
ByLayer
100
AcDbHatch
 10
0.0
 20
0.0
 30
0.0
210
0.0
220
0.0
230
1.0
  2
SOLID
 70
1
 71
0
 91
2
 92
1
 93
0
 97
0
 92
1
 93
4
 72
1
 10
4.0300076200152368
 20
5.1600000000000108
 11
4.0300076200152368
 21
4.5200203200406435
 72
1
 10
4.0300076200152368
 20
4.5200203200406435
 11
4.4300076200152372
 21
4.5200203200406435
 72
1
 10
4.4300076200152372
 20
4.5200203200406435
 11
4.4300076200152372
 21
5.1600000000000108
 72
1
 10
4.4300076200152372
 20
5.1600000000000108
 11
4.0300076200152368
 21
5.1600000000000108
 97
0
 75
0
 76
1
 98
0
1001
ACAD
1010
0.0
1020
0.0
1030
0
  0
LWPOLYLINE
  5
52D
100
AcDbEntity
  8
Pin Soldering Layer
 62
256
370
-1
 48
1.0
  6
ByLayer
100
AcDbPolyline
 90
4
 70
1
 10
6.5700127000253978
 20
5.1600000000000108
 10
6.5700127000253978
 20
4.5200203200406435
 10
6.9700127000253964
 20
4.5200203200406435
 10
6.9700127000253964
 20
5.1600000000000108
  0
HATCH
  5
52E
100
AcDbEntity
  8
Pin Soldering Layer
 62
256
370
-1
 48
1.0
  6
ByLayer
100
AcDbHatch
 10
0.0
 20
0.0
 30
0.0
210
0.0
220
0.0
230
1.0
  2
SOLID
 70
1
 71
0
 91
2
 92
1
 93
0
 97
0
 92
1
 93
4
 72
1
 10
6.5700127000253978
 20
5.1600000000000108
 11
6.5700127000253978
 21
4.5200203200406435
 72
1
 10
6.5700127000253978
 20
4.5200203200406435
 11
6.9700127000253964
 21
4.5200203200406435
 72
1
 10
6.9700127000253964
 20
4.5200203200406435
 11
6.9700127000253964
 21
5.1600000000000108
 72
1
 10
6.9700127000253964
 20
5.1600000000000108
 11
6.5700127000253978
 21
5.1600000000000108
 97
0
 75
0
 76
1
 98
0
1001
ACAD
1010
0.0
1020
0.0
1030
0
  0
LWPOLYLINE
  5
52F
100
AcDbEntity
  8
Pin Soldering Layer
 62
256
370
-1
 48
1.0
  6
ByLayer
100
AcDbPolyline
 90
4
 70
1
 10
4.0300076200152368
 20
7.7000050800101718
 10
4.0300076200152368
 20
7.0600254000508045
 10
4.4300076200152372
 20
7.0600254000508045
 10
4.4300076200152372
 20
7.7000050800101718
  0
HATCH
  5
530
100
AcDbEntity
  8
Pin Soldering Layer
 62
256
370
-1
 48
1.0
  6
ByLayer
100
AcDbHatch
 10
0.0
 20
0.0
 30
0.0
210
0.0
220
0.0
230
1.0
  2
SOLID
 70
1
 71
0
 91
2
 92
1
 93
0
 97
0
 92
1
 93
4
 72
1
 10
4.0300076200152368
 20
7.7000050800101718
 11
4.0300076200152368
 21
7.0600254000508045
 72
1
 10
4.0300076200152368
 20
7.0600254000508045
 11
4.4300076200152372
 21
7.0600254000508045
 72
1
 10
4.4300076200152372
 20
7.0600254000508045
 11
4.4300076200152372
 21
7.7000050800101718
 72
1
 10
4.4300076200152372
 20
7.7000050800101718
 11
4.0300076200152368
 21
7.7000050800101718
 97
0
 75
0
 76
1
 98
0
1001
ACAD
1010
0.0
1020
0.0
1030
0
  0
LWPOLYLINE
  5
531
100
AcDbEntity
  8
Pin Soldering Layer
 62
256
370
-1
 48
1.0
  6
ByLayer
100
AcDbPolyline
 90
4
 70
1
 10
6.5700127000253978
 20
7.7000050800101718
 10
6.5700127000253978
 20
7.0600254000508045
 10
6.9700127000253964
 20
7.0600254000508045
 10
6.9700127000253964
 20
7.7000050800101718
  0
HATCH
  5
532
100
AcDbEntity
  8
Pin Soldering Layer
 62
256
370
-1
 48
1.0
  6
ByLayer
100
AcDbHatch
 10
0.0
 20
0.0
 30
0.0
210
0.0
220
0.0
230
1.0
  2
SOLID
 70
1
 71
0
 91
2
 92
1
 93
0
 97
0
 92
1
 93
4
 72
1
 10
6.5700127000253978
 20
7.7000050800101718
 11
6.5700127000253978
 21
7.0600254000508045
 72
1
 10
6.5700127000253978
 20
7.0600254000508045
 11
6.9700127000253964
 21
7.0600254000508045
 72
1
 10
6.9700127000253964
 20
7.0600254000508045
 11
6.9700127000253964
 21
7.7000050800101718
 72
1
 10
6.9700127000253964
 20
7.7000050800101718
 11
6.5700127000253978
 21
7.7000050800101718
 97
0
 75
0
 76
1
 98
0
1001
ACAD
1010
0.0
1020
0.0
1030
0
  0
LWPOLYLINE
  5
533
100
AcDbEntity
  8
Pin Soldering Layer
 62
256
370
-1
 48
1.0
  6
ByLayer
100
AcDbPolyline
 90
4
 70
1
 10
4.0300076200152404
 20
10.2400101600203328
 10
4.0300076200152404
 20
9.6000304800609655
 10
4.4300076200152372
 20
9.6000304800609655
 10
4.4300076200152372
 20
10.2400101600203328
  0
HATCH
  5
534
100
AcDbEntity
  8
Pin Soldering Layer
 62
256
370
-1
 48
1.0
  6
ByLayer
100
AcDbHatch
 10
0.0
 20
0.0
 30
0.0
210
0.0
220
0.0
230
1.0
  2
SOLID
 70
1
 71
0
 91
2
 92
1
 93
0
 97
0
 92
1
 93
4
 72
1
 10
4.0300076200152404
 20
10.2400101600203328
 11
4.0300076200152404
 21
9.6000304800609655
 72
1
 10
4.0300076200152404
 20
9.6000304800609655
 11
4.4300076200152372
 21
9.6000304800609655
 72
1
 10
4.4300076200152372
 20
9.6000304800609655
 11
4.4300076200152372
 21
10.2400101600203328
 72
1
 10
4.4300076200152372
 20
10.2400101600203328
 11
4.0300076200152404
 21
10.2400101600203328
 97
0
 75
0
 76
1
 98
0
1001
ACAD
1010
0.0
1020
0.0
1030
0
  0
LWPOLYLINE
  5
535
100
AcDbEntity
  8
Pin Soldering Layer
 62
256
370
-1
 48
1.0
  6
ByLayer
100
AcDbPolyline
 90
4
 70
1
 10
6.5700127000253943
 20
10.2400101600203328
 10
6.5700127000253978
 20
9.6000304800609655
 10
6.9700127000254
 20
9.6000304800609655
 10
6.9700127000253964
 20
10.2400101600203328
  0
HATCH
  5
536
100
AcDbEntity
  8
Pin Soldering Layer
 62
256
370
-1
 48
1.0
  6
ByLayer
100
AcDbHatch
 10
0.0
 20
0.0
 30
0.0
210
0.0
220
0.0
230
1.0
  2
SOLID
 70
1
 71
0
 91
2
 92
1
 93
0
 97
0
 92
1
 93
4
 72
1
 10
6.5700127000253943
 20
10.2400101600203328
 11
6.5700127000253978
 21
9.6000304800609655
 72
1
 10
6.5700127000253978
 20
9.6000304800609655
 11
6.9700127000254
 21
9.6000304800609655
 72
1
 10
6.9700127000254
 20
9.6000304800609655
 11
6.9700127000253964
 21
10.2400101600203328
 72
1
 10
6.9700127000253964
 20
10.2400101600203328
 11
6.5700127000253943
 21
10.2400101600203328
 97
0
 75
0
 76
1
 98
0
1001
ACAD
1010
0.0
1020
0.0
1030
0
  0
LWPOLYLINE
  5
537
100
AcDbEntity
  8
Pin Soldering Layer
 62
256
370
-1
 48
1.0
  6
ByLayer
100
AcDbPolyline
 90
4
 70
1
 10
4.0300076200152404
 20
12.7800152400304938
 10
4.0300076200152404
 20
12.1400355600711265
 10
4.4300076200152372
 20
12.1400355600711265
 10
4.4300076200152372
 20
12.7800152400304938
  0
HATCH
  5
538
100
AcDbEntity
  8
Pin Soldering Layer
 62
256
370
-1
 48
1.0
  6
ByLayer
100
AcDbHatch
 10
0.0
 20
0.0
 30
0.0
210
0.0
220
0.0
230
1.0
  2
SOLID
 70
1
 71
0
 91
2
 92
1
 93
0
 97
0
 92
1
 93
4
 72
1
 10
4.0300076200152404
 20
12.7800152400304938
 11
4.0300076200152404
 21
12.1400355600711265
 72
1
 10
4.0300076200152404
 20
12.1400355600711265
 11
4.4300076200152372
 21
12.1400355600711265
 72
1
 10
4.4300076200152372
 20
12.1400355600711265
 11
4.4300076200152372
 21
12.7800152400304938
 72
1
 10
4.4300076200152372
 20
12.7800152400304938
 11
4.0300076200152404
 21
12.7800152400304938
 97
0
 75
0
 76
1
 98
0
1001
ACAD
1010
0.0
1020
0.0
1030
0
  0
LWPOLYLINE
  5
539
100
AcDbEntity
  8
Pin Soldering Layer
 62
256
370
-1
 48
1.0
  6
ByLayer
100
AcDbPolyline
 90
4
 70
1
 10
6.5700127000253943
 20
12.7800152400304938
 10
6.5700127000253943
 20
12.1400355600711265
 10
6.9700127000253964
 20
12.1400355600711265
 10
6.9700127000253964
 20
12.7800152400304938
  0
HATCH
  5
53A
100
AcDbEntity
  8
Pin Soldering Layer
 62
256
370
-1
 48
1.0
  6
ByLayer
100
AcDbHatch
 10
0.0
 20
0.0
 30
0.0
210
0.0
220
0.0
230
1.0
  2
SOLID
 70
1
 71
0
 91
2
 92
1
 93
0
 97
0
 92
1
 93
4
 72
1
 10
6.5700127000253943
 20
12.7800152400304938
 11
6.5700127000253943
 21
12.1400355600711265
 72
1
 10
6.5700127000253943
 20
12.1400355600711265
 11
6.9700127000253964
 21
12.1400355600711265
 72
1
 10
6.9700127000253964
 20
12.1400355600711265
 11
6.9700127000253964
 21
12.7800152400304938
 72
1
 10
6.9700127000253964
 20
12.7800152400304938
 11
6.5700127000253943
 21
12.7800152400304938
 97
0
 75
0
 76
1
 98
0
1001
ACAD
1010
0.0
1020
0.0
1030
0
  0
LWPOLYLINE
  5
53B
100
AcDbEntity
  8
Pin Soldering Layer
 62
256
370
-1
 48
1.0
  6
ByLayer
100
AcDbPolyline
 90
4
 70
1
 10
4.0300076200152404
 20
15.3200203200406477
 10
4.0300076200152404
 20
14.6800406400812875
 10
4.4300076200152372
 20
14.6800406400812875
 10
4.4300076200152372
 20
15.3200203200406477
  0
HATCH
  5
53C
100
AcDbEntity
  8
Pin Soldering Layer
 62
256
370
-1
 48
1.0
  6
ByLayer
100
AcDbHatch
 10
0.0
 20
0.0
 30
0.0
210
0.0
220
0.0
230
1.0
  2
SOLID
 70
1
 71
0
 91
2
 92
1
 93
0
 97
0
 92
1
 93
4
 72
1
 10
4.0300076200152404
 20
15.3200203200406477
 11
4.0300076200152404
 21
14.6800406400812875
 72
1
 10
4.0300076200152404
 20
14.6800406400812875
 11
4.4300076200152372
 21
14.6800406400812875
 72
1
 10
4.4300076200152372
 20
14.6800406400812875
 11
4.4300076200152372
 21
15.3200203200406477
 72
1
 10
4.4300076200152372
 20
15.3200203200406477
 11
4.0300076200152404
 21
15.3200203200406477
 97
0
 75
0
 76
1
 98
0
1001
ACAD
1010
0.0
1020
0.0
1030
0
  0
LWPOLYLINE
  5
53D
100
AcDbEntity
  8
Pin Soldering Layer
 62
256
370
-1
 48
1.0
  6
ByLayer
100
AcDbPolyline
 90
4
 70
1
 10
6.5700127000253943
 20
15.3200203200406477
 10
6.5700127000253943
 20
14.6800406400812875
 10
6.9700127000253964
 20
14.6800406400812875
 10
6.9700127000253964
 20
15.3200203200406477
  0
HATCH
  5
53E
100
AcDbEntity
  8
Pin Soldering Layer
 62
256
370
-1
 48
1.0
  6
ByLayer
100
AcDbHatch
 10
0.0
 20
0.0
 30
0.0
210
0.0
220
0.0
230
1.0
  2
SOLID
 70
1
 71
0
 91
2
 92
1
 93
0
 97
0
 92
1
 93
4
 72
1
 10
6.5700127000253943
 20
15.3200203200406477
 11
6.5700127000253943
 21
14.6800406400812875
 72
1
 10
6.5700127000253943
 20
14.6800406400812875
 11
6.9700127000253964
 21
14.6800406400812875
 72
1
 10
6.9700127000253964
 20
14.6800406400812875
 11
6.9700127000253964
 21
15.3200203200406477
 72
1
 10
6.9700127000253964
 20
15.3200203200406477
 11
6.5700127000253943
 21
15.3200203200406477
 97
0
 75
0
 76
1
 98
0
1001
ACAD
1010
0.0
1020
0.0
1030
0
  0
LWPOLYLINE
  5
53F
100
AcDbEntity
  8
Pin Soldering Layer
 62
256
370
-1
 48
1.0
  6
ByLayer
100
AcDbPolyline
 90
4
 70
1
 10
4.0300076200152404
 20
17.8600254000508087
 10
4.0300076200152404
 20
17.2200457200914414
 10
4.4300076200152372
 20
17.2200457200914414
 10
4.4300076200152372
 20
17.8600254000508087
  0
HATCH
  5
540
100
AcDbEntity
  8
Pin Soldering Layer
 62
256
370
-1
 48
1.0
  6
ByLayer
100
AcDbHatch
 10
0.0
 20
0.0
 30
0.0
210
0.0
220
0.0
230
1.0
  2
SOLID
 70
1
 71
0
 91
2
 92
1
 93
0
 97
0
 92
1
 93
4
 72
1
 10
4.0300076200152404
 20
17.8600254000508087
 11
4.0300076200152404
 21
17.2200457200914414
 72
1
 10
4.0300076200152404
 20
17.2200457200914414
 11
4.4300076200152372
 21
17.2200457200914414
 72
1
 10
4.4300076200152372
 20
17.2200457200914414
 11
4.4300076200152372
 21
17.8600254000508087
 72
1
 10
4.4300076200152372
 20
17.8600254000508087
 11
4.0300076200152404
 21
17.8600254000508087
 97
0
 75
0
 76
1
 98
0
1001
ACAD
1010
0.0
1020
0.0
1030
0
  0
LWPOLYLINE
  5
541
100
AcDbEntity
  8
Pin Soldering Layer
 62
256
370
-1
 48
1.0
  6
ByLayer
100
AcDbPolyline
 90
4
 70
1
 10
6.5700127000253943
 20
17.8600254000508087
 10
6.5700127000253943
 20
17.2200457200914414
 10
6.9700127000253964
 20
17.2200457200914414
 10
6.9700127000253964
 20
17.8600254000508087
  0
HATCH
  5
542
100
AcDbEntity
  8
Pin Soldering Layer
 62
256
370
-1
 48
1.0
  6
ByLayer
100
AcDbHatch
 10
0.0
 20
0.0
 30
0.0
210
0.0
220
0.0
230
1.0
  2
SOLID
 70
1
 71
0
 91
2
 92
1
 93
0
 97
0
 92
1
 93
4
 72
1
 10
6.5700127000253943
 20
17.8600254000508087
 11
6.5700127000253943
 21
17.2200457200914414
 72
1
 10
6.5700127000253943
 20
17.2200457200914414
 11
6.9700127000253964
 21
17.2200457200914414
 72
1
 10
6.9700127000253964
 20
17.2200457200914414
 11
6.9700127000253964
 21
17.8600254000508087
 72
1
 10
6.9700127000253964
 20
17.8600254000508087
 11
6.5700127000253943
 21
17.8600254000508087
 97
0
 75
0
 76
1
 98
0
1001
ACAD
1010
0.0
1020
0.0
1030
0
  0
LWPOLYLINE
  5
543
100
AcDbEntity
  8
Pin Soldering Layer
 62
256
370
-1
 48
1.0
  6
ByLayer
100
AcDbPolyline
 90
4
 70
1
 10
4.0300076200152404
 20
20.4000304800609698
 10
4.0300076200152404
 20
19.7600508001016024
 10
4.4300076200152372
 20
19.7600508001016024
 10
4.4300076200152372
 20
20.4000304800609698
  0
HATCH
  5
544
100
AcDbEntity
  8
Pin Soldering Layer
 62
256
370
-1
 48
1.0
  6
ByLayer
100
AcDbHatch
 10
0.0
 20
0.0
 30
0.0
210
0.0
220
0.0
230
1.0
  2
SOLID
 70
1
 71
0
 91
2
 92
1
 93
0
 97
0
 92
1
 93
4
 72
1
 10
4.0300076200152404
 20
20.4000304800609698
 11
4.0300076200152404
 21
19.7600508001016024
 72
1
 10
4.0300076200152404
 20
19.7600508001016024
 11
4.4300076200152372
 21
19.7600508001016024
 72
1
 10
4.4300076200152372
 20
19.7600508001016024
 11
4.4300076200152372
 21
20.4000304800609698
 72
1
 10
4.4300076200152372
 20
20.4000304800609698
 11
4.0300076200152404
 21
20.4000304800609698
 97
0
 75
0
 76
1
 98
0
1001
ACAD
1010
0.0
1020
0.0
1030
0
  0
LWPOLYLINE
  5
545
100
AcDbEntity
  8
Pin Soldering Layer
 62
256
370
-1
 48
1.0
  6
ByLayer
100
AcDbPolyline
 90
4
 70
1
 10
6.5700127000253943
 20
20.4000304800609698
 10
6.5700127000253943
 20
19.7600508001016024
 10
6.9700127000253964
 20
19.7600508001016024
 10
6.9700127000253964
 20
20.4000304800609698
  0
HATCH
  5
546
100
AcDbEntity
  8
Pin Soldering Layer
 62
256
370
-1
 48
1.0
  6
ByLayer
100
AcDbHatch
 10
0.0
 20
0.0
 30
0.0
210
0.0
220
0.0
230
1.0
  2
SOLID
 70
1
 71
0
 91
2
 92
1
 93
0
 97
0
 92
1
 93
4
 72
1
 10
6.5700127000253943
 20
20.4000304800609698
 11
6.5700127000253943
 21
19.7600508001016024
 72
1
 10
6.5700127000253943
 20
19.7600508001016024
 11
6.9700127000253964
 21
19.7600508001016024
 72
1
 10
6.9700127000253964
 20
19.7600508001016024
 11
6.9700127000253964
 21
20.4000304800609698
 72
1
 10
6.9700127000253964
 20
20.4000304800609698
 11
6.5700127000253943
 21
20.4000304800609698
 97
0
 75
0
 76
1
 98
0
1001
ACAD
1010
0.0
1020
0.0
1030
0
  0
LWPOLYLINE
  5
547
100
AcDbEntity
  8
Pin Soldering Layer
 62
256
370
-1
 48
1.0
  6
ByLayer
100
AcDbPolyline
 90
4
 70
1
 10
4.0300076200152404
 20
22.9400355600711272
 10
4.0300076200152404
 20
22.3000558801117705
 10
4.4300076200152407
 20
22.3000558801117705
 10
4.4300076200152407
 20
22.9400355600711272
  0
HATCH
  5
548
100
AcDbEntity
  8
Pin Soldering Layer
 62
256
370
-1
 48
1.0
  6
ByLayer
100
AcDbHatch
 10
0.0
 20
0.0
 30
0.0
210
0.0
220
0.0
230
1.0
  2
SOLID
 70
1
 71
0
 91
2
 92
1
 93
0
 97
0
 92
1
 93
4
 72
1
 10
4.0300076200152404
 20
22.9400355600711272
 11
4.0300076200152404
 21
22.3000558801117705
 72
1
 10
4.0300076200152404
 20
22.3000558801117705
 11
4.4300076200152407
 21
22.3000558801117705
 72
1
 10
4.4300076200152407
 20
22.3000558801117705
 11
4.4300076200152407
 21
22.9400355600711272
 72
1
 10
4.4300076200152407
 20
22.9400355600711272
 11
4.0300076200152404
 21
22.9400355600711272
 97
0
 75
0
 76
1
 98
0
1001
ACAD
1010
0.0
1020
0.0
1030
0
  0
LWPOLYLINE
  5
549
100
AcDbEntity
  8
Pin Soldering Layer
 62
256
370
-1
 48
1.0
  6
ByLayer
100
AcDbPolyline
 90
4
 70
1
 10
6.5700127000254014
 20
22.9400355600711272
 10
6.5700127000254014
 20
22.3000558801117705
 10
6.9700127000253964
 20
22.3000558801117705
 10
6.9700127000253964
 20
22.9400355600711272
  0
HATCH
  5
54A
100
AcDbEntity
  8
Pin Soldering Layer
 62
256
370
-1
 48
1.0
  6
ByLayer
100
AcDbHatch
 10
0.0
 20
0.0
 30
0.0
210
0.0
220
0.0
230
1.0
  2
SOLID
 70
1
 71
0
 91
2
 92
1
 93
0
 97
0
 92
1
 93
4
 72
1
 10
6.5700127000254014
 20
22.9400355600711272
 11
6.5700127000254014
 21
22.3000558801117705
 72
1
 10
6.5700127000254014
 20
22.3000558801117705
 11
6.9700127000253964
 21
22.3000558801117705
 72
1
 10
6.9700127000253964
 20
22.3000558801117705
 11
6.9700127000253964
 21
22.9400355600711272
 72
1
 10
6.9700127000253964
 20
22.9400355600711272
 11
6.5700127000254014
 21
22.9400355600711272
 97
0
 75
0
 76
1
 98
0
1001
ACAD
1010
0.0
1020
0.0
1030
0
  0
LWPOLYLINE
  5
54B
100
AcDbEntity
  8
Pin Soldering Layer
 62
256
370
-1
 48
1.0
  6
ByLayer
100
AcDbPolyline
 90
4
 70
1
 10
4.0300076200152368
 20
25.4800406400812882
 10
4.0300076200152368
 20
24.840060960121928
 10
4.4300076200152372
 20
24.840060960121928
 10
4.4300076200152372
 20
25.4800406400812882
  0
HATCH
  5
54C
100
AcDbEntity
  8
Pin Soldering Layer
 62
256
370
-1
 48
1.0
  6
ByLayer
100
AcDbHatch
 10
0.0
 20
0.0
 30
0.0
210
0.0
220
0.0
230
1.0
  2
SOLID
 70
1
 71
0
 91
2
 92
1
 93
0
 97
0
 92
1
 93
4
 72
1
 10
4.0300076200152368
 20
25.4800406400812882
 11
4.0300076200152368
 21
24.840060960121928
 72
1
 10
4.0300076200152368
 20
24.840060960121928
 11
4.4300076200152372
 21
24.840060960121928
 72
1
 10
4.4300076200152372
 20
24.840060960121928
 11
4.4300076200152372
 21
25.4800406400812882
 72
1
 10
4.4300076200152372
 20
25.4800406400812882
 11
4.0300076200152368
 21
25.4800406400812882
 97
0
 75
0
 76
1
 98
0
1001
ACAD
1010
0.0
1020
0.0
1030
0
  0
LWPOLYLINE
  5
54D
100
AcDbEntity
  8
Pin Soldering Layer
 62
256
370
-1
 48
1.0
  6
ByLayer
100
AcDbPolyline
 90
4
 70
1
 10
6.5700127000254014
 20
25.4800406400812882
 10
6.5700127000254014
 20
24.840060960121928
 10
6.9700127000253964
 20
24.840060960121928
 10
6.9700127000253964
 20
25.4800406400812882
  0
HATCH
  5
54E
100
AcDbEntity
  8
Pin Soldering Layer
 62
256
370
-1
 48
1.0
  6
ByLayer
100
AcDbHatch
 10
0.0
 20
0.0
 30
0.0
210
0.0
220
0.0
230
1.0
  2
SOLID
 70
1
 71
0
 91
2
 92
1
 93
0
 97
0
 92
1
 93
4
 72
1
 10
6.5700127000254014
 20
25.4800406400812882
 11
6.5700127000254014
 21
24.840060960121928
 72
1
 10
6.5700127000254014
 20
24.840060960121928
 11
6.9700127000253964
 21
24.840060960121928
 72
1
 10
6.9700127000253964
 20
24.840060960121928
 11
6.9700127000253964
 21
25.4800406400812882
 72
1
 10
6.9700127000253964
 20
25.4800406400812882
 11
6.5700127000254014
 21
25.4800406400812882
 97
0
 75
0
 76
1
 98
0
1001
ACAD
1010
0.0
1020
0.0
1030
0
  0
LWPOLYLINE
  5
54F
100
AcDbEntity
  8
Pin Soldering Layer
 62
256
370
-1
 48
1.0
  6
ByLayer
100
AcDbPolyline
 90
4
 70
1
 10
4.0300076200152368
 20
28.0200457200914492
 10
4.0300076200152368
 20
27.380066040132089
 10
4.4300076200152372
 20
27.380066040132089
 10
4.4300076200152372
 20
28.0200457200914492
  0
HATCH
  5
550
100
AcDbEntity
  8
Pin Soldering Layer
 62
256
370
-1
 48
1.0
  6
ByLayer
100
AcDbHatch
 10
0.0
 20
0.0
 30
0.0
210
0.0
220
0.0
230
1.0
  2
SOLID
 70
1
 71
0
 91
2
 92
1
 93
0
 97
0
 92
1
 93
4
 72
1
 10
4.0300076200152368
 20
28.0200457200914492
 11
4.0300076200152368
 21
27.380066040132089
 72
1
 10
4.0300076200152368
 20
27.380066040132089
 11
4.4300076200152372
 21
27.380066040132089
 72
1
 10
4.4300076200152372
 20
27.380066040132089
 11
4.4300076200152372
 21
28.0200457200914492
 72
1
 10
4.4300076200152372
 20
28.0200457200914492
 11
4.0300076200152368
 21
28.0200457200914492
 97
0
 75
0
 76
1
 98
0
1001
ACAD
1010
0.0
1020
0.0
1030
0
  0
LWPOLYLINE
  5
551
100
AcDbEntity
  8
Pin Soldering Layer
 62
256
370
-1
 48
1.0
  6
ByLayer
100
AcDbPolyline
 90
4
 70
1
 10
6.5700127000254014
 20
28.0200457200914492
 10
6.5700127000254014
 20
27.380066040132089
 10
6.9700127000253964
 20
27.380066040132089
 10
6.9700127000254
 20
28.0200457200914492
  0
HATCH
  5
552
100
AcDbEntity
  8
Pin Soldering Layer
 62
256
370
-1
 48
1.0
  6
ByLayer
100
AcDbHatch
 10
0.0
 20
0.0
 30
0.0
210
0.0
220
0.0
230
1.0
  2
SOLID
 70
1
 71
0
 91
2
 92
1
 93
0
 97
0
 92
1
 93
4
 72
1
 10
6.5700127000254014
 20
28.0200457200914492
 11
6.5700127000254014
 21
27.380066040132089
 72
1
 10
6.5700127000254014
 20
27.380066040132089
 11
6.9700127000253964
 21
27.380066040132089
 72
1
 10
6.9700127000253964
 20
27.380066040132089
 11
6.9700127000254
 21
28.0200457200914492
 72
1
 10
6.9700127000254
 20
28.0200457200914492
 11
6.5700127000254014
 21
28.0200457200914492
 97
0
 75
0
 76
1
 98
0
1001
ACAD
1010
0.0
1020
0.0
1030
0
  0
LWPOLYLINE
  5
553
100
AcDbEntity
  8
Pin Soldering Layer
 62
256
370
-1
 48
1.0
  6
ByLayer
100
AcDbPolyline
 90
4
 70
1
 10
37.2200863601727221
 20
28.8200457200914428
 10
37.8600660401320894
 20
28.8200457200914428
 10
37.8600660401320894
 20
28.1800660401320826
 10
37.2200863601727221
 20
28.1800660401320826
  0
HATCH
  5
554
100
AcDbEntity
  8
Pin Soldering Layer
 62
256
370
-1
 48
1.0
  6
ByLayer
100
AcDbHatch
 10
0.0
 20
0.0
 30
0.0
210
0.0
220
0.0
230
1.0
  2
SOLID
 70
1
 71
0
 91
2
 92
1
 93
0
 97
0
 92
1
 93
4
 72
1
 10
37.2200863601727221
 20
28.8200457200914428
 11
37.8600660401320894
 21
28.8200457200914428
 72
1
 10
37.8600660401320894
 20
28.8200457200914428
 11
37.8600660401320894
 21
28.1800660401320826
 72
1
 10
37.8600660401320894
 20
28.1800660401320826
 11
37.2200863601727221
 21
28.1800660401320826
 72
1
 10
37.2200863601727221
 20
28.1800660401320826
 11
37.2200863601727221
 21
28.8200457200914428
 97
0
 75
0
 76
1
 98
0
1001
ACAD
1010
0.0
1020
0.0
1030
0
  0
LWPOLYLINE
  5
555
100
AcDbEntity
  8
Pin Soldering Layer
 62
256
370
-1
 48
1.0
  6
ByLayer
100
AcDbPolyline
 90
4
 70
1
 10
34.6800812801625611
 20
28.8200457200914428
 10
35.3200609601219284
 20
28.8200457200914428
 10
35.3200609601219284
 20
28.1800660401320826
 10
34.6800812801625611
 20
28.1800660401320826
  0
HATCH
  5
556
100
AcDbEntity
  8
Pin Soldering Layer
 62
256
370
-1
 48
1.0
  6
ByLayer
100
AcDbHatch
 10
0.0
 20
0.0
 30
0.0
210
0.0
220
0.0
230
1.0
  2
SOLID
 70
1
 71
0
 91
2
 92
1
 93
0
 97
0
 92
1
 93
4
 72
1
 10
34.6800812801625611
 20
28.8200457200914428
 11
35.3200609601219284
 21
28.8200457200914428
 72
1
 10
35.3200609601219284
 20
28.8200457200914428
 11
35.3200609601219284
 21
28.1800660401320826
 72
1
 10
35.3200609601219284
 20
28.1800660401320826
 11
34.6800812801625611
 21
28.1800660401320826
 72
1
 10
34.6800812801625611
 20
28.1800660401320826
 11
34.6800812801625611
 21
28.8200457200914428
 97
0
 75
0
 76
1
 98
0
1001
ACAD
1010
0.0
1020
0.0
1030
0
  0
LWPOLYLINE
  5
557
100
AcDbEntity
  8
Pin Soldering Layer
 62
256
370
-1
 48
1.0
  6
ByLayer
100
AcDbPolyline
 90
4
 70
1
 10
32.1400762001524001
 20
28.8200457200914428
 10
32.7800558801117674
 20
28.8200457200914428
 10
32.7800558801117674
 20
28.1800660401320826
 10
32.1400762001524001
 20
28.1800660401320826
  0
HATCH
  5
558
100
AcDbEntity
  8
Pin Soldering Layer
 62
256
370
-1
 48
1.0
  6
ByLayer
100
AcDbHatch
 10
0.0
 20
0.0
 30
0.0
210
0.0
220
0.0
230
1.0
  2
SOLID
 70
1
 71
0
 91
2
 92
1
 93
0
 97
0
 92
1
 93
4
 72
1
 10
32.1400762001524001
 20
28.8200457200914428
 11
32.7800558801117674
 21
28.8200457200914428
 72
1
 10
32.7800558801117674
 20
28.8200457200914428
 11
32.7800558801117674
 21
28.1800660401320826
 72
1
 10
32.7800558801117674
 20
28.1800660401320826
 11
32.1400762001524001
 21
28.1800660401320826
 72
1
 10
32.1400762001524001
 20
28.1800660401320826
 11
32.1400762001524001
 21
28.8200457200914428
 97
0
 75
0
 76
1
 98
0
1001
ACAD
1010
0.0
1020
0.0
1030
0
  0
LWPOLYLINE
  5
559
100
AcDbEntity
  8
Pin Soldering Layer
 62
256
370
-1
 48
1.0
  6
ByLayer
100
AcDbPolyline
 90
4
 70
1
 10
9.8400304800609604
 20
27.3406654813309693
 10
9.8400304800609604
 20
27.9806451612903295
 10
10.4800101600203206
 20
27.9806451612903295
 10
10.4800101600203206
 20
27.3406654813309693
  0
HATCH
  5
55A
100
AcDbEntity
  8
Pin Soldering Layer
 62
256
370
-1
 48
1.0
  6
ByLayer
100
AcDbHatch
 10
0.0
 20
0.0
 30
0.0
210
0.0
220
0.0
230
1.0
  2
SOLID
 70
1
 71
0
 91
2
 92
1
 93
0
 97
0
 92
1
 93
4
 72
1
 10
9.8400304800609604
 20
27.3406654813309693
 11
9.8400304800609604
 21
27.9806451612903295
 72
1
 10
9.8400304800609604
 20
27.9806451612903295
 11
10.4800101600203206
 21
27.9806451612903295
 72
1
 10
10.4800101600203206
 20
27.9806451612903295
 11
10.4800101600203206
 21
27.3406654813309693
 72
1
 10
10.4800101600203206
 20
27.3406654813309693
 11
9.8400304800609604
 21
27.3406654813309693
 97
0
 75
0
 76
1
 98
0
1001
ACAD
1010
0.0
1020
0.0
1030
0
  0
LWPOLYLINE
  5
55B
100
AcDbEntity
  8
Pin Soldering Layer
 62
256
370
-1
 48
1.0
  6
ByLayer
100
AcDbPolyline
 90
4
 70
1
 10
9.8400304800609604
 20
24.8006604013208083
 10
9.8400304800609604
 20
25.4406400812801685
 10
10.4800101600203206
 20
25.4406400812801685
 10
10.4800101600203206
 20
24.8006604013208083
  0
HATCH
  5
55C
100
AcDbEntity
  8
Pin Soldering Layer
 62
256
370
-1
 48
1.0
  6
ByLayer
100
AcDbHatch
 10
0.0
 20
0.0
 30
0.0
210
0.0
220
0.0
230
1.0
  2
SOLID
 70
1
 71
0
 91
2
 92
1
 93
0
 97
0
 92
1
 93
4
 72
1
 10
9.8400304800609604
 20
24.8006604013208083
 11
9.8400304800609604
 21
25.4406400812801685
 72
1
 10
9.8400304800609604
 20
25.4406400812801685
 11
10.4800101600203206
 21
25.4406400812801685
 72
1
 10
10.4800101600203206
 20
25.4406400812801685
 11
10.4800101600203206
 21
24.8006604013208083
 72
1
 10
10.4800101600203206
 20
24.8006604013208083
 11
9.8400304800609604
 21
24.8006604013208083
 97
0
 75
0
 76
1
 98
0
1001
ACAD
1010
0.0
1020
0.0
1030
0
  0
LWPOLYLINE
  5
55D
100
AcDbEntity
  8
Pin Soldering Layer
 62
256
370
-1
 48
1.0
  6
ByLayer
100
AcDbPolyline
 90
2
 70
1
 10
19.1349504699009429
 20
24.3840487680975393
 42
0.9999999999999999
 10
20.235128270256542
 20
24.3840487680975393
 42
0.9999999999999999
  0
LWPOLYLINE
  5
55E
100
AcDbEntity
  8
Pin Soldering Layer
 62
256
370
-1
 48
1.0
  6
ByLayer
100
AcDbPolyline
 90
2
 70
1
 10
14.0549403098806209
 20
24.3840487680975393
 42
0.9999999999999999
 10
15.1551181102362236
 20
24.3840487680975393
 42
0.9999999999999999
  0
LWPOLYLINE
  5
55F
100
AcDbEntity
  8
Pin Soldering Layer
 62
256
370
-1
 48
1.0
  6
ByLayer
100
AcDbPolyline
 90
4
 70
1
 10
4.0300076200152368
 20
2.6199949199898498
 10
4.0300076200152368
 20
1.9800152400304825
 10
4.4300076200152372
 20
1.9800152400304825
 10
4.4300076200152372
 20
2.6199949199898498
  0
LWPOLYLINE
  5
560
100
AcDbEntity
  8
Pin Soldering Layer
 62
256
370
-1
 48
1.0
  6
ByLayer
100
AcDbPolyline
 90
4
 70
1
 10
6.5700127000253978
 20
2.6199949199898498
 10
6.5700127000253978
 20
1.9800152400304825
 10
6.9700127000253964
 20
1.9800152400304825
 10
6.9700127000253964
 20
2.6199949199898498
  0
LWPOLYLINE
  5
561
100
AcDbEntity
  8
Pin Soldering Layer
 62
256
370
-1
 48
1.0
  6
ByLayer
100
AcDbPolyline
 90
4
 70
1
 10
4.0300076200152368
 20
5.1600000000000108
 10
4.0300076200152368
 20
4.5200203200406435
 10
4.4300076200152372
 20
4.5200203200406435
 10
4.4300076200152372
 20
5.1600000000000108
  0
LWPOLYLINE
  5
562
100
AcDbEntity
  8
Pin Soldering Layer
 62
256
370
-1
 48
1.0
  6
ByLayer
100
AcDbPolyline
 90
4
 70
1
 10
6.5700127000253978
 20
5.1600000000000108
 10
6.5700127000253978
 20
4.5200203200406435
 10
6.9700127000253964
 20
4.5200203200406435
 10
6.9700127000253964
 20
5.1600000000000108
  0
LWPOLYLINE
  5
563
100
AcDbEntity
  8
Pin Soldering Layer
 62
256
370
-1
 48
1.0
  6
ByLayer
100
AcDbPolyline
 90
4
 70
1
 10
4.0300076200152368
 20
7.7000050800101718
 10
4.0300076200152368
 20
7.0600254000508045
 10
4.4300076200152372
 20
7.0600254000508045
 10
4.4300076200152372
 20
7.7000050800101718
  0
LWPOLYLINE
  5
564
100
AcDbEntity
  8
Pin Soldering Layer
 62
256
370
-1
 48
1.0
  6
ByLayer
100
AcDbPolyline
 90
4
 70
1
 10
6.5700127000253978
 20
7.7000050800101718
 10
6.5700127000253978
 20
7.0600254000508045
 10
6.9700127000253964
 20
7.0600254000508045
 10
6.9700127000253964
 20
7.7000050800101718
  0
LWPOLYLINE
  5
565
100
AcDbEntity
  8
Pin Soldering Layer
 62
256
370
-1
 48
1.0
  6
ByLayer
100
AcDbPolyline
 90
4
 70
1
 10
4.0300076200152404
 20
10.2400101600203328
 10
4.0300076200152404
 20
9.6000304800609655
 10
4.4300076200152372
 20
9.6000304800609655
 10
4.4300076200152372
 20
10.2400101600203328
  0
LWPOLYLINE
  5
566
100
AcDbEntity
  8
Pin Soldering Layer
 62
256
370
-1
 48
1.0
  6
ByLayer
100
AcDbPolyline
 90
4
 70
1
 10
6.5700127000253943
 20
10.2400101600203328
 10
6.5700127000253978
 20
9.6000304800609655
 10
6.9700127000254
 20
9.6000304800609655
 10
6.9700127000253964
 20
10.2400101600203328
  0
LWPOLYLINE
  5
567
100
AcDbEntity
  8
Pin Soldering Layer
 62
256
370
-1
 48
1.0
  6
ByLayer
100
AcDbPolyline
 90
4
 70
1
 10
4.0300076200152404
 20
12.7800152400304938
 10
4.0300076200152404
 20
12.1400355600711265
 10
4.4300076200152372
 20
12.1400355600711265
 10
4.4300076200152372
 20
12.7800152400304938
  0
LWPOLYLINE
  5
568
100
AcDbEntity
  8
Pin Soldering Layer
 62
256
370
-1
 48
1.0
  6
ByLayer
100
AcDbPolyline
 90
4
 70
1
 10
6.5700127000253943
 20
12.7800152400304938
 10
6.5700127000253943
 20
12.1400355600711265
 10
6.9700127000253964
 20
12.1400355600711265
 10
6.9700127000253964
 20
12.7800152400304938
  0
LWPOLYLINE
  5
569
100
AcDbEntity
  8
Pin Soldering Layer
 62
256
370
-1
 48
1.0
  6
ByLayer
100
AcDbPolyline
 90
4
 70
1
 10
4.0300076200152404
 20
15.3200203200406477
 10
4.0300076200152404
 20
14.6800406400812875
 10
4.4300076200152372
 20
14.6800406400812875
 10
4.4300076200152372
 20
15.3200203200406477
  0
LWPOLYLINE
  5
56A
100
AcDbEntity
  8
Pin Soldering Layer
 62
256
370
-1
 48
1.0
  6
ByLayer
100
AcDbPolyline
 90
4
 70
1
 10
6.5700127000253943
 20
15.3200203200406477
 10
6.5700127000253943
 20
14.6800406400812875
 10
6.9700127000253964
 20
14.6800406400812875
 10
6.9700127000253964
 20
15.3200203200406477
  0
LWPOLYLINE
  5
56B
100
AcDbEntity
  8
Pin Soldering Layer
 62
256
370
-1
 48
1.0
  6
ByLayer
100
AcDbPolyline
 90
4
 70
1
 10
4.0300076200152404
 20
17.8600254000508087
 10
4.0300076200152404
 20
17.2200457200914414
 10
4.4300076200152372
 20
17.2200457200914414
 10
4.4300076200152372
 20
17.8600254000508087
  0
LWPOLYLINE
  5
56C
100
AcDbEntity
  8
Pin Soldering Layer
 62
256
370
-1
 48
1.0
  6
ByLayer
100
AcDbPolyline
 90
4
 70
1
 10
6.5700127000253943
 20
17.8600254000508087
 10
6.5700127000253943
 20
17.2200457200914414
 10
6.9700127000253964
 20
17.2200457200914414
 10
6.9700127000253964
 20
17.8600254000508087
  0
LWPOLYLINE
  5
56D
100
AcDbEntity
  8
Pin Soldering Layer
 62
256
370
-1
 48
1.0
  6
ByLayer
100
AcDbPolyline
 90
4
 70
1
 10
4.0300076200152404
 20
20.4000304800609698
 10
4.0300076200152404
 20
19.7600508001016024
 10
4.4300076200152372
 20
19.7600508001016024
 10
4.4300076200152372
 20
20.4000304800609698
  0
LWPOLYLINE
  5
56E
100
AcDbEntity
  8
Pin Soldering Layer
 62
256
370
-1
 48
1.0
  6
ByLayer
100
AcDbPolyline
 90
4
 70
1
 10
6.5700127000253943
 20
20.4000304800609698
 10
6.5700127000253943
 20
19.7600508001016024
 10
6.9700127000253964
 20
19.7600508001016024
 10
6.9700127000253964
 20
20.4000304800609698
  0
LWPOLYLINE
  5
56F
100
AcDbEntity
  8
Pin Soldering Layer
 62
256
370
-1
 48
1.0
  6
ByLayer
100
AcDbPolyline
 90
4
 70
1
 10
4.0300076200152404
 20
22.9400355600711272
 10
4.0300076200152404
 20
22.3000558801117705
 10
4.4300076200152407
 20
22.3000558801117705
 10
4.4300076200152407
 20
22.9400355600711272
  0
LWPOLYLINE
  5
570
100
AcDbEntity
  8
Pin Soldering Layer
 62
256
370
-1
 48
1.0
  6
ByLayer
100
AcDbPolyline
 90
4
 70
1
 10
6.5700127000254014
 20
22.9400355600711272
 10
6.5700127000254014
 20
22.3000558801117705
 10
6.9700127000253964
 20
22.3000558801117705
 10
6.9700127000253964
 20
22.9400355600711272
  0
LWPOLYLINE
  5
571
100
AcDbEntity
  8
Pin Soldering Layer
 62
256
370
-1
 48
1.0
  6
ByLayer
100
AcDbPolyline
 90
4
 70
1
 10
4.0300076200152368
 20
25.4800406400812882
 10
4.0300076200152368
 20
24.840060960121928
 10
4.4300076200152372
 20
24.840060960121928
 10
4.4300076200152372
 20
25.4800406400812882
  0
LWPOLYLINE
  5
572
100
AcDbEntity
  8
Pin Soldering Layer
 62
256
370
-1
 48
1.0
  6
ByLayer
100
AcDbPolyline
 90
4
 70
1
 10
6.5700127000254014
 20
25.4800406400812882
 10
6.5700127000254014
 20
24.840060960121928
 10
6.9700127000253964
 20
24.840060960121928
 10
6.9700127000253964
 20
25.4800406400812882
  0
LWPOLYLINE
  5
573
100
AcDbEntity
  8
Pin Soldering Layer
 62
256
370
-1
 48
1.0
  6
ByLayer
100
AcDbPolyline
 90
4
 70
1
 10
4.0300076200152368
 20
28.0200457200914492
 10
4.0300076200152368
 20
27.380066040132089
 10
4.4300076200152372
 20
27.380066040132089
 10
4.4300076200152372
 20
28.0200457200914492
  0
LWPOLYLINE
  5
574
100
AcDbEntity
  8
Pin Soldering Layer
 62
256
370
-1
 48
1.0
  6
ByLayer
100
AcDbPolyline
 90
4
 70
1
 10
6.5700127000254014
 20
28.0200457200914492
 10
6.5700127000254014
 20
27.380066040132089
 10
6.9700127000253964
 20
27.380066040132089
 10
6.9700127000254
 20
28.0200457200914492
  0
LWPOLYLINE
  5
575
100
AcDbEntity
  8
Pin Soldering Layer
 62
256
370
-1
 48
1.0
  6
ByLayer
100
AcDbPolyline
 90
4
 70
1
 10
37.2200863601727221
 20
28.8200457200914428
 10
37.8600660401320894
 20
28.8200457200914428
 10
37.8600660401320894
 20
28.1800660401320826
 10
37.2200863601727221
 20
28.1800660401320826
  0
LWPOLYLINE
  5
576
100
AcDbEntity
  8
Pin Soldering Layer
 62
256
370
-1
 48
1.0
  6
ByLayer
100
AcDbPolyline
 90
4
 70
1
 10
34.6800812801625611
 20
28.8200457200914428
 10
35.3200609601219284
 20
28.8200457200914428
 10
35.3200609601219284
 20
28.1800660401320826
 10
34.6800812801625611
 20
28.1800660401320826
  0
LWPOLYLINE
  5
577
100
AcDbEntity
  8
Pin Soldering Layer
 62
256
370
-1
 48
1.0
  6
ByLayer
100
AcDbPolyline
 90
4
 70
1
 10
32.1400762001524001
 20
28.8200457200914428
 10
32.7800558801117674
 20
28.8200457200914428
 10
32.7800558801117674
 20
28.1800660401320826
 10
32.1400762001524001
 20
28.1800660401320826
  0
LWPOLYLINE
  5
578
100
AcDbEntity
  8
Pin Soldering Layer
 62
256
370
-1
 48
1.0
  6
ByLayer
100
AcDbPolyline
 90
2
 70
1
 10
64.3500025400050788
 20
6.0000127000254011
 42
0.9999999999999999
 10
65.6502565405130838
 20
6.0000127000254011
 42
0.9999999999999999
  0
LWPOLYLINE
  5
579
100
AcDbEntity
  8
Pin Soldering Layer
 62
256
370
-1
 48
1.0
  6
ByLayer
100
AcDbPolyline
 90
2
 70
1
 10
66.8999136398272753
 20
3.4501016002032046
 42
0.9999999999999999
 10
68.2001676403352803
 20
3.4501016002032046
 42
0.9999999999999999
  0
LWPOLYLINE
  5
57A
100
AcDbEntity
  8
Pin Soldering Layer
 62
256
370
-1
 48
1.0
  6
ByLayer
100
AcDbPolyline
 90
2
 70
1
 10
66.8999136398272753
 20
8.5499237998475976
 42
0.9999999999999999
 10
68.2001676403352803
 20
8.5499237998475976
 42
0.9999999999999999
  0
MTEXT
  5
57B
100
AcDbEntity
  8
0
 62
256
370
-1
 48
1.0
  6
ByLayer
100
AcDbMText
 10
16.7863513966309128
 20
50.3036149036304749
 30
0.0
 40
5.0
 41
0.0
 71
1
 72
1
  1
\U+5355\U+4f4d\U+ff1amm
  7
textstyle31
 50
0.0
 73
2
 44
1.0
  0
LWPOLYLINE
  5
57C
100
AcDbEntity
  8
Pin Soldering Layer
 62
256
370
-1
 48
1.0
  6
ByLayer
100
AcDbPolyline
 90
2
 70
1
 10
61.8000914401828894
 20
8.5499237998475976
 42
0.9999999999999999
 10
63.1003454406908943
 20
8.5499237998475976
 42
0.9999999999999999
  0
MTEXT
  5
57D
100
AcDbEntity
  8
0
 62
256
370
-1
 48
1.0
  6
ByLayer
100
AcDbMText
 10
3.8752615536421686
 20
59.2852426204922125
 30
0.0
 40
5.0
 41
0.0
 71
1
 72
1
  1
AD9238\U+6a21\U+5757\U+5c3a\U+5bf8\U+56fe
  7
textstyle30
 50
0.0
 73
2
 44
1.0
  0
LWPOLYLINE
  5
57E
100
AcDbEntity
  8
Pin Soldering Layer
 62
256
370
-1
 48
1.0
  6
ByLayer
100
AcDbPolyline
 90
2
 70
1
 10
61.8000914401828894
 20
3.4501016002032046
 42
0.9999999999999999
 10
63.1003454406908943
 20
3.4501016002032046
 42
0.9999999999999999
  0
LWPOLYLINE
  5
57F
100
AcDbEntity
  8
Pin Soldering Layer
 62
256
370
-1
 48
1.0
  6
ByLayer
100
AcDbPolyline
 90
2
 70
1
 10
64.3500025400050788
 20
24.000048260096527
 42
0.9999999999999999
 10
65.6502565405130838
 20
24.000048260096527
 42
0.9999999999999999
  0
LWPOLYLINE
  5
580
100
AcDbEntity
  8
Pin Soldering Layer
 62
256
370
-1
 48
1.0
  6
ByLayer
100
AcDbPolyline
 90
2
 70
1
 10
66.8999136398272753
 20
21.4501371602743234
 42
0.9999999999999999
 10
68.2001676403352803
 20
21.4501371602743234
 42
0.9999999999999999
  0
LWPOLYLINE
  5
581
100
AcDbEntity
  8
Pin Soldering Layer
 62
256
370
-1
 48
1.0
  6
ByLayer
100
AcDbPolyline
 90
2
 70
1
 10
66.8999136398272753
 20
26.5499593599187271
 42
0.9999999999999999
 10
68.2001676403352803
 20
26.5499593599187271
 42
0.9999999999999999
  0
LWPOLYLINE
  5
582
100
AcDbEntity
  8
Pin Soldering Layer
 62
256
370
-1
 48
1.0
  6
ByLayer
100
AcDbPolyline
 90
2
 70
1
 10
61.8000914401828894
 20
26.5499593599187236
 42
0.9999999999999999
 10
63.1003454406908943
 20
26.5499593599187236
 42
0.9999999999999999
  0
LWPOLYLINE
  5
583
100
AcDbEntity
  8
Pin Soldering Layer
 62
256
370
-1
 48
1.0
  6
ByLayer
100
AcDbPolyline
 90
2
 70
1
 10
61.8000914401828894
 20
21.4501371602743234
 42
0.9999999999999999
 10
63.1003454406908943
 20
21.4501371602743234
 42
0.9999999999999999
  0
LWPOLYLINE
  5
584
100
AcDbEntity
  8
Pin Soldering Layer
 62
256
370
-1
 48
1.0
  6
ByLayer
100
AcDbPolyline
 90
4
 70
1
 10
9.8400304800609604
 20
27.3406654813309693
 10
9.8400304800609604
 20
27.9806451612903295
 10
10.4800101600203206
 20
27.9806451612903295
 10
10.4800101600203206
 20
27.3406654813309693
  0
LWPOLYLINE
  5
585
100
AcDbEntity
  8
Pin Soldering Layer
 62
256
370
-1
 48
1.0
  6
ByLayer
100
AcDbPolyline
 90
4
 70
1
 10
9.8400304800609604
 20
24.8006604013208083
 10
9.8400304800609604
 20
25.4406400812801685
 10
10.4800101600203206
 20
25.4406400812801685
 10
10.4800101600203206
 20
24.8006604013208083
  0
LWPOLYLINE
  5
586
100
AcDbEntity
  8
Component Shape Layer
 62
256
370
-1
 48
1.0
  6
ByLayer
100
AcDbPolyline
 90
4
 70
1
 10
11.9380238760477546
 20
30.1511303022606079
 10
22.3520447040894084
 20
30.1511303022606079
 10
22.3520447040894084
 20
19.7345694691389397
 10
11.9380238760477546
 20
19.7345694691389397
  0
LWPOLYLINE
  5
587
100
AcDbEntity
  8
Component Shape Layer
 62
256
370
-1
 48
1.0
  6
ByLayer
100
AcDbPolyline
 90
4
 70
1
 10
8.0000101600203202
 20
29.1700584201168525
 10
3.0000101600203148
 20
29.1700584201168525
 10
3.0000101600203184
 20
0.8300533401066801
 10
8.0000101600203202
 20
0.8300533401066801
  0
LWPOLYLINE
  5
588
100
AcDbEntity
  8
Component Shape Layer
 62
256
370
-1
 48
1.0
  6
ByLayer
100
AcDbPolyline
 90
4
 70
1
 10
31.1900635001270032
 20
27.2500685801371638
 10
31.1900635001270032
 20
29.7500685801371638
 10
38.8100787401574863
 20
29.7500685801371638
 10
38.8100787401574863
 20
27.2500685801371638
  0
LWPOLYLINE
  5
589
100
AcDbEntity
  8
Component Shape Layer
 62
256
370
-1
 48
1.0
  6
ByLayer
100
AcDbPolyline
 90
4
 70
1
 10
78.6831623063246184
 20
2.2001143002286057
 10
61.2002057404114836
 20
2.2001143002286057
 10
61.2002057404114836
 20
9.7999364998729988
 10
78.6831623063246184
 20
9.7999364998730059
  0
LWPOLYLINE
  5
58A
100
AcDbEntity
  8
Component Shape Layer
 62
256
370
-1
 48
1.0
  6
ByLayer
100
AcDbPolyline
 90
4
 70
1
 10
78.6831623063246184
 20
20.2001498602997245
 10
61.2002057404114836
 20
20.2001498602997316
 10
61.2002057404114836
 20
27.7999720599441211
 10
78.6831623063246184
 20
27.7999720599441211
  0
LWPOLYLINE
  5
58B
100
AcDbEntity
  8
Component Shape Layer
 62
256
370
-1
 48
1.0
  6
ByLayer
100
AcDbPolyline
 90
4
 70
1
 10
11.4100330200660451
 20
23.8506477012954079
 10
8.9100076200152429
 20
23.8506477012954079
 10
8.9100076200152394
 20
28.9306578613157299
 10
11.4100330200660416
 20
28.9306578613157299
  0
LWPOLYLINE
  5
58C
100
AcDbEntity
  8
Component Shape Layer
 62
256
370
-1
 48
1.0
  6
ByLayer
100
AcDbPolyline
 90
4
 70
1
 10
11.9380238760477546
 20
30.1511303022606079
 10
22.3520447040894084
 20
30.1511303022606079
 10
22.3520447040894084
 20
19.7345694691389397
 10
11.9380238760477546
 20
19.7345694691389397
  0
LWPOLYLINE
  5
58D
100
AcDbEntity
  8
Component Shape Layer
 62
256
370
-1
 48
1.0
  6
ByLayer
100
AcDbPolyline
 90
4
 70
1
 10
8.0000101600203202
 20
29.1700584201168525
 10
3.0000101600203148
 20
29.1700584201168525
 10
3.0000101600203184
 20
0.8300533401066801
 10
8.0000101600203202
 20
0.8300533401066801
  0
LWPOLYLINE
  5
58E
100
AcDbEntity
  8
Component Shape Layer
 62
256
370
-1
 48
1.0
  6
ByLayer
100
AcDbPolyline
 90
4
 70
1
 10
31.1900635001270032
 20
27.2500685801371638
 10
31.1900635001270032
 20
29.7500685801371638
 10
38.8100787401574863
 20
29.7500685801371638
 10
38.8100787401574863
 20
27.2500685801371638
  0
LWPOLYLINE
  5
58F
100
AcDbEntity
  8
Component Shape Layer
 62
256
370
-1
 48
1.0
  6
ByLayer
100
AcDbPolyline
 90
4
 70
1
 10
78.6831623063246184
 20
2.2001143002286057
 10
61.2002057404114836
 20
2.2001143002286057
 10
61.2002057404114836
 20
9.7999364998729988
 10
78.6831623063246184
 20
9.7999364998730059
  0
LWPOLYLINE
  5
590
100
AcDbEntity
  8
Component Shape Layer
 62
256
370
-1
 48
1.0
  6
ByLayer
100
AcDbPolyline
 90
4
 70
1
 10
78.6831623063246184
 20
20.2001498602997245
 10
61.2002057404114836
 20
20.2001498602997316
 10
61.2002057404114836
 20
27.7999720599441211
 10
78.6831623063246184
 20
27.7999720599441211
  0
LWPOLYLINE
  5
591
100
AcDbEntity
  8
Component Shape Layer
 62
256
370
-1
 48
1.0
  6
ByLayer
100
AcDbPolyline
 90
4
 70
1
 10
11.4100330200660451
 20
23.8506477012954079
 10
8.9100076200152429
 20
23.8506477012954079
 10
8.9100076200152394
 20
28.9306578613157299
 10
11.4100330200660416
 20
28.9306578613157299
  0
DIMENSION
  5
592
100
AcDbEntity
  8
0
 62
256
370
-1
 48
1.0
  6
ByLayer
100
AcDbDimension
 10
-3.8322294470797384
 20
27.6609192356740863
 30
0.0
 11
-4.0
 21
18.0
 31
0.0
 70
128
 71
8
 72
2
 74
0
 75
0
 41
1.0
 42
0.0
  1

  3
Standard
100
AcDbAlignedDimension
 13
10.1603733748624183
 23
27.6609192356740863
 33
0.0
 14
2.0000050800101548
 24
30.0000609601219246
 34
0.0
 50
90.0
100
AcDbRotatedDimension
1001
ACAD
1000
DSTYLE
1002
{
1070
279
1070
2
1070
144
1040
1.0
1070
40
1040
1.0
1002
}
  0
DIMENSION
  5
593
100
AcDbEntity
  8
0
 62
256
370
-1
 48
1.0
  6
ByLayer
100
AcDbDimension
 10
-9.0
 20
30.0000609601219246
 30
0.0
 11
-10.875
 21
15.0000304800609587
 31
0.0
 70
0
 71
8
 72
2
 74
0
 75
0
 41
1.0
 42
0.0
  1

  3
Standard
100
AcDbAlignedDimension
 13
2.0000050800101548
 23
30.0000609601219246
 33
0.0
 14
2.0000050800101619
 24
-0.0000000000000071
 34
0.0
 50
90.0
100
AcDbRotatedDimension
1001
ACAD
1000
DSTYLE
1002
{
1070
144
1040
1.0
1070
40
1040
1.0
1002
}
  0
DIMENSION
  5
594
100
AcDbEntity
  8
0
 62
256
370
-1
 48
1.0
  6
ByLayer
100
AcDbDimension
 10
28.0
 20
24.3999999999999986
 30
0.0
 11
25.0
 21
20.0
 31
0.0
 70
128
 71
8
 72
2
 74
0
 75
0
 41
1.0
 42
0.0
  1

  3
Standard
100
AcDbAlignedDimension
 13
14.5999999999999996
 23
24.3999999999999986
 33
0.0
 14
2.0000050800101548
 24
30.0000609601219246
 34
0.0
 50
90.0
100
AcDbRotatedDimension
1001
ACAD
1000
DSTYLE
1002
{
1070
279
1070
2
1070
144
1040
1.0
1070
40
1040
1.0
1002
}
  0
DIMENSION
  5
595
100
AcDbEntity
  8
0
 62
256
370
-1
 48
1.0
  6
ByLayer
100
AcDbDimension
 10
43.581319935205272
 20
28.5036025508709194
 30
0.0
 11
41.0
 21
24.0
 31
0.0
 70
128
 71
8
 72
2
 74
0
 75
0
 41
1.0
 42
0.0
  1

  3
Standard
100
AcDbAlignedDimension
 13
37.5795326911495664
 23
28.5036025508709194
 33
0.0
 14
37.5795326911495664
 24
30.0000609601219246
 34
0.0
 50
90.0
100
AcDbRotatedDimension
1001
ACAD
1000
DSTYLE
1002
{
1070
279
1070
2
1070
144
1040
1.0
1070
40
1040
1.0
1002
}
  0
DIMENSION
  5
596
100
AcDbEntity
  8
0
 62
256
370
-1
 48
1.0
  6
ByLayer
100
AcDbDimension
 10
83.0381379124034993
 20
30.0000609601219246
 30
0.0
 11
81.1631379124034993
 21
27.0000304800609641
 31
0.0
 70
0
 71
8
 72
2
 74
0
 75
0
 41
1.0
 42
0.0
  1

  3
Standard
100
AcDbAlignedDimension
 13
68.0001346202692503
 23
30.0000609601219246
 33
0.0
 14
65.0
 24
24.0
 34
0.0
 50
90.0
100
AcDbRotatedDimension
1001
ACAD
1000
DSTYLE
1002
{
1070
144
1040
1.0
1070
40
1040
1.0
1002
}
  0
DIMENSION
  5
597
100
AcDbEntity
  8
0
 62
256
370
-1
 48
1.0
  6
ByLayer
100
AcDbDimension
 10
83.0
 20
24.0
 30
0.0
 11
81.125
 21
15.0
 31
0.0
 70
0
 71
8
 72
2
 74
0
 75
0
 41
1.0
 42
0.0
  1

  3
Standard
100
AcDbAlignedDimension
 13
65.0
 23
24.0
 33
0.0
 14
65.0
 24
6.0
 34
0.0
 50
90.0
100
AcDbRotatedDimension
1001
ACAD
1000
DSTYLE
1002
{
1070
144
1040
1.0
1070
40
1040
1.0
1002
}
  0
DIMENSION
  5
598
100
AcDbEntity
  8
0
 62
256
370
-1
 48
1.0
  6
ByLayer
100
AcDbDimension
 10
49.0
 20
26.0
 30
0.0
 11
47.125
 21
28.0
 31
0.0
 70
0
 71
8
 72
2
 74
0
 75
0
 41
1.0
 42
0.0
  1

  3
Standard
100
AcDbAlignedDimension
 13
56.0
 23
26.0
 33
0.0
 14
51.0
 24
30.0
 34
0.0
 50
90.0
100
AcDbRotatedDimension
1001
ACAD
1000
DSTYLE
1002
{
1070
144
1040
1.0
1070
40
1040
1.0
1002
}
  0
DIMENSION
  5
599
100
AcDbEntity
  8
0
 62
256
370
-1
 48
1.0
  6
ByLayer
100
AcDbDimension
 10
49.0
 20
26.0
 30
0.0
 11
47.125
 21
15.0
 31
0.0
 70
0
 71
8
 72
2
 74
0
 75
0
 41
1.0
 42
0.0
  1

  3
Standard
100
AcDbAlignedDimension
 13
56.0
 23
26.0
 33
0.0
 14
56.0
 24
4.0
 34
0.0
 50
90.0
100
AcDbRotatedDimension
1001
ACAD
1000
DSTYLE
1002
{
1070
144
1040
1.0
1070
40
1040
1.0
1002
}
  0
DIMENSION
  5
59A
100
AcDbEntity
  8
0
 62
256
370
-1
 48
1.0
  6
ByLayer
100
AcDbDimension
 10
0.0
 20
-4.9374974599949262
 30
0.0
 11
3.3999999999999999
 21
-3.0624974599949262
 31
0.0
 70
0
 71
8
 72
2
 74
0
 75
0
 41
1.0
 42
0.0
  1

  3
Standard
100
AcDbAlignedDimension
 13
0.0
 23
23.8175560218501268
 33
0.0
 14
6.7999999999999998
 24
23.5175001417383633
 34
0.0
 50
0.0
100
AcDbRotatedDimension
1001
ACAD
1000
DSTYLE
1002
{
1070
144
1040
1.0
1070
40
1040
1.0
1002
}
  0
DIMENSION
  5
59B
100
AcDbEntity
  8
0
 62
256
370
-1
 48
1.0
  6
ByLayer
100
AcDbDimension
 10
10.1781391400959116
 20
36.0
 30
0.0
 11
5.0890695700479558
 21
37.875
 31
0.0
 70
0
 71
8
 72
2
 74
0
 75
0
 41
1.0
 42
0.0
  1

  3
Standard
100
AcDbAlignedDimension
 13
10.1781391400959116
 23
27.6999999999999993
 33
0.0
 14
-0.0
 24
27.6609192356740827
 34
0.0
 50
0.0
100
AcDbRotatedDimension
1001
ACAD
1000
DSTYLE
1002
{
1070
144
1040
1.0
1070
40
1040
1.0
1002
}
  0
DIMENSION
  5
59C
100
AcDbEntity
  8
0
 62
256
370
-1
 48
1.0
  6
ByLayer
100
AcDbDimension
 10
10.1781391400959116
 20
36.0
 30
0.0
 11
14.9390695700479554
 21
37.875
 31
0.0
 70
0
 71
8
 72
2
 74
0
 75
0
 41
1.0
 42
0.0
  1

  3
Standard
100
AcDbAlignedDimension
 13
10.1781391400959116
 23
27.6395813541194642
 33
0.0
 14
19.6999999999999993
 24
24.2999999999999972
 34
0.0
 50
0.0
100
AcDbRotatedDimension
1001
ACAD
1000
DSTYLE
1002
{
1070
144
1040
1.0
1070
40
1040
1.0
1002
}
  0
DIMENSION
  5
59D
100
AcDbEntity
  8
0
 62
256
370
-1
 48
1.0
  6
ByLayer
100
AcDbDimension
 10
19.6999999999999993
 20
36.0
 30
0.0
 11
27.3500000000000014
 21
37.875
 31
0.0
 70
0
 71
8
 72
2
 74
0
 75
0
 41
1.0
 42
0.0
  1

  3
Standard
100
AcDbAlignedDimension
 13
19.6999999999999993
 23
24.3999999999999986
 33
0.0
 14
35.0
 24
28.4999999999999964
 34
0.0
 50
0.0
100
AcDbRotatedDimension
1001
ACAD
1000
DSTYLE
1002
{
1070
144
1040
1.0
1070
40
1040
1.0
1002
}
  0
DIMENSION
  5
59E
100
AcDbEntity
  8
0
 62
256
370
-1
 48
1.0
  6
ByLayer
100
AcDbDimension
 10
35.0
 20
36.0
 30
0.0
 11
45.5
 21
37.875
 31
0.0
 70
0
 71
8
 72
2
 74
0
 75
0
 41
1.0
 42
0.0
  1

  3
Standard
100
AcDbAlignedDimension
 13
35.0
 23
28.4999999999999964
 33
0.0
 14
56.0
 24
26.0
 34
0.0
 50
0.0
100
AcDbRotatedDimension
1001
ACAD
1000
DSTYLE
1002
{
1070
144
1040
1.0
1070
40
1040
1.0
1002
}
  0
DIMENSION
  5
59F
100
AcDbEntity
  8
0
 62
256
370
-1
 48
1.0
  6
ByLayer
100
AcDbDimension
 10
56.0
 20
36.0
 30
0.0
 11
60.5
 21
37.875
 31
0.0
 70
0
 71
8
 72
2
 74
0
 75
0
 41
1.0
 42
0.0
  1

  3
Standard
100
AcDbAlignedDimension
 13
56.0
 23
26.0
 33
0.0
 14
65.0
 24
24.0
 34
0.0
 50
0.0
100
AcDbRotatedDimension
1001
ACAD
1000
DSTYLE
1002
{
1070
144
1040
1.0
1070
40
1040
1.0
1002
}
  0
DIMENSION
  5
5A0
100
AcDbEntity
  8
0
 62
256
370
-1
 48
1.0
  6
ByLayer
100
AcDbDimension
 10
0.0
 20
-10.0
 30
0.0
 11
35.0000698501397096
 21
-8.125
 31
0.0
 70
0
 71
8
 72
2
 74
0
 75
0
 41
1.0
 42
0.0
  1

  3
Standard
100
AcDbAlignedDimension
 13
0.0
 23
2.0000050800101477
 33
0.0
 14
70.0001397002794192
 24
2.0000050800101583
 34
0.0
 50
0.0
100
AcDbRotatedDimension
1001
ACAD
1000
DSTYLE
1002
{
1070
144
1040
1.0
1070
40
1040
1.0
1002
}
  0
LEADER
  5
5A1
100
AcDbEntity
  8
0
 62
256
370
-1
 48
1.0
  6
ByLayer
100
AcDbLeader
  3
Standard
 71
1
 72
0
 73
3
 74
0
 75
0
 40
1.0
 41
10.0
 76
3
 10
56.0
 20
4.0
 10
50.0
 20
-4.0
 10
30.0
 20
-4.0
1001
ACAD
1000
DSTYLE
1002
{
1070
40
1040
1.0
1002
}
  0
MTEXT
  5
5A2
100
AcDbEntity
  8
0
 62
256
370
-1
 48
1.0
  6
ByLayer
100
AcDbMText
 10
33.0
 20
-1.0
 30
0.0
 40
2.5
 41
0.0
 71
1
 72
1
  1
M3.4*2
  7
textstyle32
 50
0.0
 73
2
 44
1.0
  0
DIMENSION
  5
5A3
100
AcDbEntity
  8
0
 62
256
370
-1
 48
1.0
  6
ByLayer
100
AcDbDimension
 10
65.0
 20
36.0
 30
0.0
 11
67.5000698501397096
 21
37.875
 31
0.0
 70
0
 71
8
 72
2
 74
0
 75
0
 41
1.0
 42
0.0
  1

  3
Standard
100
AcDbAlignedDimension
 13
65.0
 23
24.0
 33
0.0
 14
70.0001397002794192
 24
27.7999720599441247
 34
0.0
 50
0.0
100
AcDbRotatedDimension
1001
ACAD
1000
DSTYLE
1002
{
1070
144
1040
1.0
1070
40
1040
1.0
1002
}
  0
ENDSEC
  0
SECTION
  2
OBJECTS
  0
DICTIONARY
  5
C
100
AcDbDictionary
280
0
281
1
  3
ACAD_GROUP
350
D
  3
ACAD_LAYOUT
350
1A
  3
ACAD_MLINESTYLE
350
17
  3
ACAD_PLOTSETTINGS
350
19
  3
ACAD_PLOTSTYLENAME
350
E
  3
AcDbVariableDictionary
350
5A4
  3
QCAD_OBJECTS
350
5A5
  0
DICTIONARY
  5
D
100
AcDbDictionary
280
0
281
1
  0
ACDBDICTIONARYWDFLT
  5
E
100
AcDbDictionary
281
1
  3
Normal
350
F
100
AcDbDictionaryWithDefault
340
F
  0
ACDBPLACEHOLDER
  5
F
  0
DICTIONARY
  5
17
100
AcDbDictionary
280
0
281
1
  3
Standard
350
18
  0
MLINESTYLE
  5
18
100
AcDbMlineStyle
  2
STANDARD
 70
0
  3

 62
256
 51
90.0
 52
90.0
 71
2
 49
0.5
 62
256
  6
BYLAYER
 49
-0.5
 62
256
  6
BYLAYER
  0
DICTIONARY
  5
19
100
AcDbDictionary
280
0
281
1
  0
DICTIONARY
  5
1A
100
AcDbDictionary
281
1
  3
Layout1
350
1E
  3
Layout2
350
26
  3
Model
350
22
  0
LAYOUT
  5
1E
100
AcDbPlotSettings
  1

  2
none_device
  4

  6

 40
0.0
 41
0.0
 42
0.0
 43
0.0
 44
0.0
 45
0.0
 46
0.0
 47
0.0
 48
0.0
 49
0.0
140
0.0
141
0.0
142
1.0
143
1.0
 70
688
 72
0
 73
0
 74
5
  7

 75
16
147
1.0
148
0.0
149
0.0
100
AcDbLayout
  1
Layout1
 70
1
 71
1
 10
0.0
 20
0.0
 11
420.0
 21
297.0
 12
0.0
 22
0.0
 32
0.0
 14
100000000000000000000.0
 24
100000000000000000000.0
 34
100000000000000000000.0
 15
-100000000000000000000.0
 25
-100000000000000000000.0
 35
-100000000000000000000.0
146
0.0
 13
0.0
 23
0.0
 33
0.0
 16
1.0
 26
0.0
 36
0.0
 17
0.0
 27
1.0
 37
0.0
 76
0
330
1B
  0
LAYOUT
  5
22
100
AcDbPlotSettings
  1

  2
none_device
  4

  6

 40
0.0
 41
0.0
 42
0.0
 43
0.0
 44
0.0
 45
0.0
 46
0.0
 47
0.0
 48
0.0
 49
0.0
140
0.0
141
0.0
142
1.0
143
1.0
 70
1712
 72
0
 73
0
 74
0
  7

 75
0
147
1.0
148
0.0
149
0.0
100
AcDbLayout
  1
Model
 70
1
 71
0
 10
0.0
 20
0.0
 11
12.0
 21
9.0
 12
0.0
 22
0.0
 32
0.0
 14
0.0
 24
0.0
 34
0.0
 15
0.0
 25
0.0
 35
0.0
146
0.0
 13
0.0
 23
0.0
 33
0.0
 16
1.0
 26
0.0
 36
0.0
 17
0.0
 27
1.0
 37
0.0
 76
0
330
1F
  0
LAYOUT
  5
26
100
AcDbPlotSettings
  1

  2
none_device
  4

  6

 40
0.0
 41
0.0
 42
0.0
 43
0.0
 44
0.0
 45
0.0
 46
0.0
 47
0.0
 48
0.0
 49
0.0
140
0.0
141
0.0
142
1.0
143
1.0
 70
688
 72
0
 73
0
 74
5
  7

 75
16
147
1.0
148
0.0
149
0.0
100
AcDbLayout
  1
Layout2
 70
1
 71
2
 10
0.0
 20
0.0
 11
12.0
 21
9.0
 12
0.0
 22
0.0
 32
0.0
 14
0.0
 24
0.0
 34
0.0
 15
0.0
 25
0.0
 35
0.0
146
0.0
 13
0.0
 23
0.0
 33
0.0
 16
1.0
 26
0.0
 36
0.0
 17
0.0
 27
1.0
 37
0.0
 76
0
330
23
  0
DICTIONARY
  5
5A4
100
AcDbDictionary
281
1
  3
DIMASSOC
350
5A7
  3
HIDETEXT
350
5A6
  0
DICTIONARYVAR
  5
5A6
100
DictionaryVariables
280
0
  1
2
  0
DICTIONARYVAR
  5
5A7
100
DictionaryVariables
280
0
  1
1
  0
DICTIONARY
  5
5A5
100
AcDbDictionary
281
1
  3
ColorSettings/BackgroundColor
350
5A8
  3
ColorSettings/ColorMode
350
5A9
  3
DimensionSettings/AngularFormat
350
5AA
  3
DimensionSettings/AngularPrecision
350
5AB
  3
DimensionSettings/DecimalPoint
350
5AC
  3
DimensionSettings/DimensionFont
350
5AD
  3
DimensionSettings/DimensionTextColor
350
5AE
  3
DimensionSettings/KeepProportions
350
5AF
  3
DimensionSettings/LinearFormat
350
5B0
  3
DimensionSettings/LinearPrecision
350
5B1
  3
Grid/DisplayGrid00
350
5B2
  3
Grid/DisplayGrid01
350
5B3
  3
Grid/DisplayGrid02
350
5B4
  3
Grid/DisplayGrid03
350
5B5
  3
Grid/GridSpacingX00
350
5B6
  3
Grid/GridSpacingX01
350
5B7
  3
Grid/GridSpacingX02
350
5B8
  3
Grid/GridSpacingX03
350
5B9
  3
Grid/GridSpacingY00
350
5BA
  3
Grid/GridSpacingY01
350
5BB
  3
Grid/GridSpacingY02
350
5BC
  3
Grid/GridSpacingY03
350
5BD
  3
Grid/IsometricGrid00
350
5BE
  3
Grid/IsometricGrid01
350
5BF
  3
Grid/IsometricGrid02
350
5C0
  3
Grid/IsometricGrid03
350
5C1
  3
Grid/IsometricProjection00
350
5C2
  3
Grid/IsometricProjection01
350
5C3
  3
Grid/IsometricProjection02
350
5C4
  3
Grid/IsometricProjection03
350
5C5
  3
Grid/MetaGridSpacingX00
350
5C6
  3
Grid/MetaGridSpacingX01
350
5C7
  3
Grid/MetaGridSpacingX02
350
5C8
  3
Grid/MetaGridSpacingX03
350
5C9
  3
Grid/MetaGridSpacingY00
350
5CA
  3
Grid/MetaGridSpacingY01
350
5CB
  3
Grid/MetaGridSpacingY02
350
5CC
  3
Grid/MetaGridSpacingY03
350
5CD
  3
MultiPageSettings/Columns
350
5CE
  3
MultiPageSettings/GlueMarginsBottom
350
5CF
  3
MultiPageSettings/GlueMarginsLeft
350
5D0
  3
MultiPageSettings/GlueMarginsRight
350
5D1
  3
MultiPageSettings/GlueMarginsTop
350
5D2
  3
MultiPageSettings/PrintCropMarks
350
5D3
  3
MultiPageSettings/Rows
350
5D4
  3
PageSettings/OffsetX
350
5D5
  3
PageSettings/OffsetY
350
5D6
  3
PageSettings/PageOrientation
350
5D7
  3
PageSettings/PaperHeight
350
5D8
  3
PageSettings/PaperWidth
350
5D9
  3
PageSettings/Scale
350
5DA
  3
PageSettings/ShowPaperBorders
350
5DB
  3
PageTagSettings/EnablePageTags
350
5DC
  3
PageTagSettings/TagAlignment
350
5DD
  3
PageTagSettings/TagFont
350
5DE
  3
PageTagSettings/TagPosition
350
5DF
  3
QCADVersion
350
5E0
  3
UnitSettings/PaperUnit
350
5E1
  3
ViewportCenter
350
5E2
  3
ViewportHeight
350
5E3
  3
ViewportWidth
350
5E4
  0
XRECORD
  5
5A8
330
5A5
100
AcDbXrecord
280
1
1000
\U+767d\U+8272
  0
XRECORD
  5
5A9
330
5A5
100
AcDbXrecord
280
1
1000
FullColor
  0
XRECORD
  5
5AA
330
5A5
100
AcDbXrecord
280
1
 90
0
  0
XRECORD
  5
5AB
330
5A5
100
AcDbXrecord
280
1
 90
0
  0
XRECORD
  5
5AC
330
5A5
100
AcDbXrecord
280
1
 90
46
  0
XRECORD
  5
5AD
330
5A5
100
AcDbXrecord
280
1
1000
\U+5b8b\U+4f53
  0
XRECORD
  5
5AE
330
5A5
100
AcDbXrecord
280
1
1000
\U+6309\U+56fe\U+5c42
  0
XRECORD
  5
5AF
330
5A5
100
AcDbXrecord
280
1
290
0
  0
XRECORD
  5
5B0
330
5A5
100
AcDbXrecord
280
1
 90
2
  0
XRECORD
  5
5B1
330
5A5
100
AcDbXrecord
280
1
 90
2
  0
XRECORD
  5
5B2
330
5A5
100
AcDbXrecord
280
1
290
1
  0
XRECORD
  5
5B3
330
5A5
100
AcDbXrecord
280
1
290
1
  0
XRECORD
  5
5B4
330
5A5
100
AcDbXrecord
280
1
290
1
  0
XRECORD
  5
5B5
330
5A5
100
AcDbXrecord
280
1
290
1
  0
XRECORD
  5
5B6
330
5A5
100
AcDbXrecord
280
1
1000
auto
  0
XRECORD
  5
5B7
330
5A5
100
AcDbXrecord
280
1
1000
auto
  0
XRECORD
  5
5B8
330
5A5
100
AcDbXrecord
280
1
1000
auto
  0
XRECORD
  5
5B9
330
5A5
100
AcDbXrecord
280
1
1000
auto
  0
XRECORD
  5
5BA
330
5A5
100
AcDbXrecord
280
1
1000
auto
  0
XRECORD
  5
5BB
330
5A5
100
AcDbXrecord
280
1
1000
auto
  0
XRECORD
  5
5BC
330
5A5
100
AcDbXrecord
280
1
1000
auto
  0
XRECORD
  5
5BD
330
5A5
100
AcDbXrecord
280
1
1000
auto
  0
XRECORD
  5
5BE
330
5A5
100
AcDbXrecord
280
1
290
0
  0
XRECORD
  5
5BF
330
5A5
100
AcDbXrecord
280
1
290
0
  0
XRECORD
  5
5C0
330
5A5
100
AcDbXrecord
280
1
290
0
  0
XRECORD
  5
5C1
330
5A5
100
AcDbXrecord
280
1
290
0
  0
XRECORD
  5
5C2
330
5A5
100
AcDbXrecord
280
1
 90
65537
  0
XRECORD
  5
5C3
330
5A5
100
AcDbXrecord
280
1
 90
65537
  0
XRECORD
  5
5C4
330
5A5
100
AcDbXrecord
280
1
 90
65537
  0
XRECORD
  5
5C5
330
5A5
100
AcDbXrecord
280
1
 90
65537
  0
XRECORD
  5
5C6
330
5A5
100
AcDbXrecord
280
1
1000
auto
  0
XRECORD
  5
5C7
330
5A5
100
AcDbXrecord
280
1
1000
auto
  0
XRECORD
  5
5C8
330
5A5
100
AcDbXrecord
280
1
1000
auto
  0
XRECORD
  5
5C9
330
5A5
100
AcDbXrecord
280
1
1000
auto
  0
XRECORD
  5
5CA
330
5A5
100
AcDbXrecord
280
1
1000
auto
  0
XRECORD
  5
5CB
330
5A5
100
AcDbXrecord
280
1
1000
auto
  0
XRECORD
  5
5CC
330
5A5
100
AcDbXrecord
280
1
1000
auto
  0
XRECORD
  5
5CD
330
5A5
100
AcDbXrecord
280
1
1000
auto
  0
XRECORD
  5
5CE
330
5A5
100
AcDbXrecord
280
1
 90
1
  0
XRECORD
  5
5CF
330
5A5
100
AcDbXrecord
280
1
 40
10.0
  0
XRECORD
  5
5D0
330
5A5
100
AcDbXrecord
280
1
 40
10.0
  0
XRECORD
  5
5D1
330
5A5
100
AcDbXrecord
280
1
 40
10.0
  0
XRECORD
  5
5D2
330
5A5
100
AcDbXrecord
280
1
 40
10.0
  0
XRECORD
  5
5D3
330
5A5
100
AcDbXrecord
280
1
290
0
  0
XRECORD
  5
5D4
330
5A5
100
AcDbXrecord
280
1
 90
1
  0
XRECORD
  5
5D5
330
5A5
100
AcDbXrecord
280
1
 40
-19.1228920103410047
  0
XRECORD
  5
5D6
330
5A5
100
AcDbXrecord
280
1
 40
-15.0158359388245231
  0
XRECORD
  5
5D7
330
5A5
100
AcDbXrecord
280
1
1000
Landscape
  0
XRECORD
  5
5D8
330
5A5
100
AcDbXrecord
280
1
 40
297.0
  0
XRECORD
  5
5D9
330
5A5
100
AcDbXrecord
280
1
 40
210.0
  0
XRECORD
  5
5DA
330
5A5
100
AcDbXrecord
280
1
 40
2.6899999999999999
  0
XRECORD
  5
5DB
330
5A5
100
AcDbXrecord
280
1
290
1
  0
XRECORD
  5
5DC
330
5A5
100
AcDbXrecord
280
1
290
0
  0
XRECORD
  5
5DD
330
5A5
100
AcDbXrecord
280
1
1000
Inside
  0
XRECORD
  5
5DE
330
5A5
100
AcDbXrecord
280
1
1000
Arial,10,-1,5,50,0,0,0,0,0
  0
XRECORD
  5
5DF
330
5A5
100
AcDbXrecord
280
1
1000
TopLeft
  0
XRECORD
  5
5E0
330
5A5
100
AcDbXrecord
280
1
1000
3.29.4
  0
XRECORD
  5
5E1
330
5A5
100
AcDbXrecord
280
1
 90
4
  0
XRECORD
  5
5E3
330
5A5
100
AcDbXrecord
280
1
 40
76.9127509948585981
  0
XRECORD
  5
5E4
330
5A5
100
AcDbXrecord
280
1
 40
192.09055223591551
  0
ENDSEC
  0
EOF
